,SearchTerm,BusinessName,UBINumber,BusinessId,Address,address_match,ubi_match,id_match,IsMatch
0,1515 DEXTER LLC,1515 DEXTER LLC,604 195 132,1166523,"1924 1ST AVE STE 300, C/O BURRARD PROPERTIES INC., SEATTLE, WA, 98101-4802, UNITED STATES",False,False,False,
1,CCP QUEEN ANNE 0462 LLC,CCP QUEEN ANNE 0462 LLC,603 526 484,623927,"C/O SABRA HEALTH CARE REIT, INC., 18500 VON KARMAN AVENUE, SUITE 550, IRVINE, CA, 92612, UNITED STATES",False,False,False,
2,ALPHA Z SEATTLE OFFICE 1 LLC,"ALPHA Z SEATTLE OFFICE 1, LLC",604 674 998,1411313,"FOUR WORLD TRADE CENTER / 150 GREENWICH STREET, NEW YORK, NY, 10007, UNITED STATES",False,False,False,
3,MIRABELLA,MIRABELLA,602 460 428,835656,"116 FAIRVIEW AVE N, SEATTLE, WA, 98109-5360, UNITED STATES",True,False,False,
4,MIRABELLA,COBA MIRABELLA LLC,604 656 461,1387313,"16516 119TH AVENUE CT E, PUYALLUP, WA, 98374-9517, UNITED STATES",True,False,False,
5,MIRABELLA,MIRABELLA COURT CONDOMINIUMS OWNERS ASSOCIATION,602 783 489,843574,"3516 S 47TH ST STE 205, TACOMA, WA, 98409-4475, UNITED STATES",False,False,False,
6,MIRABELLA,"MIRABELLA ENTERPRISES, LLC",602 971 675,323803,"26414 68TH AVE S, KENT, WA, 98032, UNITED STATES",False,False,False,
7,MIRABELLA,"MIRABELLA HEALING ARTS, LLC",604 657 103,1384539,"14104 194TH AVE NE, WOODINVILLE, WA, 98077-7844, UNITED STATES",False,False,False,
8,MIRABELLA,MIRABELLA HOA,604 861 212,1524378,"16516 119TH AVENUE CT E, PUYALLUP, WA, 98374-9517, UNITED STATES",True,False,False,
9,MIRABELLA,"MIRABELLA II, LLC",602 673 869,843575,"412 5TH AVE S, SEATTLE, WA, 98104, UNITED STATES",False,False,False,
10,MIRABELLA,MIRABELLA SALON LLC,605 006 406,1618647,"702 15TH ST, CLARKSTON, WA, 99403-2326, UNITED STATES",False,False,False,
11,MIRABELLA,"MIRABELLA VENTURES, LLC",604 119 858,1133602,"16516 119TH AVENUE CT E, PUYALLUP, WA, 98374-9517, UNITED STATES",True,False,False,
12,MIRABELLA,MIRABELLA WASHINGTON FOUNDATION,602 765 961,353203,"116 FAIRVIEW AVE N, SEATTLE, WA, 98109-5360, UNITED STATES",True,False,False,
13,MIRABELLA,"MIRABELLA5 HOLDINGS, LLC",603 614 755,333039,"4370 LA JOLLA VILLAGE DR STE 960, SAN DIEGO, CA, 92122-1253, UNITED STATES",True,False,False,
14,MIRABELLA,"SREIT MIRABELLA, L.L.C.",604 815 988,1500974,"2340 COLLINS AVENUE, MIAMI BEACH, FL, 33139, UNITED STATES",False,False,False,
15,MIRABELLA,"STRATA MIRABELLA, LCC",603 534 966,448237,,False,True,True,
16,MIRABELLA,"STRATA MIRABELLA, LLC",603 534 966,448237,"4370 LA JOLLA VILLAGE DR STE 960, SAN DIEGO, CA, 92122-1253, UNITED STATES",True,True,True,
17,MIRABELLA,UNIT OWNERS ASSOCIATION OF MIRABELLA SQUARE CONDOMINIUM,602 760 079,1070702,"3717 CEDAR GLEN WAY, ANACORTES, WA, 98221, UNITED STATES",False,False,False,
18,MIRABELLA,WALLINGFORD MIRABELLA LLC,601 886 232,1052104,"720 SENECA ST STE B, SEATTLE, WA, 98101-3265, UNITED STATES",False,False,False,
19,1255 WESTLAKE LLC,1255 WESTLAKE LLC,604 511 560,1311866,"1300 DEXTER AVE N, SEATTLE, WA, 98109-3571, UNITED STATES",False,False,False,
20,SEATTLE CANCER CARE ALLIANCE,SEATTLE CANCER CARE ALLIANCE,601 883 375,972187,,False,True,True,
21,SEATTLE CANCER CARE ALLIANCE,FRED HUTCHINSON CANCER CENTER,601 883 375,972187,"1100 FAIRVIEW AVE N, SEATTLE, WA, 98109-4433, UNITED STATES",False,True,True,
22,SEATTLE CANCER CARE ALLIANCE,SEATTLE CANCER CARE ALLIANCE HOUSE,602 740 118,424727,"207 PONTIUS AVE N, SEATTLE, WA, 98109, UNITED STATES",False,False,False,
23,BMR WESTLAKE LLC,BMR-WESTLAKE LLC,603 456 849,71648,"4570 EXECUTIVE DR STE 400, SAN DIEGO, CA, 92121-3074, UNITED STATES",True,False,False,
24,BMR WESTLAKE LLC,BRE-BMR 1101 WESTLAKE LLC,604 900 062,1552532,"4570 EXECUTIVE DR STE 400, SAN DIEGO, CA, 92121-3074, UNITED STATES",True,False,False,
25,NBINV AP2 LLC,"NBINV AP2, LLC",604 147 541,863493,"3100 SANDERS RD, NORTHBROOK, IL, 60062-7155, UNITED STATES",False,False,False,
26,DOUBLEUP LLC,"DOUBLE U PROPERTY MANAGEMENT GROUP, LLC",605 066 686,1637976,"2005 S FRUITLAND, PUYALLUP, WA, 98371-7347, UNITED STATES",False,False,False,
27,DOUBLEUP LLC,DOUBLE UP BARBER STUDIO LLC,604 736 413,1441429,"1617 E ALDER ST STE A, WALLA WALLA, WA, 99362-2655, UNITED STATES",False,False,False,
28,DOUBLEUP LLC,DOUBLE UP LLC,604 013 236,149186,"22626 NE INGLEWOOD HILL RD #932, SAMMAMISH, WA, 98074, UNITED STATES",False,False,False,
29,DOUBLEUP LLC,DOUBLE UP LLC,604 375 766,1255935,"3019 DUPORTAIL STREET, #140, WEST RICHLAND, WA, 99352, UNITED STATES",False,False,False,
30,DOUBLEUP LLC,"DOUBLE UP RANCH, INC.",602 346 626,149187,"706 S DIVISION ST, RITZVILLE, WA, 99169-2233, UNITED STATES",False,False,False,
31,DOUBLEUP LLC,"DOUBLE UP RISING INVESTORS, LLC",604 694 776,1420981,"100 ANDOVER PARK W STE 150-299, TUKWILA, WA, 98188-2802, UNITED STATES",False,False,False,
32,DOUBLEUP LLC,DOUBLE UP TRANSPORTATION LLC,604 507 213,1305844,"2620 SW 332ND PL, FEDERAL WAY, WA, 98023-2746, UNITED STATES",False,False,False,
33,DOUBLEUP LLC,DOUBLEUPDIAMONDS LLC,604 805 579,1493767,"1511 DEXTER AVE N APT 510, SEATTLE, WA, 98109-3296, UNITED STATES",False,False,False,
34,DOUBLEUP LLC,KDOUBLEUP LLC,603 127 904,805999,"3406 NW 126TH ST, VANCOUVER, WA, 98685-2249, UNITED STATES",False,False,False,
35,CITY INVESTORS XXII LLC,CITY INVESTORS XXII L.L.C.,602 012 568,1104919,"505 5TH AVE S STE 900, SEATTLE, WA, 98104-3821, UNITED STATES",False,False,False,
36,CITY INVESTORS XXII LLC,CITY INVESTORS XXIII L.L.C.,602 520 072,99191,"505 5TH AVE S STE 900, SEATTLE, WA, 98104, UNITED STATES",False,False,False,
37,4 & 9 TWENTY-FIVE LLC,"4 & 9 TWENTY-FIVE, LLC",604 433 262,1275346,"425 WESTLAKE AVE N, SEATTLE, WA, 98109-5221, UNITED STATES",False,False,False,
38,WASHINGTON BUILDERS LLC,WASHINGTON BUILDERS LLC,603 293 617,1054117,"505 5TH AVE S #900, SEATTLE, WA, 98104, UNITED STATES",False,False,False,
39,WASHINGTON BUILDERS LLC,CENTRAL WASHINGTON HOME BUILDERS ASSOCIATION,601 135 560,1103901,"3301 W NOB HILL BLVD, YAKIMA, WA, 98902-4962, UNITED STATES",True,False,False,
40,WASHINGTON BUILDERS LLC,CENTRAL WASHINGTON HOME BUILDERS ASSOCIATION FOUNDATION,604 174 526,607889,"3301 W NOB HILL BLVD, YAKIMA, WA, 98902-4962, UNITED STATES",True,False,False,
41,WASHINGTON BUILDERS LLC,WASHINGTON BUILDERS & CONTRACTING SERVICES INC.,602 152 242,1054116,,False,False,False,
42,WASHINGTON BUILDERS LLC,"WASHINGTON DOCK BUILDERS, INC.",601 982 802,324854,"18 37TH ST NW, AUBURN, WA, 98001, UNITED STATES",False,False,False,
43,WASHINGTON BUILDERS LLC,"WASHINGTON ESTATE BUILDER, LLC",601 890 570,324973,"6823 SW CANYON RD, PORTLAND, OR, 97225",False,False,False,
44,WASHINGTON BUILDERS LLC,WASHINGTON GREEN BUILDERS LLC,603 334 757,1068223,"16022 59TH STREET CT NW, LAKEBAY, WA, 98349, UNITED STATES",False,False,False,
45,WASHINGTON BUILDERS LLC,WASHINGTON HOME BUILDERS FOUNDATION,603 226 127,1052891,"300 DESCHUTES WAY SW STE 300, TUMWATER, WA, 98501-7719, UNITED STATES",False,False,False,
46,WASHINGTON BUILDERS LLC,WASHINGTON PRO BUILDERS LLC,604 955 017,1584092,"12638 10TH AVE S, SEATTLE, WA, 98168-2239, UNITED STATES",False,False,False,
47,WASHINGTON BUILDERS LLC,"WASHINGTON STATE BOAT BUILDERS & ASSOCIATES, INC.",601 821 699,1068439,"5601 6TH AVE S #400, SEATTLE, WA, 98108, UNITED STATES",False,False,False,
48,WASHINGTON BUILDERS LLC,"WASHINGTON TRUCK REBUILDERS, INC.",601 339 334,549619,"225 NW CASCADE AVE # 1132, CHEHALIS, WA, 98532-2085, UNITED STATES",False,False,False,
49,WASHINGTON BUILDERS LLC,WESTERN WASHINGTON BUILDERS LLC,604 882 983,1544426,"1930 NE TAHUYA RIVER DR, TAHUYA, WA, 98588-9643, UNITED STATES",False,False,False,
50,WASHINGTON BUILDERS LLC,"WP WASHINGTON BUILDERS, LLC",604 760 092,1465456,"3715 NORTHSIDE PKWY NW BLDG 400-600, ATLANTA, GA, 30327-2857, UNITED STATES",False,False,False,
51,WESTLAKE II HOUSING LLC,WESTLAKE II HOUSING LLC,602 593 620,1048310,"100 23RD AVE S, SEATTLE, WA, 98144, UNITED STATES",False,False,False,
52,ZINDORF 7 TH AVENUE LLC,ZINDORF 7TH AVENUE LLC,604 216 574,1179110,"2801 ALASKAN WAY, SEATTLE, WA, 98121-1134, UNITED STATES",False,False,False,
53,LANDES 84 LLC,"LANDES 84, LLC",603 259 905,188445,"737 OLIVE WAY PH1, SEATTLE, WA, 98101, UNITED STATES",False,False,False,
54,TW FAIRMOUNT PARTNERS L P,TW FAIRMOUNT PARTNERS LP,602 966 962,509515,"1907 1ST AVE, SEATTLE, WA, 98101-1039, UNITED STATES",False,False,False,
55,PINE & MINOR APARTMENTS LLC,PINE & MINOR APARTMENTS LLC,603 460 280,904936,"1551 MINOR AVE, SEATTLE, WA, 98101-3142, UNITED STATES",False,False,False,
56,JJ&G CAMLIN LLC,"JJ&G CAMLIN, LLC",602 870 263,769751,"2001 WESTERN AVE #330, SEATTLE, WA, 98121, UNITED STATES",False,False,False,
57,1 BOND TOWER LLC,"1 BOND TOWER, LLC",603 393 469,768,"2100 MCKINNEY AVE #800, DALLAS, TX, 75201, UNITED STATES",False,False,False,
58,1915 3RD AVE LP,1915 3RD AVE LLC,603 558 821,2922,"918 SOUTH ST STE 1018, SEATTLE, WA, 98134, UNITED STATES",False,False,False,
59,1915 3RD AVE LP,1915 3RD AVENUE L.P. DBA LOW TIDE 1915 3RD AVENUE L.P.,604 358 740,1244940,"2 INTERNATIONAL PL, BOSTON, MA, 02110-4104, UNITED STATES",False,False,False,
60,THC-SEATTLE INC,"BATH CENTER OF SEATTLE, CORP.",602 109 457,569851,"18388 REDMOND WAY, REDMOND, WA, 98052-5012, UNITED STATES",False,False,False,
61,THC-SEATTLE INC,"BATHCREST OF SEATTLE, LLC",604 480 297,1294700,"620 SW 149TH ST APT C, BURIEN, WA, 98166-1970, UNITED STATES",False,False,False,
62,THC-SEATTLE INC,COMMUNITY HEALTH COUNCIL OF SEATTLE/KING  COUNTY,601 196 296,117075,"955 POWELL AVE SW, RENTON, WA, 98057, UNITED STATES",False,False,False,
63,THC-SEATTLE INC,"EVERGREEN WASHINGTON HEALTHCARE SEATTLE, L.L.C.",601 771 724,195872,"555 16TH AVE, SEATTLE, WA, 98122-5618, UNITED STATES",False,False,False,
64,THC-SEATTLE INC,"FOURTEENTH CHURCH OF CHRIST, SCIENTIST, SEATTLE, WASHINGTON",601 144 645,697082,"3601 SW BARTON ST, SEATTLE, WA, 98126-3841, UNITED STATES",False,False,False,
65,THC-SEATTLE INC,"INTEGRATED HEALTH CENTER OF SEATTLE, PLLC",603 300 399,751325,"18920 BOTHELL WAY NE STE 100, BOTHELL, WA, 98011, UNITED STATES",False,False,False,
66,THC-SEATTLE INC,"JARSMITH CONSULTING SEATTLE, LLC",603 340 330,169745,"3010 HARBORVIEW DR, STE. 202, GIG HARBOR, WA, 98335-1977, UNITED STATES",False,False,False,
67,THC-SEATTLE INC,"KIWANIS CLUB OF NORTH CENTRAL, SEATTLE, WASHINGTON",601 830 726,305265,"16749 SHORE DR NE, LK FOREST PK, WA, 98155-5633, UNITED STATES",False,False,False,
68,THC-SEATTLE INC,"NORTHCAL SEATTLE GREEN, LLC",602 937 293,858440,,True,False,False,
69,THC-SEATTLE INC,PLYMOUTH CONGREGATIONAL CHURCH OF SEATTLE,600 641 112,379459,"1217 6TH AVE, SEATTLE, WA, 98101-3107, UNITED STATES",False,False,False,
70,THC-SEATTLE INC,"THC-SEATTLE, INC.",601 516 203,971996,,True,True,True,
71,THC-SEATTLE INC,"THC-SEATTLE, LLC",601 516 203,971996,"680 S 4TH ST, LOUISVILLE, KY, 40202-2407, UNITED STATES",False,True,True,
72,THC-SEATTLE INC,"TWELFTH CHURCH OF CHRIST, SCIENTIST, SEATTLE, WASHINGTON",601 822 156,1079293,"1700 28TH AVE W, SEATTLE, WA, 98199-4207, UNITED STATES",False,False,False,
73,SCD 2U LLC,SCD 2U LLC,603 490 488,965330,"389 INTERPACE PKWY, 5TH FLOOR, PARSIPPANY, NJ, 07054-1132, UNITED STATES",False,False,False,
74,SCD 2U LLC,SCD 2U CM LLC,604 672 455,1405277,"389 INTERPACE PKWY STE 5, PARSIPPANY, NJ, 07054-1132, UNITED STATES",True,False,False,
75,SCD 2U LLC,SCD 2U ML LLC,604 666 471,1401967,"389 INTERPACE PKWY STE 5, PARSIPPANY, NJ, 07054-1132, UNITED STATES",True,False,False,
76,NORTH BLOCK SPRING STREET DEVELOPMENT LLC,NORTH BLOCK SPRING STREET DEVELOPMENT LLC,603 422 280,352657,,False,True,True,
77,NORTH BLOCK SPRING STREET DEVELOPMENT LLC,NORTH BLOCK SPRING STREET DEVELOPMENT LLC,603 422 280,352657,"1201 3RD AVE STE 3000, SEATTLE, WA, 98101-3013, UNITED STATES",False,True,True,
78,ARE SEATTLE NO 11 LLC,"ARE-SEATTLE NO. 11, LLC",602 425 301,549009,"251 LITTLE FALLS DR, WILMINGTON, DE, 19808-1674, UNITED STATES",False,False,False,
79,BLAKE/EASTLAKE LLC,"BLAKE/EASTLAKE, LLC",602 634 298,85516,"2633 EASTLAKE AVE E #307, SEATTLE, WA, 98102, UNITED STATES",False,False,False,
80,R D MERRILL AT FAIRVIEW LLC,"R.D. MERRILL AT FAIRVIEW, LLC",602 686 669,950894,"1938 FAIRVIEW AVE E STE 300, SEATTLE, WA, 98102-3650, UNITED STATES",False,False,False,
81,BSOP1 LLC,BSOP1 LLC,602 690 385,605051,"1910 FAIRVIEW AVE E, STE 500, SEATTLE, WA, 98102-3620, UNITED STATES",False,False,False,
82,AREIS GROUP LLC,AREIS GROUP LLC,602 393 743,549011,"2358 EASTLAKE AVE, SEATTLE, WA, 98102, UNITED STATES",False,False,False,
83,AREIS GROUP LLC,"ALVAREZ & MARSAL HEALTHCARE INDUSTRY GROUP, LLC",602 839 113,1095385,"600 MADISON AVENUE, 8TH FLOOR, NEW YORK, NY, 10022, UNITED STATES",False,False,False,
84,AREIS GROUP LLC,"CANCER CARE INVESTMENT GROUP, LLC",603 142 824,89087,"1204 VERCLER RD, STE 101, SPOKANE, WA, 99216-1020, UNITED STATES",False,False,False,
85,AREIS GROUP LLC,"CARE INVESTMENT GROUP, LLC",604 956 287,1593727,"19215 SE 34TH ST STE 106-150, CAMAS, WA, 98607-8829, UNITED STATES",False,False,False,
86,AREIS GROUP LLC,CHICAS REINAS DANCING GROUP,602 952 512,616188,"2432 FIELDVIEW DR, FERNDALE, WA, 98248-9222, UNITED STATES",False,False,False,
87,AREIS GROUP LLC,"GENESA REIMBURSEMENT GROUP, LLC",604 305 166,1222424,"906 W 2ND AVE STE 100, SPOKANE, WA, 99201-4540, UNITED STATES",False,False,False,
88,AREIS GROUP LLC,"HEALTHCARE INSURANCE GROUP, INC.",603 204 936,735807,"400 112TH AVE NE STE 325, BELLEVUE, WA, 98004-5523, UNITED STATES",False,False,False,
89,AREIS GROUP LLC,"NW HEALTHCARE INVESTMENT GROUP, LLC",603 532 855,865561,"12100 NORTHUP WAY, BELLEVUE, WA, 98005, UNITED STATES",False,False,False,
90,AREIS GROUP LLC,"SEAGATE SOFTWARE INFORMATION MANAGEMENT GROUP (US), INC.",601 891 607,924746,,True,False,False,
91,AREIS GROUP LLC,"SQUARE INVESTMENT GROUP, LLC",602 291 093,441896,,True,False,False,
92,2345 EASTLAKE L L C,2345 EASTLAKE LLC,602 542 813,63624,"2323 EASTLAKE AVE E, SEATTLE, WA, 98102, UNITED STATES",False,False,False,
93,BARNARD FAMILY LIMITED PARTNERSHIP,BARNARD FAMILY LIMITED PARTNERSHIP,601 436 666,572924,"650 BELLEVUE WAY NE, SUITE 2101, BELLEVUE, WA, 98004-5051, UNITED STATES",False,False,False,
94,BARNARD FAMILY LIMITED PARTNERSHIP,"BARNARD GRIFFIN FAMILY INVESTMENTS, LLC",601 751 044,548775,"878 TULIP LANE, RICHLAND, WA, 99352, UNITED STATES",False,False,False,
95,BARNARD FAMILY LIMITED PARTNERSHIP,"MAUDIE L. BARNARD FAMILY LIMITED PARTNERSHIP, AWASHINGTON LIMITED PARTNERSHIP",601 677 568,858585,,False,False,False,
96,ANNE CRIPPEN MICHELSON LLC,ANNE CRIPPEN MICHELSON LLC,602 170 823,548254,"1115 EAST PIKE STREET, SEATTLE, WA, 98122, UNITED STATES",False,False,False,
97,ARE-SEATTLE NO 14 LLC,"ARE-SEATTLE NO. 14, LLC",602 454 835,554992,"251 LITTLE FALLS DR, WILMINGTON, DE, 19808-1674, UNITED STATES",False,False,False,
98,SLU 1201 EASTLAKE LLC,"SLU-1201 EASTLAKE, LLC",604 674 534,1403553,"251 LITTLE FALLS DR, WILMINGTON, DE, 19808-1674, UNITED STATES",False,False,False,
99,SLU 1208 EASTLAKE LLC,"SLU-1208 EASTLAKE, LLC",604 678 518,1404206,"251 LITTLE FALLS DR, WILMINGTON, DE, 19808-1674, UNITED STATES",False,False,False,
100,ST. MARK'S PROPERTIES LLC,ST. MARK'S PROPERTIES LLC,602 254 299,442276,"1245 10TH AVE E, SEATTLE, WA, 98102-4323, UNITED STATES",False,False,False,
101,ST. MARK'S PROPERTIES LLC,STEVE FREIMARK PROPERTIES LLC,603 428 621,286130,"21323 80TH AVE W APT 101, EDMONDS, WA, 98026-7423, UNITED STATES",False,False,False,
102,HACIENDA INVESTMENTS 2020 LLC,HACIENDA INVESTMENTS 2020 LLC,604 639 482,1376766,"1554 PARKSIDE DR E, SEATTLE, WA, 98112-3720, UNITED STATES",False,False,False,
103,ANGELCREST PROPERTY L L C,ANGELCREST PROPERTY LLC,603 127 937,34213,"2400 NW 80TH ST, #133, SEATTLE, WA, 98117, UNITED STATES",False,False,False,
104,ARE EASTLAKE AVENUE NO 3 LLC,"ARE-EASTLAKE AVENUE NO. 3, LLC",602 240 442,29509,"251 LITTLE FALLS DR, WILMINGTON, DE, 19808-1674, UNITED STATES",False,False,False,
105,SLU-199 BLAINE LLC,"SLU-199 BLAINE, LLC",604 666 990,1404239,"251 LITTLE FALLS DR, WILMINGTON, DE, 19808-1674, UNITED STATES",False,False,False,
106,WEST CRESCENT ADVISORS GALER LLC,"WEST CRESCENT ADVISORS, GALER LLC",603 295 944,1161924,"2706 BROADWAY E, SEATTLE, WA, 98102-3909, UNITED STATES",False,False,False,
107,1ST & PINE PROPERTY OWNER LLC,1ST AND PINE PROPERTY OWNER LLC,604 172 196,62390,"12100 OLYMPIC BLVD. #350, LOS ANGELES, CA, 90064, UNITED STATES",False,False,False,
108,POST ALLEY COURT APARTMENTS NW LLC,POST ALLEY COURT APARTMENTS NW LLC,602 313 631,885421,"7820 SW WILLOWMERE DR, PORTLAND, OR, 97225-1251, UNITED STATES",False,False,False,
109,1201 SUMMIT LLC,1201 SUMMIT LLC,603 235 485,1904,"433 MINOR AVE N, SEATTLE, WA, 98109-5439, UNITED STATES",False,False,False,
110,T-C ASPIRA LLC,T-C ASPIRA LLC,603 251 720,1050256,"730 3RD AVE, MS: 730/12/02, NEW YORK, NY, 10017, UNITED STATES",False,False,False,
111,CAMBRIDGE LLLP,"11917 CAMBRIDGE , LLC",604 613 422,1358443,"17668 NE 119TH CT, REDMOND, WA, 98052-2838, UNITED STATES",False,False,False,
112,CAMBRIDGE LLLP,"AAF CAMBRIDGE ASSOCIATES, L.L.C.",601 760 044,269668,"540 36TH AVE E, SEATTLE, WA, 98112-4223, UNITED STATES",False,False,False,
113,CAMBRIDGE LLLP,"AHA INVERSTOR MEMBER (CAMBRIDGE SQUARE), LLC",604 294 845,1216977,,True,True,True,
114,CAMBRIDGE LLLP,"AHA INVESTOR MEMBER (CAMBRIDGE SQUARE), LLC",604 294 845,1216977,"18006 SKY PARK CIR STE 200, IRVINE, CA, 92614-6406, UNITED STATES",False,True,True,
115,CAMBRIDGE LLLP,CAH CAMBRIDGE LLC,603 024 881,88141,"2801 ALASKAN WAY #200, SEATTLE, WA, 98121, UNITED STATES",False,False,False,
116,CAMBRIDGE LLLP,"CAMBRIDGE 1, LLC",604 510 742,1308778,"504 E FAIRHAVEN AVE, BURLINGTON, WA, 98233-1846, UNITED STATES",False,False,False,
117,CAMBRIDGE LLLP,CAMBRIDGE APARTMENTS LIMITED PARTNERSHIP,601 826 209,67297,"2801 ALASKAN WAY STE 310, SEATTLE, WA, 98121-1135, UNITED STATES",False,False,False,
118,CAMBRIDGE LLLP,"CAMBRIDGE APARTMENTS, WHITE CENTER, LLC",602 594 706,87538,"9849 17TH AVE SW #202, SEATTLE, WA, 98106, UNITED STATES",False,False,False,
119,CAMBRIDGE LLLP,"CAMBRIDGE APARTMENTS-BOTHELL, LLC",603 340 073,89927,"13 CENTRAL WAY STE C, KIRKLAND, WA, 98033-6105, UNITED STATES",False,False,False,
120,CAMBRIDGE LLLP,CAMBRIDGE ARMS LLC,602 350 119,588117,"14713 62ND PL W, EDMONDS, WA, 98026-3627, UNITED STATES",False,False,False,
121,CAMBRIDGE LLLP,CAMBRIDGE ASSESSMENT INC. DBA CAMBRIDGE ASSESSMENT,604 506 728,1306942,"THE TRIANGLE BUILDING, SHAFTESBURY RD, CAMBRIDGE, UNITED KINGDOM, CB2 8EA, UNITED KINGDOM",False,False,False,
122,CAMBRIDGE LLLP,CAMBRIDGE ASSOCIATES,601 829 629,600835,,True,False,False,
123,CAMBRIDGE LLLP,CAMBRIDGE ASSOCIATES,601 829 627,601203,,True,False,False,
124,CAMBRIDGE LLLP,"CAMBRIDGE CAPITAL MANAGEMENT, LLC",603 162 093,87539,"2680 139TH AVE SE #92, BELLEVUE, WA, 98005, UNITED STATES",False,False,False,
125,CAMBRIDGE LLLP,"CAMBRIDGE CAPITAL PARTNERS FUND I, LLC",603 213 467,85217,"1200 WESTLAKE AVE N #604, SEATTLE, WA, 98109, UNITED STATES",True,False,False,
126,CAMBRIDGE LLLP,"CAMBRIDGE CAPITAL PARTNERS, LLC",603 213 465,599526,"1200 WESTLAKE AVE N #604, SEATTLE, WA, 98109, UNITED STATES",True,False,False,
127,CAMBRIDGE LLLP,"CAMBRIDGE CHRISTIAN ACADEMY, LLC",603 400 940,108004,"6801 S 133RD ST #127, SEATTLE, WA, 98144, UNITED STATES",False,False,False,
128,CAMBRIDGE LLLP,"CAMBRIDGE CHRISTIAN CAPITAL FUNDING, LLC",604 912 988,1563282,"14205 SE 36TH ST STE 100, BELLEVUE, WA, 98006-1553, UNITED STATES",False,False,False,
129,CAMBRIDGE LLLP,CAMBRIDGE CM UK LLC,604 011 437,89928,"420 OLIVE AVE, PALO ALTO, CA, 94306, UNITED STATES",True,False,False,
130,CAMBRIDGE LLLP,"CAMBRIDGE CM, INC.",604 154 072,85218,"420 OLIVE AVE, PALO ALTO, CA, 94306, UNITED STATES",True,False,False,
131,CAMBRIDGE LLLP,CAMBRIDGE COMMONS COMMUNITY ASSOCIATION,604 526 782,1316285,"2203 ELM ST, SON-RISE COMMUNITY ASSOC. MGMT, BELLINGHAM, WA, 98225-2843, UNITED STATES",False,False,False,
132,CAMBRIDGE LLLP,CAMBRIDGE COMMUNICATIONS LIMITED PARTNERSHIP,601 721 423,600836,,True,False,False,
133,CAMBRIDGE LLLP,"CAMBRIDGE COMPANIES, INC.",603 033 867,599527,"500 E RIDGE RD, SUITE 202, GRIFFITH, IN, 46319",False,False,False,
134,CAMBRIDGE LLLP,CAMBRIDGE COMPANY,601 829 648,85219,,True,False,False,
135,CAMBRIDGE LLLP,"CAMBRIDGE COMPUTER SERVICES, INC.",602 255 338,1404636,"271 WAVERLEY OAKS RD STE 301, WALTHAM, MA, 02452-8469, UNITED STATES",False,False,False,
136,SIXTH & PINE BUILDING LLC,SIXTH & PINE BUILDING LLC,602 815 703,430337,"217 PINE ST, #500, SEATTLE, WA, 98101-1590, UNITED STATES",False,False,False,
137,PANORAMA SEATTLE III LLC,PANORAMA SEATTLE III LLC,604 902 396,1554562,"777 CALIFORNIA AVE, 100, PALO ALTO, CA, 94304, UNITED STATES",False,False,False,
138,LOWELL EMERSON ASSOCIATES LLC,LOWELL EMERSON ASSOCIATES L.L.C.,601 783 777,838173,"1938 43RD AVE E, SEATTLE, WA, 98112-3235, UNITED STATES",False,False,False,
139,EQR-HARBOR STEPS LLC,"EQR-HARBOR STEPS MEMBER, L.L.C.",602 519 974,173991,"TWO NORTH RIVERSIDE PLAZA, SUITE 400, CHICAGO, IL, 60606, UNITED STATES",True,False,False,
140,EQR-HARBOR STEPS LLC,"EQR-HARBOR STEPS, L.L.C.",602 519 982,190557,"TWO NORTH RIVERSIDE PLAZA, SUITE 400, CHICAGO, IL, 60606, UNITED STATES",True,False,False,
141,VIKTORIA SEATTLE LLC,VIKTORIA SEATTLE LLC,603 505 061,1037283,"10100 SANTA MONICA BOUELVARD SUITE 420, LOS ANGELES, CA, 90067, UNITED STATES",False,False,False,
142,FIRST HILL EIGHTH AVENUE PROPCO LLC,FIRST HILL/EIGHTH AVENUE PROPCO LLC,604 585 023,1343160,"250 VESEY ST FL 15, BROOKFIELD PLACE, NEW YORK, NY, 10281-1065, UNITED STATES",False,False,False,
143,HART PINE LLC,"HART PINE, LLC",603 519 213,745183,"191 N WACKER DR STE 2500, CHICAGO, IL, 60606-1885, UNITED STATES",False,False,False,
144,EQR-SECOND AND PINE LLC,"EQR-SECOND AND PINE II, LLC",603 226 204,676416,"TWO NORTH RIVERSIDE PLAZA, SUITE 400, CHICAGO, IL, 60606, UNITED STATES",True,False,False,
145,EQR-SECOND AND PINE LLC,"EQR-SECOND AND PINE, LLC",603 226 168,151331,"TWO NORTH RIVERSIDE PLAZA, SUITE 400, CHICAGO, IL, 60606, UNITED STATES",True,False,False,
146,M J  LEHMAN DESCENDANTS LLC,M. J. LEHMANN DESCENDANTS LLC,602 095 499,311686,"4903 DOON WAY, ANACORTES, WA, 98221-2905, UNITED STATES",False,False,False,
147,PR 1430 SECOND LLC,PR 1430 SECOND LLC,604 855 791,1526069,"655 BROAD STREET, 14TH FLOOR, NEWARK, NJ, 07102, UNITED STATES",False,False,False,
148,HUDGINS ENTERPRISES I LLC,"HUDGINS ENTERPRISES I, LLC",603 442 961,237388,"25803 SE 138TH ST, ISSAQUAH, WA, 98027-6758, UNITED STATES",False,False,False,
149,PILGRIM PARTNERS III LLC,PILGRIM PARTNERS III LLC,602 579 120,399902,"8752 SAND POINT WAY NE, SEATTLE, WA, 98115-3951, UNITED STATES",False,False,False,
150,TATE MASON HOUSE L L C,TATE MASON HOUSE LLC,603 347 542,988999,"433 MINOR AVE N, SEATTLE, WA, 98109-5439, UNITED STATES",False,False,False,
151,SMRE MARKETSIDE LLC,SMRE MARKETSIDE LLC,603 220 361,432541,"411 W PUTNAM AVE, STE 450, GREENWICH, CT, 06830-6290, UNITED STATES",False,False,False,
152,SENECA APARTMENTS LLC,SENECA APARTMENTS LLC,604 340 666,1239131,"1020 SENECA ST APT 116, SEATTLE, WA, 98101-2719, UNITED STATES",False,False,False,
153,SENECA APARTMENTS LLC,"SENECA STREET APARTMENTS, LLC",604 332 403,1235717,"1251 AVENUE OF THE AMERICAS FL 35, NEW YORK, NY, 10020-1104, UNITED STATES",False,False,False,
154,TEN-TWENTY UNIVERSITY L L C,"TEN-TWENTY UNIVERSITY, LLC",602 297 291,461035,"1938 43RD AVE E, SEATTLE, WA, 98112-3235, UNITED STATES",False,False,False,
155,STOCKBRIDGE LLC,"STOCKBRIDGE AUTOS, INC.",602 028 390,446090,"219 E GARFIELD ST STE 600, SEATTLE, WA, 98102-3785, UNITED STATES",False,False,False,
156,STOCKBRIDGE LLC,"STOCKBRIDGE EVERETT VILLAGE ANNEX, LLC",603 531 387,458214,"4 EMBARCADERO CENTER, SUITE 3300, SAN FRANCISCO, CA, 94111, UNITED STATES",True,False,False,
157,STOCKBRIDGE LLC,"STOCKBRIDGE EVERETT VILLAGE CENTER, LLC",603 489 493,1039970,"4 EMBARCADERO CENTER, SUITE 3300, SAN FRANCISCO, CA, 94111, UNITED STATES",True,False,False,
158,STOCKBRIDGE LLC,"STOCKBRIDGE, LLC",602 807 199,446409,"219 E GARFIELD ST STE 600, SEATTLE, WA, 98102-3776, UNITED STATES",False,False,False,
159,VESPER MINOR LLC,"VESPER MINOR, LLC",603 437 685,1048957,"485 ALBERTO WAY STE 200, LOS GATOS, CA, 95032-5476, UNITED STATES",False,False,False,
160,POCOCK ROWING FOUNDATION,THE GEORGE POCOCK ROWING FOUNDATION,601 687 133,470737,"3320 FUHRMAN AVE E, SEATTLE, WA, 98102-3832, UNITED STATES",False,False,False,
161,COLUMBIA II BROADWAY MARKET LLC,"COLUMBIA II BROADWAY MARKET, LLC",603 455 278,615728,"ONE INDEPENDENT DR #114, JACKSONVILLE, FL, 32202, UNITED STATES",False,False,False,
162,WASHINGTON REAL ESTATE HOLDINGS LLC,WASHINGTON HEALTH REAL ESTATE HOLDINGS LLC,604 418 993,1270133,"3990 HILLSBORO PIKE STE 330, NASHVILLE, TN, 37215-3154, UNITED STATES",False,False,False,
163,WASHINGTON REAL ESTATE HOLDINGS LLC,"WASHINGTON REAL ESTATE HOLDINGS, LLC",602 224 572,1085749,"600 UNIVERSITY ST STE 2820, SEATTLE, WA, 98101-1184, UNITED STATES",False,False,False,
164,WASHINGTON REAL ESTATE HOLDINGS LLC,"WASHINGTON REAL ESTATE HOLDINGS, LLC",604 871 516,1531927,"411 W FOURTH PLAIN BLVD, VANCOUVER, WA, 98660-2140, UNITED STATES",False,False,False,
165,ROUNDCLIFFE HOLDINGS LLC,ROUNDCLIFFE HOLDINGS LLC,602 182 599,414668,"2633 EASTLAKE AVE E STE 307, SEATTLE, WA, 98102-3231, UNITED STATES",False,False,False,
166,DAKAR APARTMENTS LLC,"DAKAR APARTMENTS, L.L.C.",601 692 777,95584,"13430 SE 43RD PL, BELLEVUE, WA, 98006-2123, UNITED STATES",False,False,False,
167,CIRQUE APARTMENTS INVESTORS LLC,CIRQUE APARTMENTS INVESTORS LLC,602 698 203,627788,"420 E HOWELL, SEATTLE, WA, 98122, UNITED STATES",False,False,False,
168,M & S EHSAN INVESTMENTS LLC,M & S EHSAN INVESTMENTS LLC,601 992 747,800017,"325 118TH AVE SE, STE 209, BELLEVUE, WA, 98005, UNITED STATES",False,False,False,
169,VICEROY GLEN ARMS LLC,VICEROY GLEN ARMS L.L.C.,601 925 953,504656,"1620 BROADWAY STE 201, SEATTLE, WA, 98122-2564, UNITED STATES",False,False,False,
170,TURNING POINT SOMERSET L L C,"TURNING POINT SOMERSET, L.L.C.",602 116 895,1079183,"4040 LAKE WASHINGTON BLVD NE, SUITE 320, KIRKLAND, WA, 98033-7874, UNITED STATES",False,False,False,
171,HAMPTON COURT APARTMENTS LLC,HAMPTON COURT APARTMENTS LLC,603 266 684,727875,"3823 - 47TH AVE NE, SEATTLE, WA, 98105, UNITED STATES",False,False,False,
172,KP CASA NITA LLC,KP CASA NITA LLC,605 000 108,1614929,"1703 39TH AVE, SEATTLE, WA, 98122-3507, UNITED STATES",False,False,False,
173,GILDOW L L C,C2 GILDOW LLC,603 070 806,1102332,,True,False,False,
174,GILDOW L L C,GILDOW FAMILY L.L.C.,601 697 339,709941,,True,False,False,
175,GILDOW L L C,GILDOW L.L.C.,601 690 199,695494,,True,False,False,
176,BASE SWANSONIA LLC,"BASE SWANSONIA, LLC",604 498 040,1305600,"601 DEXTER AVE N, SEATTLE, WA, 98109-4712, UNITED STATES",False,False,False,
177,CHAPMAN LLC,"2000 CHAPMAN FAMILY, L.L.C.",602 022 781,1091363,"638 SW 136TH PL, SEATTLE, WA, 98166, UNITED STATES",False,False,False,
178,CHAPMAN LLC,AARON CHAPMAN DESIGN GROUP LLC,603 129 093,14844,"1919 44TH AVE SW, SEATTLE, WA, 98116, UNITED STATES",False,False,False,
179,CHAPMAN LLC,"AL CHAPMAN, INC.",602 576 711,25355,,True,False,False,
180,CHAPMAN LLC,"ALICIA CHAPMAN HOMES, LLC",604 948 200,1578124,"522 W RIVERSIDE AVE STE N, SPOKANE, WA, 99201-0580, UNITED STATES",False,False,False,
181,CHAPMAN LLC,"ANDE CHAPMAN-EDUCATIONAL CONSULTANT, LLC",603 582 082,543791,"403 OREGON ST, WENATCHEE, WA, 98801-2851, UNITED STATES",False,False,False,
182,CHAPMAN LLC,"BOON-CHAPMAN BENEFIT ADMINISTRATORS, INC.",604 862 816,1526237,"9401 AMBERGLEN BLVD STE 100 BLDG I, AUSTIN, TX, 78729-0006, UNITED STATES",False,False,False,
183,CHAPMAN LLC,"BRADY, CHAPMAN, HOLLAND & ASSOCIATES, INC.",602 652 900,593084,"2190 NORTH LOOP W #200, HOUSTON, TX, 77018, UNITED STATES",False,False,False,
184,CHAPMAN LLC,"CHAPMAN # 3, LLC",604 168 342,608741,"22257 276TH AVE SE, MAPLE VALLEY, WA, 98038, UNITED STATES",False,False,False,
185,CHAPMAN LLC,"CHAPMAN #2, LLC",604 166 088,620191,"141 E COVEY RUN, BREMERTON, WA, 98592-9435, UNITED STATES",False,False,False,
186,CHAPMAN LLC,CHAPMAN & SONS CONSTRUCTION LLC,604 432 609,1275829,"16520 OLD DIRT LN SW, TENINO, WA, 98589-9727, UNITED STATES",False,False,False,
187,CHAPMAN LLC,"CHAPMAN - LAMPSON REAL ESTATE, INC.",035 001 132,104757,"707 6TH ST STE A, PROSSER, WA, 99350-1404, UNITED STATES",False,False,False,
188,CHAPMAN LLC,CHAPMAN ACOUSTICAL LLC,602 987 904,101392,"7860 HEMLOCK STREET, PORT ORCHARD, WA, 98366, UNITED STATES",False,False,False,
189,CHAPMAN LLC,CHAPMAN ADVANTAGE INC.,604 133 910,1104150,"1048 WASHINGTON PLACE E, SEATTLE, WA, 98112, UNITED STATES",False,False,False,
190,CHAPMAN LLC,"CHAPMAN AND CHARLEBOIS, P.C.",603 557 964,613473,"4100 OSUNA RD NE STE 2-203, ALBUQUERQUE, NM, 87109-4442, UNITED STATES",False,False,False,
191,CHAPMAN LLC,"CHAPMAN APPS, LLC",603 297 729,99336,"1420 5TH AVE STE 2200, SEATTLE, WA, 98101, UNITED STATES",False,False,False,
192,CHAPMAN LLC,"CHAPMAN ASSOCIATES, INC.",602 676 618,615418,"57 PORTLAND RD, KENNEBUNK, ME, 04043, UNITED STATES",False,False,False,
193,CHAPMAN LLC,CHAPMAN BAY COLLECTIVE LLC,604 679 130,1407596,"7522 LIBBY RD NE, OLYMPIA, WA, 98506-9617, UNITED STATES",False,False,False,
194,CHAPMAN LLC,CHAPMAN BENJAMIN LLC,602 343 013,608742,,True,False,False,
195,CHAPMAN LLC,CHAPMAN BISHOP LLC,602 942 694,608743,"13696 NE 31ST PL, BELLEVUE, WA, 98005, UNITED STATES",False,False,False,
196,CHAPMAN LLC,"CHAPMAN BUILDING, L.L.C.",603 019 852,74026,"1126 MEADE AVE, PROSSER, WA, 99350, UNITED STATES",False,False,False,
197,CHAPMAN LLC,"CHAPMAN BUILT, LLC",604 520 790,1317175,"5921 21ST AVE SW, SEATTLE, WA, 98106-1417, UNITED STATES",False,False,False,
198,CHAPMAN LLC,"CHAPMAN CACHE, LLC",604 524 869,1314565,"21604 42ND PL S, KENT, WA, 98032-2361, UNITED STATES",False,False,False,
199,CHAPMAN LLC,"CHAPMAN CBC, LLC",604 465 526,1289327,"123 N CYPRESS ST, ORANGE, CA, 92866-1309, UNITED STATES",False,False,False,
200,CHAPMAN LLC,CHAPMAN CHARTERS LLC,604 784 043,1479303,"269 INDEX PL SE, RENTON, WA, 98056-4013, UNITED STATES",False,False,False,
201,CHAPMAN LLC,CHAPMAN COMMUNICATIONS INC.,602 867 484,94179,"3703 260TH AVE SE, SAMMAMISH, WA, 98029-7750, UNITED STATES",False,False,False,
202,HOLIDAY APARTMENTS LP,HOLIDAY APARTMENTS LP,602 818 348,1120752,"1620 12TH AVE STE 205, SEATTLE, WA, 98122-2568, UNITED STATES",False,False,False,
203,SEALTH VISTA LLC,"SEALTH VISTA, LLC",602 921 593,987290,"5720 204TH ST SW STE 100, LYNNWOOD, WA, 98036-7554, UNITED STATES",False,False,False,
204,RGD FAMILY LLC,"RGD FAMILY KIRKLAND, LLC",602 652 151,410479,"2940 FAIRVIEW AVE E, SEATTLE, WA, 98102, UNITED STATES",False,False,False,
205,RGD FAMILY LLC,"RGD FAMILY, LLC",602 334 872,908059,"2940 FAIRVIEW AVE E, SEATTLE, WA, 98102-3016, UNITED STATES",False,False,False,
206,RGD FAMILY LLC,SHERYL SANDBERG & DAVE GOLDBERG FAMILY FOUNDATION,604 609 128,1355417,"855 EL CAMINO REAL STE 307 BLDG 5, PALO ALTO, CA, 94301-2338, UNITED STATES",False,False,False,
207,ELLENBERT APARTMENTS REAL ESTATE INVESTMENTS LLC,ELLENBERT APARTMENTS REAL ESTATE INVESTMENT LIMITEDLIABILITYCOMPANY,602 322 778,678388,"417 NW 163RD ST, SHORELINE, WA, 98177-3725, UNITED STATES",False,False,False,
208,SILVIAN APARTMENTS LLC,SILVIAN APARTMENTS LLC,602 414 622,427653,"1620 12TH AVE STE 205, SEATTLE, WA, 98122-2568, UNITED STATES",False,False,False,
209,ROYCROFT APARTMENTS LLC,ROYCROFT APARTMENTS LLC,604 057 175,944304,"317 HARVARD AVE E, SEATTLE, WA, 98102, UNITED STATES",False,False,False,
210,MERLO LLC,MERLO LLC,604 297 490,1226125,"7336 57TH AVE NE, SEATTLE, WA, 98115-6231, UNITED STATES",False,False,False,
211,MERLO LLC,"307 COCO MERLOT, LLC",603 520 417,93637,"227 W 27TH AVE, SPOKANE, WA, 99203, UNITED STATES",False,False,False,
212,MERLO LLC,"AMERICREDIT CONSUMER LOAN COMPANY, INC.",602 583 291,547039,"801 CHERRY ST STE 3600, FORT WORTH, TX, 76102, UNITED STATES",False,False,False,
213,MERLO LLC,"BRIDGEWAY CONSUMER LOAN SERVICES, INC.",603 081 856,76526,"701 FIFTH AVENUE, STE 4200, SEATTLE, WA, 98104, UNITED STATES",False,False,False,
214,MERLO LLC,"CW - MERLOT, LLC",604 857 295,1532869,"8655 S PRIEST DR, TEMPE, AZ, 85284-1903, UNITED STATES",False,False,False,
215,MERLO LLC,"ELMER LOGGING, LTD.",600 367 728,661338,,True,False,False,
216,MERLO LLC,"FARMER LOGIC, LLC",604 398 270,1258976,"6952 STATE ROUTE 270, PULLMAN, WA, 99163-8717, UNITED STATES",False,False,False,
217,MERLO LLC,FARMER LOGISTICS LLC,604 703 922,1421306,"12910 SE 240TH ST APT K8, KENT, WA, 98031-5041, UNITED STATES",False,False,False,
218,MERLO LLC,GAMERLOOP INC.,603 120 441,195204,,True,False,False,
219,MERLO LLC,GAMERLOOT LLC,603 501 752,177457,,True,False,False,
220,MERLO LLC,"GRAMMER LOGISTICS, INC.",604 950 534,1583122,"6320 E STATE ST, COLUMBUS, IN, 47201-9653, UNITED STATES",False,False,False,
221,MERLO LLC,HAMMER LOGIC LLC,605 071 346,1637884,"18912 SE 170TH ST, RENTON, WA, 98058-0845, UNITED STATES",False,False,False,
222,MERLO LLC,HAMMERS LOOP LLC,605 020 326,1627114,"1021 E BENSON LOOP, SHELTON, WA, 98584-9508, UNITED STATES",False,False,False,
223,MERLO LLC,IBF CONSUMER LOAN CORP.,601 929 889,752464,,True,False,False,
224,MERLO LLC,"J. G. SOMERLOTT TRUCKING, INC.",602 350 126,256839,"3615 E CENTER RD, MEAD, WA, 99021, UNITED STATES",False,False,False,
225,MERLO LLC,JENNIFER SOMERLOTT PLLC,604 226 992,1185114,"3525 W BRANT RD, COLBERT, WA, 99005, UNITED STATES",False,False,False,
226,MERLO LLC,LILLEHAMMER LORENTZ LLC,604 158 942,835335,"18925 FRONT ST NE, #201, POULSBO, WA, 98370-7353, UNITED STATES",False,False,False,
227,MERLO LLC,MERLO CONSULTING LLC,604 787 048,1478646,"PO BOX 257, OLYMPIA, WA, 98507-0257, UNITED STATES",False,True,True,
228,MERLO LLC,MERLO PANTING LLC,604 787 048,1478646,,True,True,True,
229,MERLO LLC,MERLO'S PAINTING LLC,604 273 902,1201076,"31314 13TH AVE S, FEDERAL WAY, WA, 98003-5313, UNITED STATES",False,False,False,
230,MERLO LLC,"MERLOT 2001, LLC",603 512 851,842564,"4100 FRANWAY LN SW, PORT ORCHARD, WA, 98367-6999, UNITED STATES",False,False,False,
231,MERLO LLC,MERLOT AERO INC.,603 312 462,205567,,True,False,False,
232,MERLO LLC,"MERLOT CONSTRUCTION, INC.",602 578 916,315338,"12010 57TH DR SE, SNOHOMISH, WA, 98296, UNITED STATES",False,False,False,
233,MERLO LLC,MERLOT GARDEN OWNERS ASSOCIATION,602 716 747,842565,"9832 30TH DR SE, EVERETT, WA, 98208-3552, UNITED STATES",False,False,False,
234,MERLO LLC,MERLOT L.L.C.,601 912 520,846304,"999 3RD AVE STE 4550, SEATTLE, WA, 98104-4010, UNITED STATES",False,False,False,
235,CX3 MULHOLLAND LLC,CX3 MULHOLLAND LLC,604 496 181,1302812,"1110 112TH AVE NE STE 150, BELLEVUE, WA, 98004-4570, UNITED STATES",False,False,False,
236,700 BROADWAY OWNER LLC,"700 BROADWAY OWNER, LLC",604 801 605,1484819,"15 LAKE BELLEVUE DR STE 200, BELLEVUE, WA, 98005-2485, UNITED STATES",False,False,False,
237,ILIAD PROPERTY CO LLC,"ILIAD PROPERTY CO., LLC",604 295 512,1210540,"2227 UNION ST, SAN FRANCISCO, CA, 94123-3901, UNITED STATES",False,False,False,
238,HC-HMG L L C,"HC-HMG, LLC",602 448 889,731926,"135 HARVARD AVE E, SEATTLE, WA, 98102-5745, UNITED STATES",False,False,False,
239,TEHAMA GATSBY LLC,"TEHAMA GATSBY, LLC",603 416 342,969884,"2856 VALLEJO ST, SAN FRANCISCO, CA, 94123-4617, UNITED STATES",False,False,False,
240,600 BELLEVUE AVENUE E LLC,"600 BELLEVUE AVENUE E., LLC",602 305 786,10504,"2633 EASTLAKE AVE E STE 307, SEATTLE, WA, 98102-3231, UNITED STATES",False,False,False,
241,DAHLGREN DUMAR LLC,DAHLGREN DUMAR LLC,602 000 735,154354,"13975 INTERURBAN AVE S, TUKWILA, WA, 98168-4721, UNITED STATES",False,False,False,
242,MARWOOD LLC,DEL MAR WOODS ADULT FAMILY HOME LLC,604 371 918,1245757,"6617 128TH AVE SE, BELLEVUE, WA, 98006-4015, UNITED STATES",False,False,False,
243,MARWOOD LLC,MARWOOD 17 LLC,604 166 215,306497,"1200 ALKI AVE SW UNIT 1, SEATTLE, WA, 98116-4883, UNITED STATES",True,False,False,
244,MARWOOD LLC,MARWOOD 22 LLC,604 896 936,1550983,"1200 ALKI AVE SW UNIT 1, SEATTLE, WA, 98116-4883, UNITED STATES",True,False,False,
245,MARWOOD LLC,MARWOOD FARMS LLC,602 934 324,807880,"1200 ALKI AVE SW, UNIT 1, SEATTLE, WA, 98116-4883, UNITED STATES",False,False,False,
246,MARWOOD LLC,MARWOOD GROUP RESEARCH LLC,604 716 259,1519600,"733 3RD AVE, 11TH FLOOR, NEW YORK, NY, 10017, UNITED STATES",False,False,False,
247,MARWOOD LLC,"MARWOOD, LLC",602 785 810,310014,"41206 SE REINIG RD, SNOQUALMIE, WA, 98065-9050, UNITED STATES",False,False,False,
248,SIR GALAHAD APARTMENTS L L C,"SIR GALAHAD APARTMENTS, LLC",602 067 849,428683,"15212 SE 80TH ST, NEWCASTLE, WA, 98059-9236, UNITED STATES",False,False,False,
249,CCC LANCASTER LLC,CCC LANCASTER LLC,603 527 876,609378,"1620 BROADWAY STE 201, SEATTLE, WA, 98122-2564, UNITED STATES",False,False,False,
250,ACME WMR REMI LLC,ACME WMR REMI LLC,604 229 745,1186047,"7417 W MERCER WAY, MERCER ISLAND, WA, 98040-5536, UNITED STATES",False,False,False,
251,SHELBY APARTMENTS LLC,"THE SHELBY APARTMENTS, LLC",602 569 243,475852,"2329 10TH AVE E STE B, SEATTLE, WA, 98102, UNITED STATES",False,False,False,
252,KILLARNEY APARTMENTS LLC,KILLARNEY APARTMENTS LLC,604 335 367,1245508,"600 UNIVERSITY ST STE 2915, SEATTLE, WA, 98101-4172, UNITED STATES",False,False,False,
253,EASTLAKE GARDENS LLC,EASTLAKE GARDENS LLC,602 672 948,655399,"720 SENECA ST, SUITE B, SEATTLE, WA, 98101-3265, UNITED STATES",False,False,False,
254,EASTLAKE GARDENS LLC,EASTLAKE GARDEN COURT TOWNHOMES OWNERS ASSOCIATION,601 976 708,663636,"2225 EASTLAKE AVE E UNIT A, SEATTLE, WA, 98102-3438, UNITED STATES",False,False,False,
255,MINOR TOWER LLC,MINOR TOWER LLC,603 405 118,871132,"5210 RUSSELL AVE NW #100, SEATTLE, WA, 98107, UNITED STATES",False,False,False,
256,SIR LANCELOT APARTMENTS L L C,"SIR LANCELOT APARTMENTS, LLC",602 067 851,984208,"15212 SE 80TH ST, NEWCASTLE, WA, 98059-9236, UNITED STATES",False,False,False,
257,CX3 SUMMIT LLC,CX3 SUMMIT LLC,604 057 439,129742,"1620 BROADWAY STE 201, SEATTLE, WA, 98122-2564, UNITED STATES",False,False,False,
258,BELMONT+SUMMIT INC,BELMONT AND SUMMIT INC.,601 092 716,580891,"4117 BOULEVARD PL, MERCER ISLAND, WA, 98040-3403, UNITED STATES",False,False,False,
259,1005 INVESTORS LLC,"1005 INVESTORS, LLC",602 717 116,602776,"117 E LOUISA ST, #185, SEATTLE, WA, 98102, UNITED STATES",False,False,False,
260,MALABAR ASSOCIATES LLC,"MALABAR ASSOCIATES, LLC",601 960 673,306451,"CORNELL & ASSOCIATES, INC, 2633 EASTLAKE AVE E SUITE 307, SEATTLE, WA, 98102, UNITED STATES",False,False,False,
261,LYNNYALE ASSOCIATES LLC,"LYNNYALE ASSOCIATES, LLC",602 364 715,308783,"1938 43RD AVE E, SEATTLE, WA, 98112-3235, UNITED STATES",False,False,False,
262,FARIN BROTHERS PROPERTIES LLC,"FARIN BROTHERS PROPERTIES, LLC",603 327 277,174456,"9335 22ND AVE NW, SEATTLE, WA, 98117-2716, UNITED STATES",False,False,False,
263,210 E BLAINE LLC,210 E BLAINE L.L.C.,602 615 312,61426,"200 1ST AVE W STE 520, SEATTLE, WA, 98119-4219, UNITED STATES",False,False,False,
264,1800 EASTLAKE LLC,1800 EASTLAKE LLC,603 475 396,4434,"9625 SE 71ST ST, MERCER ISLAND, WA, 98040-5403, UNITED STATES",False,False,False,
265,1800 EASTLAKE LLC,1800 EASTLAKE ASSOCIATES LIMITED PARTNERSHIP,601 224 087,3351,,False,False,False,
266,HALMAR ASSOCIATES LLC,HALMAR ASSOCIATES LLC,602 064 375,244256,"1938 43RD AVE E, SEATTLE, WA, 98112-3235, UNITED STATES",False,False,False,
267,LASALLE CORPORATION,LASALLE CORPORATION,601 486 236,787024,"105 HARVARD AVE E, SEATTLE, WA, 98102-5753, UNITED STATES",False,False,False,
268,LASALLE CORPORATION,GERARD LASALLE MD INC. PS,600 446 122,710118,,True,False,False,
269,LASALLE CORPORATION,"HPG LASALLE, LLC",604 049 262,1121314,"1111 MAIN ST STE 700, VANCOUVER, WA, 98660-2970, UNITED STATES",False,False,False,
270,LASALLE CORPORATION,"JONES LANG LASALLE - TEXAS, INC.",602 875 617,257419,"200 E RANDOLPH DRIVE, CHICAGO, IL, 60601, UNITED STATES",True,False,False,
271,LASALLE CORPORATION,"JONES LANG LASALLE AMERICAS, INC.",601 792 514,774441,"200 E RANDOLPH DR, CHICAGO, IL, 60601, UNITED STATES",False,False,False,
272,LASALLE CORPORATION,"JONES LANG LASALLE BROKERAGE, INC.",602 858 262,779318,"200 EAST RANDOLPH DRIVE, CHICAGO, IL, 60601, UNITED STATES",False,False,False,
273,LASALLE CORPORATION,"JONES LANG LASALLE GLOBAL SERVICES-RR, INC.",602 133 027,1125164,"200 EW MERCER ST # 502, SEATTLE, WA, 98119, UNITED STATES",False,False,False,
274,LASALLE CORPORATION,"JONES LANG LASALLE NORTHWEST, LLC",601 951 366,777358,"200 E RANDOLPH DRIVE, CHICAGO, IL, 60601, UNITED STATES",True,False,False,
275,LASALLE CORPORATION,"JONES LANG LASALLE SERVICES, INC.",601 530 190,774442,,True,False,False,
276,LASALLE CORPORATION,"LA SALLE AG ASSOCIATION, INC.",602 495 762,279175,"302 N FIRST AVE, YAKIMA, WA, 98902, UNITED STATES",False,False,False,
277,LASALLE CORPORATION,LA SALLE FOUNDATION OF YAKIMA,601 806 633,821285,"3000 LIGHTNING WAY, UNION GAP, WA, 98903-2213, UNITED STATES",False,False,False,
278,LASALLE CORPORATION,LA SALLE HIGH SCHOOL OF YAKIMA,601 702 528,821286,"3000 LIGHTNING WAY, YAKIMA, WA, 98903-2213, UNITED STATES",False,False,False,
279,LASALLE CORPORATION,"LASALLE 2007-MF5 WABASH & NELSON REO, LLC",603 147 015,791566,,True,False,False,
280,LASALLE CORPORATION,LASALLE BRISTOL CORPORATION,600 568 010,826857,"107 W FRANKLIN ST, ELKHART, IN, 46516, UNITED STATES",False,False,False,
281,LASALLE CORPORATION,"LASALLE BRISTOL, LP DBA LASALLE BRISTOL, LP OF WASHINGTON",602 254 365,809325,"601 COUNTY RD 17, ELKHART, IN, 46516, UNITED STATES",False,False,False,
282,LASALLE CORPORATION,"LASALLE BUSINESS CREDIT, INC.",601 282 127,290027,,True,False,False,
283,LASALLE CORPORATION,"LASALLE BUSINESS CREDIT, LLC",602 283 898,282039,,True,False,False,
284,LASALLE CORPORATION,LASALLE ENTERPRISES LLC,603 471 211,787223,"E 325 WEDGEWOOD #B304, SPOKANE, WA, 99208, UNITED STATES",False,False,False,
285,LASALLE CORPORATION,"LASALLE INVESTMENTS, LLC",602 952 864,791567,"4916 PT FOSDICK DR NW #199, GIG HARBOR, WA, 98335, UNITED STATES",False,False,False,
286,LASALLE CORPORATION,LASALLE NATIONAL LEASING CORPORATION,601 761 451,315983,,True,False,False,
287,LASALLE CORPORATION,LASALLE PARTNERS DEVELOPMENT LIMITED PARTNERSHIP DBA LASALLEPARTNERS,601 241 205,189037,,True,False,False,
288,LASALLE CORPORATION,LASALLE PARTNERS LIMITED PARTNERSHIP,601 093 504,1128389,,True,False,False,
289,LASALLE CORPORATION,LASALLE PARTNERS MANAGEMENT LIMITED PARTNERSHIP,601 093 506,823138,,True,False,False,
290,LASALLE CORPORATION,LASALLE PROPERTIES LLC,602 932 968,787224,"4000 SW POINT ROBINSON RD, VASHON, WA, 98070-7343, UNITED STATES",False,False,False,
291,LASALLE CORPORATION,LASALLE SENIOR HOUSING LLC,602 294 186,787225,"85 PIKE ST STE 500, SEATTLE, WA, 98101-2166, UNITED STATES",False,False,False,
292,EASTHOM INVESTMENTS LLC,"EASTHOM INVESTMENTS, L.L.C.",601 892 477,138187,"25 W HIGHLAND DR #1, SEATTLE, WA, 98119, UNITED STATES",False,False,False,
293,CAPITOL HILL PARTNERS LLC,CAPITOL HILL DEVELOPMENT PARTNERS LLC,602 820 122,87747,"3635 23RD AVE W, SEATTLE, WA, 98199, UNITED STATES",False,False,False,
294,CAPITOL HILL PARTNERS LLC,"CAPITOL HILL PARTNERS, LLC",604 077 059,1102892,"506 2ND AVE STE 1400, SEATTLE, WA, 98104-2329, UNITED STATES",False,False,False,
295,JOEY RAY ASSOCIATES LLC,"JOEY RAY ASSOCIATES, LLC",602 641 209,775909,"1938 43RD AVE E, SEATTLE, WA, 98112-3235, UNITED STATES",False,False,False,
296,ROY VUE ASSOCIATES LLC,"ROY VUE ASSOCIATES, LLC",602 896 195,954103,"1515 NW 52ND ST, SUITE B, SEATTLE, WA, 98107-3862, UNITED STATES",False,False,False,
297,AVANTE APARTMENTS L L C,"AVANTE APARTMENTS, L.L.C.",601 677 851,559203,"420 E HOWELL ST, SEATTLE, WA, 98122, UNITED STATES",False,False,False,
298,RED LION APARTMENTS LLC,RED LION APARTMENTS LLC,602 515 594,957895,"1151 FAIRVIEW AVE N STE 101, SEATTLE, WA, 98109-4418, UNITED STATES",False,False,False,
299,MMP OLIVIAN OWNER LLC,"MMP OLIVIAN OWNER, LLC",604 555 999,1333951,"1 METLIFE WAY, WHIPPANY, NJ, 07981-1449, UNITED STATES",False,False,False,
300,1942 WESTLAKE LP,1942 WESTLAKE LP,604 488 643,1299203,"10900 NE 4TH ST STE 1440, BELLEVUE, WA, 98004-5873, UNITED STATES",True,False,False,
301,1942 WESTLAKE LP,CPI 1942 WESTLAKE INVESTORS LLC,604 487 485,1299217,"10900 NE 4TH ST STE 1440, BELLEVUE, WA, 98004-5873, UNITED STATES",True,False,False,
302,1942 WESTLAKE LP,CPI 1942 WESTLAKE LLC,604 488 644,1299212,"10900 NE 4TH ST STE 1440, BELLEVUE, WA, 98004-5873, UNITED STATES",True,False,False,
303,1942 WESTLAKE LP,PCRE/CPI 1942 WESTLAKE LLC,604 490 252,1299231,"10900 NE 4TH ST STE 1440, BELLEVUE, WA, 98004-5873, UNITED STATES",True,False,False,
304,OLIVE TOWER APARTMENTS L L C,OLIVE TOWER APARTMENTS LLC,602 668 935,882437,"433 MINOR AVE N, SEATTLE, WA, 98109-5439, UNITED STATES",False,False,False,
305,TODAYS HOTEL SEATTLE CORPORATION,TODAY'S HOTEL SEATTLE CORPORATION,601 877 875,1047522,"1113 6TH AVE, SEATTLE, WA, 98101-3002, UNITED STATES",False,False,False,
306,WIRELESS PROPCO LLC,"WIRELESS PROPCO, LLC",604 921 988,1566971,"44 S BROADWAY STE 601, WHITE PLAINS, NY, 10601-4422, UNITED STATES",False,False,False,
307,AVIA SEA PIKE LLC,"AVIA SEA PIKE, LLC",604 919 079,1566940,"180 N UNIVERSITY AVE STE 200, PROVO, UT, 84601-5648, UNITED STATES",False,False,False,
308,MOODY NATIONAL YALE-SEATTLE HOLDINGS LLC,"MOODY NATIONAL YALE-SEATTLE HOLDING, LLC",603 579 184,209933,"9655 KATY FWY STE 600, HOUSTON, TX, 77024-1385, UNITED STATES",False,False,False,
309,101 PINE STREET LLC,101 PINE STREET LLC,604 101 710,1332,,False,True,True,
310,101 PINE STREET LLC,"101 PINE STREET MASTER TENANT, LLC",604 227 008,1184346,"177 E COLORADO BLVD STE 400, PASADENA, CA, 91105-1970, UNITED STATES",True,False,False,
311,101 PINE STREET LLC,"101 PINE STREET SM, LLC",604 222 036,1184935,"117 E COLORADO BLVD STE 400, PASADENA, CA, 91105-3727, UNITED STATES",False,False,False,
312,101 PINE STREET LLC,"101 PINE STREET, LLC",604 101 710,1332,"177 E COLORADO BLVD STE 400, PASADENA, CA, 91105-1970, UNITED STATES",True,True,True,
313,ROOSEVELT HOTEL OWNER LLC,ROOSEVELT HOTEL OWNER LLC,603 440 553,952440,"1531 SEVENTH AVE, SEATTLE, WA, 98101, UNITED STATES",False,False,False,
314,MARKET PLACE CENTER LTD,"MARKET PLACE CENTER, LTD.",600 583 233,829762,"86 PINE ST, SEATTLE, WA, 98101-1531, UNITED STATES",False,False,False,
315,MARKET PLACE CENTER LTD,"MARKET PLACE CHIROPRACTIC WELLNESS CENTER , PLLC",602 847 139,836299,"9633 MARKET PL UNIT 102, LAKE STEVENS, WA, 98258-7944, UNITED STATES",False,False,False,
316,MARKET PLACE CENTER LTD,"MARKETPLACE INSURANCE CENTER, INC.",603 316 426,200941,"23904 NE 113TH LN, REDMOND, WA, 98053, UNITED STATES",False,False,False,
317,1915 SECOND AVENUE LLC,1915 SECOND AVENUE LLC,603 176 132,3642,"2801 ALASKAN WAY, SEATTLE, WA, 98121-1134, UNITED STATES",False,False,False,
318,MILNER VENTURES LLC,"MILNER VENTURES, LLC",602 259 240,334251,"31217 NE 110TH ST, CARNATION, WA, 98014-9743, UNITED STATES",False,False,False,
319,1415 5TH AVENUE SEATTLE LLC,"1415 5TH AVENUE, SEATTLE, LLC",604 186 121,60754,"C/O JUNSON CAPITAL, UNITS 5211-12, 52/F, THE CENTER, 99 QUEEN'S ROAD CENTRAL, HONGKONG, HONGKONG, HONGKONG, HONG KONG S.A.R.",False,False,False,
320,1821 BOREN AVENUE LLC,1821 BOREN AVENUE LLC,604 097 725,2130,"925 4TH AVE STE 3900, SEATTLE, WA, 98104-1113, UNITED STATES",False,False,False,
321,DC SEATTLE 1 PROPERTY LLC,"DC SEATTLE 1 PROPERTY, LLC",604 953 695,1590580,"5314 RIVER RUN DR STE 330, PROVO, UT, 84604-5692, UNITED STATES",False,False,False,
322,SEATTLE FUNDING CORP,SEATTLE BETHEL FUNDING SERVICES,604 485 059,1297874,,False,True,True,
323,SEATTLE FUNDING CORP,"SEATTLE BUSINESS FUNDING, LLC",604 388 393,1257024,"2116 ALKI AVE SW UNIT 301, SEATTLE, WA, 98116-1810, UNITED STATES",False,False,False,
324,SEATTLE FUNDING CORP,"SEATTLE CAPITAL FUNDING, LLC",603 427 353,444614,"222 3RD AVE S, EDMONDS, WA, 98020-3502, UNITED STATES",False,False,False,
325,SEATTLE FUNDING CORP,SEATTLE CROWDFUNDING LLC,603 194 244,424827,"1916 23RD AVENUE SOUTH, SEATTLE, WA, 98144, UNITED STATES",False,False,False,
326,SEATTLE FUNDING CORP,SEATTLE FUNDING CORP.,604 373 748,1245643,"68 S SERVICE RD STE 120, MELVILLE, NY, 11747-2350, UNITED STATES",False,False,False,
327,SEATTLE FUNDING CORP,"SEATTLE FUNDING GROUP, LTD.",601 164 015,421478,"11245 SE 6TH ST STE 210, BELLEVUE, WA, 98004-6499, UNITED STATES",False,False,False,
328,SEATTLE FUNDING CORP,TROUBLED TEEN ADVOCATE GROUP,604 485 059,1297874,"101 N BRAND BLVD FL 11, GLENDALE, CA, 91203-2638, UNITED STATES",False,True,True,
329,HT-SEATTLE OWNER LLC,"HT-SEATTLE OWNER, LLC",604 032 015,1121384,"217 PINE ST STE 200, SEATTLE, WA, 98101-1591, UNITED STATES",False,False,False,
330,FIFTH & PINE LLC,FIFTH & PINE LLC,602 452 775,176055,"2001 ROSS AVENUE, SUITE 3400, DALLAS, TX, 75201, UNITED STATES",False,False,False,
331,GIBRALTAR TOWER LLC,ARCHETYPE BELLTOWN LLC,604 394 203,1256941,"1924 1ST AVE STE 300, C/O BURRARD PROPERTIES INC., SEATTLE, WA, 98101-4802, UNITED STATES",False,True,True,
332,GIBRALTAR TOWER LLC,GIBRALTAR TOWER INVESTOR LLC,604 394 203,1256941,,False,True,True,
333,GIBRALTAR TOWER LLC,GIBRALTAR TOWER LLC.,602 511 823,721870,"720 SENECA ST, SUITE B, SEATTLE, WA, 98101-3265, UNITED STATES",False,False,False,
334,CSHV 1600 7TH AVENUE LLC,"CSHV 1600 7TH AVENUE, LLC",603 176 819,1107609,"333 WEST WACKER DRIVE, SUITE 2300, CHICAGO, IL, 60606, UNITED STATES",False,False,False,
335,TOWER BUILDING LLC,TOWER BUILDING LLC,601 893 911,1062467,"1809 7TH AVE STE 300, SEATTLE, WA, 98101-1341, UNITED STATES",True,False,False,
336,TOWER BUILDING LLC,"CLOCK TOWER BUILDING, L.L.C.",602 483 780,1105347,"8015 SE 28TH STREET, SUITE 400, MERCER ISLAND, WA, 98040, UNITED STATES",False,False,False,
337,TOWER BUILDING LLC,"PARK TOWER BUILDING, LLC",602 760 130,881837,"3900 EAST VALLEY HWY # 203, RENTON, WA, 98055, UNITED STATES",False,False,False,
338,TOWER BUILDING LLC,TOWER BUILDING CONDOMINIUM ASSOCIATION,604 835 144,1510253,"6333 83RD AVE SE, SNOHOMISH, WA, 98290-9208, UNITED STATES",False,False,False,
339,TOWER BUILDING LLC,"TOWER BUILDING SEVENTH AVENUE, INC.",601 896 703,486579,"1809 7TH AVE STE 300, SEATTLE, WA, 98101-1341, UNITED STATES",True,False,False,
340,TIMES SQUARE BUILDING LLC,TIMES SQUARE BUILDING LLC,601 893 912,1011985,"1809 7TH AVE STE 300, SEATTLE, WA, 98101-1341, UNITED STATES",True,False,False,
341,TIMES SQUARE BUILDING LLC,"TIMES SQUARE BUILDING FIFTH AVENUE, INC.",601 896 702,308191,"1809 7TH AVE STE 300, SEATTLE, WA, 98101-1341, UNITED STATES",True,False,False,
342,BGO PLAZA 600 JV LLC,BGO PLAZA 600 JV LLC,604 537 878,1328392,"1425 4TH AVE STE 200, C/O URG PLAZA 600 INVESTORS LLC,, SEATTLE, WA, 98101, UNITED STATES",False,False,False,
343,HUDSON 1918 EIGHTH AVENUE LLC,"HUDSON 1918 EIGHTH AVENUE, LLC",604 678 268,1409166,"11601 WILSHIRE BLVD., 9TH FLOOR, LOS ANGELES, CA, 90025, UNITED STATES",False,False,False,
344,1800 NINTH ACQUISITION LLC,1800 NINTH ACQUISITION LLC,604 533 218,1322949,"383 MADISON AVE, NEW YORK, NY, 10017-3217, UNITED STATES",False,False,False,
345,SECOND & SPRING PROPERTY SEA LLC,SECOND AND SPRING PROPERTY (SEA) LLC,604 299 552,1217955,"1215 4TH AVENUE, SUITE 600, SEATTLE, WA, 98161, UNITED STATES",False,False,False,
346,RUNNING REBELS OWNER LLC,RUNNING REBELS OWNER LLC,603 099 961,436138,"4747 BETHESDA AVENUE, SUITE 1100, BETHESDA, MD, 20814, UNITED STATES",False,False,False,
347,VANCE HOTEL ASSOCIATES LIMITED PARTNERSHIP,"VANCE HOTEL ASSOCIATES, LLC",602 678 924,318440,"1531 7TH AVE, SEATTLE, WA, 98101, UNITED STATES",False,False,False,
348,BRE-BMR 34TH LLC,BRE-BMR 34TH LLC,604 825 027,1503851,"4570 EXECUTIVE DR STE 400, SAN DIEGO, CA, 92121-3074, UNITED STATES",False,False,False,
349,MIDTOWN21 LLC,MIDTOWN21 LLC,604 129 091,318280,"925 4TH AVE STE 3900, SEATTLE, WA, 98104-1113, UNITED STATES",False,False,False,
350,ACADEMIA PLACE LLC,ACADEMIA PLACE LLC,602 556 120,366379,"5608 15TH AVE NE, SEATTLE, WA, 98105, UNITED STATES",False,False,False,
351,ARIMOCC LLC,"ARIMOCC, LLC",601 620 793,40654,"3326 160TH AVE SE STE 150, BELLEVUE, WA, 98008-6419, UNITED STATES",False,False,False,
352,NOVO ROOSEVELT LLC,NOVO ROOSEVELT LLC,603 468 978,350716,"1023 NE 43RD ST, SEATTLE, WA, 98105-4600, UNITED STATES",False,False,False,
353,BEACON HILL VENTURES LLC,"BEACON HILL VENTURES, LLC",604 346 925,1238054,"17410 NE 116TH WAY, REDMOND, WA, 98052-2803, UNITED STATES",False,False,False,
354,CONAM HOLMAN 13 OWNER LLC,CONAM HOLMAN13 OWNER LLC,603 437 535,115631,"3990 RUFFIN RD STE 100, SAN DIEGO, CA, 92123-4805, UNITED STATES",False,False,False,
355,EQR-SPRINGLINE LLC,EQR-SPRINGLINE LLC,604 123 438,190630,"TWO NORTH RIVERSIDE PLAZA, SUITE 400, CHICAGO, IL, 60606, UNITED STATES",False,False,False,
356,1701 DEXTER LLC,1701 DEXTER LLC,603 254 124,58899,"1101 N NORTHLAKE WAY STE 106, SEATTLE, WA, 98103-8901, UNITED STATES",False,False,False,
357,AUGUSTA OWNER LLC,AUGUSTA OWNER LLC,604 528 718,1316084,"701 5TH AVE STE 5700, SEATTLE, WA, 98104-7014, UNITED STATES",False,False,False,
358,AUGUSTA OWNER LLC,AUGUSTA HOMEOWNERS ASSOCIATION,601 798 682,44558,"7509 195TH ST CT E, PUYALLUP, WA, 98373, UNITED STATES",False,False,False,
359,AUGUSTA OWNER LLC,AUGUSTA WOODS CONDOMINIUM OWNERS ASSOCIATION,602 342 925,45785,"9412 16TH DR W, EVERETT, WA, 98204-2146, UNITED STATES",False,False,False,
360,1200 PIKE LLC,"1200 E PIKE ST, LLC",603 575 091,755602,"1200 E PIKE ST STE 1, SEATTLE, WA, 98122-4311, UNITED STATES",False,False,False,
361,1200 PIKE LLC,1200 PIKE L.L.C.,602 744 696,1885,"1302 PUYALLUP ST, SUMNER, WA, 98390, UNITED STATES",False,False,False,
362,LE MADISON LLC,"BROADSTONE SEATTLE MADISON ALLIANCE, LLC",603 216 408,72391,"2415 E CAMELBACK ROAD STE 600, PHOENIX, AZ, 85016, UNITED STATES",False,False,False,
363,LE MADISON LLC,CLEO MADISON LLC,604 066 333,110535,"14424 N CREEK DR #1131, MILL CREEK, WA, 98012, UNITED STATES",False,False,False,
364,LE MADISON LLC,"DWELL EAST MADISON, LLC",602 878 686,673820,"536 BROADWAY E, SEATTLE, WA, 98102, UNITED STATES",False,False,False,
365,LE MADISON LLC,EQR/LEGACY PARTNERS (2000) 23RD & MADISON LLC,602 082 649,664969,,False,False,False,
366,LE MADISON LLC,"JBL - EAST MADISON, LLC",603 425 617,752438,"2110 WESTERN AVE, SEATTLE, WA, 98121, UNITED STATES",False,False,False,
367,LE MADISON LLC,KLEIN MADISON PARK LLC,604 273 465,1200889,"2701 2ND AVE, SEATTLE, WA, 98121-1207, UNITED STATES",False,False,False,
368,LE MADISON LLC,"LE MADISON, LLC",602 775 176,190199,"9750 3RD AVE NE STE 303, SEATTLE, WA, 98115-2022, UNITED STATES",False,False,False,
369,LE MADISON LLC,"LEE MADISON MARRIAGE & FAMILY MINISTRIES, INC.",603 041 295,795635,"7021 HOMESTEAD AVENUE, TACOMA, WA, 98404, UNITED STATES",False,False,False,
370,LE MADISON LLC,"QUORUM REAL ESTATE/MADISON, INC.",601 173 266,954073,"733 37TH AVE, SEATTLE, WA, 98122-5222, UNITED STATES",False,False,False,
371,LE MADISON LLC,"SEATTLE MADISON, L.L.C.",603 226 910,445387,"1900 WEST LOOP S, SUITE 1300, HOUSTON, TX, 77027-3214, UNITED STATES",False,False,False,
372,LE MADISON LLC,"WESTDALE MADISON 2018, LLC",604 332 764,1233068,"2550 PACIFIC AVE, SUITE 1600, DALLAS, TX, 75226-1433, UNITED STATES",False,False,False,
373,101 DENNY LLC,101 DENNY LLC,603 370 372,3148,"506 2ND AVE, SUITE 1020, SEATTLE, WA, 98104-2328, UNITED STATES",False,False,False,
374,101 DENNY LLC,"NWCH 101 DENNY, L.P.",603 591 921,357697,"PARKLAND HALL, 3889 MAPLE AVENUE, SUITE 200, DALLAS, TX, 75219, UNITED STATES",False,False,False,
375,BPP HOLLAND ONE LAKEFRONT LLC,BPP HOLLAND ONE LAKEFRONT LLC,604 194 956,1166512,"233 S WACKER DR, SUITE 4700, CHICAGO, IL, 60606-6374, UNITED STATES",False,False,False,
376,DAIWA WILSHIRE SEATTLE I SPE LLC,"DAIWA WILSHIRE SEATTLE I SPE, LLC",604 894 045,1548083,"2225 CAMPUS DR, EL SEGUNDO, CA, 90245-0001, UNITED STATES",False,False,False,
377,DAIWA WILSHIRE SEATTLE I SPE LLC,"DAIWA WILSHIRE SEATTLE I SPE, LLC",604 516 489,1323836,"2301 ROSECRANS AVE STE 4130, EL SEGUNDO, CA, 90245-4966, UNITED STATES",False,False,False,
378,GRANCORP LARSSON LLC,GRANCORP LARSSON LLC,603 208 452,718383,"423 PACIFIC AVE STE 402, BREMERTON, WA, 98337-1948, UNITED STATES",False,False,False,
379,SRMAHULVEGA LLC,"SRMAHULVEGA, LLC",604 963 458,1595127,"111 N POST ST STE 200, SPOKANE, WA, 99201-4911, UNITED STATES",False,False,False,
380,ACME WMR ORI LLC,ACME WMR ORI LLC,604 505 638,1304599,"7417 W MERCER WAY, MERCER ISLAND, WA, 98040-5536, UNITED STATES",False,False,False,
381,19 W HARRISON LLC,19 W HARRISON LLC,603 410 998,60158,"C/O TEUTSCH PARTNERS, LLC, 2001 WESTERN AVE STE 330, SEATTLE, WA, 98121, UNITED STATES",False,False,False,
382,CHERRY ST LLC,"1000 CHERRY STREET, LLC",603 527 996,1385,"2534 70TH AVE NW # B, OLYMPIA, WA, 98502-3317, UNITED STATES",False,False,False,
383,CHERRY ST LLC,"1006 SOUTH CHERRY STREET, LLC",603 240 045,1061,"3229 SOUTH 148TH STREET, SEATAC, WA, 98168, UNITED STATES",False,False,False,
384,CHERRY ST LLC,"2650 CHERRY CREST, LLC",604 725 476,1436772,"14048 NE 27TH ST, BELLEVUE, WA, 98007-3608, UNITED STATES",False,False,False,
385,CHERRY ST LLC,"5441 CHERRY ST,  LLC",604 929 574,1571732,"338 GRAMAYRE RD, COUPEVILLE, WA, 98239-9614, UNITED STATES",False,False,False,
386,CHERRY ST LLC,AA CHERRY INVESTMENTS LLC,603 588 208,260938,"1425 BROADWAY # 22509, SEATTLE, WA, 98122-3854, UNITED STATES",False,False,False,
387,CHERRY ST LLC,CARMELOS TACOS CHERRY STREET LLC,604 680 927,1408664,"1223 E CHERRY ST SPC C121A, SEATTLE, WA, 98122-4478, UNITED STATES",False,False,False,
388,CHERRY ST LLC,CHERRY BLOSSOM CUSTOMS AND CONTENT LLC,605 095 088,1642329,"8397 158TH AVE NE APT 614, REDMOND, WA, 98052-5586, UNITED STATES",False,False,False,
389,CHERRY ST LLC,CHERRY BLOSSOM ESTATES HOMEOWNERS ASSOCIATION,602 450 495,613983,"71 PETAL LN, SEQUIM, WA, 98382-3601, UNITED STATES",False,False,False,
390,CHERRY ST LLC,"CHERRY BLOSSOM INVESTMENTS, LLC",604 704 926,1423406,"71100 HOLMES RD, SISTERS, OR, 97759-9709, UNITED STATES",False,False,False,
391,CHERRY ST LLC,CHERRY BOMB ESTHETICS PLLC,604 930 320,1569720,"3095 GOSHEN RD, BELLINGHAM, WA, 98226-9584, UNITED STATES",False,False,False,
392,CHERRY ST LLC,CHERRY CREEK ESTATES OWNERS ASSOCIATION,603 545 114,126086,"9025 W TUCANNON AVE, KENNEWICK, WA, 99336-7219, UNITED STATES",False,False,False,
393,CHERRY ST LLC,CHERRY CREEK WRESTLING CLUB,604 981 252,1603258,,True,False,False,
394,CHERRY ST LLC,"CHERRY CREST CONSTRUCTION, L.L.C.",602 781 134,625609,"35416 68TH AVE E, EATONVILLE, WA, 98328, UNITED STATES",False,False,False,
395,CHERRY ST LLC,CHERRY CREST HOUSE LLC,604 939 392,1580248,"13551 SE 27TH PL, BELLEVUE, WA, 98005-4212, UNITED STATES",False,False,False,
396,CHERRY ST LLC,CHERRY CREST PARENT TEACHER ASSOCIATION,601 586 928,74898,"12400 NE 32ND ST, BELLEVUE, WA, 98005-1610, UNITED STATES",False,False,False,
397,CHERRY ST LLC,CHERRY CREST SADDLE CLUB,601 982 201,74899,"13117 NE 33RD ST, BELLEVUE, WA, 98005, UNITED STATES",False,False,False,
398,CHERRY ST LLC,CHERRY CREST VISTA HOMEOWNER ASSOCIATION,602 076 203,126087,"12543 NE 23RD PL APT D6, BELLEVUE, WA, 98005-1550, UNITED STATES",False,False,False,
399,CHERRY ST LLC,"CHERRY CREST, LLC",602 192 352,106355,"1938 43RD AVE E, SEATTLE, WA, 98112-3235, UNITED STATES",False,False,False,
400,CHERRY ST LLC,"CHERRY FAMILY INVESTMENTS, LLC",602 903 128,126089,"18201 107TH AVE SW, VASHON, WA, 98070-5105, UNITED STATES",False,False,False,
401,CHERRY ST LLC,CHERRY HILL BAPTIST CHURCH,601 383 943,616074,,True,False,False,
402,CHERRY ST LLC,"CHERRY HILL ESTATES HKN, LLC",603 056 454,610852,"212 OLD OWEN RD, SULTAN, WA, 98294-9437, UNITED STATES",False,False,False,
403,CHERRY ST LLC,CHERRY HILL ESTATES TENANT ORGANIZATION,604 126 754,1104380,"212 OLD OWEN RD, TRLR 46, SULTAN, WA, 98294-9437, UNITED STATES",False,False,False,
404,CHERRY ST LLC,CHERRY HILL FLORIST LLC,603 587 163,610853,"112 S LINCOLN ST STE C, PORT ANGELES, WA, 98362-2937, UNITED STATES",False,False,False,
405,CHERRY ST LLC,"CHERRY HILL MANOR BED & BREAKFAST, L.L.C.",601 769 861,610854,,True,False,False,
406,CHERRY ST LLC,CHERRY HILL VISTA HOMEOWNERS ASSOCIATION,602 628 886,106361,"26602 NE ANDERSON ST,, DUVALL, WA, 98019, UNITED STATES",False,False,False,
407,BROOK IV LLC,"AEDYN BROOKS CREATIVE WORKS, LLC",604 112 207,16404,"15209 48TH DR SE, EVERETT, WA, 98208-8821, UNITED STATES",False,False,False,
408,BROOK IV LLC,"ANGELBROOK SENIOR LIVING, LLC",602 968 336,37568,"14801 NE 17TH AVE, VANCOUVER, WA, 98686, UNITED STATES",False,False,False,
409,BROOK IV LLC,BROOK IV  LLC,602 772 580,585785,"999 N NORTHLAKE WAY, SUITE 200, SEATTLE, WA, 98103-3422, UNITED STATES",False,False,False,
410,BROOK IV LLC,"BROOKDALE HOMES IV, LLC",602 225 540,594823,"4116 BROOKDALE RD E, TACOMA, WA, 98446-1613, UNITED STATES",False,False,False,
411,BROOK IV LLC,"BROOKDALE LIVING COMMUNITIES OF WASHINGTON, INC.",601 778 079,603149,,True,False,False,
412,BROOK IV LLC,"BROOKDALE LIVING COMMUNITIES OF WASHINGTON, L.L.C.",601 770 288,590382,,True,False,False,
413,BROOK IV LLC,"BROOKDALE LIVING COMMUNITIES OF WASHINGTON-PP, LLC",602 071 673,603395,"500 N HURSTBOURNE PKWY, SUITE 200, LOUISVILLE, KY, 40222-3301, UNITED STATES",False,False,False,
414,BROOK IV LLC,"BROOKDALE LIVING COMMUNITIES, INC.",602 584 104,603396,"111 WESTWOOD PL STE 400, BRENTWOOD, TN, 37027, UNITED STATES",True,False,False,
415,BROOK IV LLC,"BROOKDALE SENIOR LIVING COMMUNITIES, INC.",601 712 839,589375,"111 WESTWOOD PL STE 400, BRENTWOOD, TN, 37027, UNITED STATES",True,False,False,
416,BROOK IV LLC,BROOKDALE SENIOR LIVING FOUNDATION,602 915 262,585787,"111 WESTWOOD PL STE 400, BRENTWOOD, TN, 37027-5057, UNITED STATES",False,False,False,
417,BROOK IV LLC,"BROOKE HEYMAN INTEGRATIVE PSYCHIATRY, P.C.",604 161 604,589376,"1417 NW 54TH ST, STE 460, SEATTLE, WA, 98107-3562, UNITED STATES",False,False,False,
418,BROOK IV LLC,BROOKE'S PRIVATE & PERSONALIZED BALI TOURS LLC,604 506 263,1306277,"1557 WEATHERVANE CT, FIRCREST, WA, 98466-5728, UNITED STATES",False,False,False,
419,BROOK IV LLC,BROOKEFIELD DIV. II HOMEOWNERS ASSOCIATION,602 677 131,577324,"5121 NE 11TH CT, RENTON, WA, 98059-4372, UNITED STATES",False,False,False,
420,BROOK IV LLC,BROOKFIELD FARMS IV OWNERS ASSOCIATION,603 433 664,589364,"8617 MARTIN WAY E, LACEY, WA, 98516-5805, UNITED STATES",False,False,False,
421,BROOK IV LLC,BROOKHAVEN DIVISION 1 HOMEOWNERS ASSOCIATION,602 714 920,577328,"12537 15TH AVE NE STE 207, SEATTLE, WA, 98125-3979, UNITED STATES",False,False,False,
422,BROOK IV LLC,BROOKRCREST-RIVERCREST ROAD MAINTENANCE ASSOCIATION,603 128 666,76305,"120 BROOKCREST DRIVE, TOLEDO, WA, 98591, UNITED STATES",False,False,False,
423,BROOK IV LLC,"BROOKS BIDDLE AUTOMOTIVE, INC.",179 011 573,73305,"17909 BOTHELL WAY NE, BOTHELL, WA, 98011-1915, UNITED STATES",False,False,False,
424,BROOK IV LLC,BROOKS DIVERSITIES LLC,603 061 763,76309,"23122 NE 47TH ST, REDMOND, WA, 98053, UNITED STATES",False,False,False,
425,BROOK IV LLC,BROOKS DRIVING SCHOOL LLC,605 009 532,1622710,"25829 104TH AVE SE, KENT, WA, 98030-7607, UNITED STATES",False,False,False,
426,BROOK IV LLC,BROOKSIDE SENIOR LIVING LLC,604 835 719,1508373,"19603 99TH ST E, BONNEY LAKE, WA, 98391-5949, UNITED STATES",False,False,False,
427,BROOK IV LLC,CLEARBROOK DRIVE LLC,604 456 338,1282666,"1304 CLEARBROOK DR, BELLINGHAM, WA, 98229-2307, UNITED STATES",False,False,False,
428,BROOK IV LLC,"CLEARBROOK INN LIVING CENTER, INC.",601 266 029,110156,,True,False,False,
429,BROOK IV LLC,"EMILYBROOKE COLLECTIVE, LLC",604 621 394,1370880,"4223 48TH AVE S, SEATTLE, WA, 98118-1414, UNITED STATES",False,False,False,
430,BROOK IV LLC,HONEY BROOKE DIV. II NW HOMEOWNERS ASSOCIATION,602 302 066,744955,"5310 NE 4TH CT, RENTON, WA, 98059-8566, UNITED STATES",False,False,False,
431,BROOK IV LLC,LINBROOK OFFICE PARK IV LIMITED PARTNERSHIP,601 220 524,1129448,,True,False,False,
432,1550 ARMORY LLC,1550 ARMORY LLC,604 096 858,3458,"14205 SE 36TH ST STE 143, BELLEVUE, WA, 98006-1596, UNITED STATES",False,False,False,
433,8TH & PINE JOINT VENTURE,8TH & PINE JOINT VENTURE LLC,603 459 107,1092741,"10400 NE 4TH ST, #2225, BELLEVUE, WA, 98004-5184, UNITED STATES",False,False,False,
434,SEATTLE HOST HOTEL COMPANY L L C,SEATTLE HOST HOTEL COMPANY LLC,602 658 705,944347,"4747 BETHESDA AVENUE, SUITE 1300, BETHESDA, MD, 20814-5584, UNITED STATES",False,False,False,
435,WORLDMARK THE CLUB,"UNIT OWNERS ASSOCIATION OF WORLDMARK, THE CLUB-MARINER VILLAGE",601 582 462,1004633,"6277 SEA HARBOR DR, ORLANDO, FL, 32821-8027, UNITED STATES",True,False,False,
436,WORLDMARK THE CLUB,"WORLDMARK, THE CLUB",601 203 364,1056986,"6277 SEA HARBOR DR, ORLANDO, FL, 32821-8027, UNITED STATES",True,False,False,
437,WEATHERFORD APARTMENTS LLC,WEATHERFORD APARTMENTS LLC,603 143 977,1056407,"14410 NE BEL RED RD, BELLEVUE, WA, 98007-3953, UNITED STATES",False,False,False,
438,SPRING & 1111 THIRD PROPERTY SEA LLC,SPRING AND 1111 THIRD PROPERTY (SEA) LLC,604 296 470,1217950,"1215 FOURTH AVENUE, SUITE 600, SEATTLE, WA, 98161, UNITED STATES",False,False,False,
