,SearchTerm,BusinessName,UBINumber,BusinessId,Address,address_match,ubi_match,id_match,IsMatch
0,4801 FAUNTLEROY LLC,"4801 FAUNTLEROY, LLC",603 554 569,344604,"2633 EASTLAKE AVE E STE 307, SEATTLE, WA, 98102-3231, UNITED STATES",False,False,False,
1,ALASKA HOUSE LLC,ALASKA HOUSE LLC,604 109 306,531432,"30 HUDSON YARDS, 72ND FL, NEW YORK, NY, 10001-2170, UNITED STATES",False,False,False,
2,ALASKA HOUSE LLC,"ALASKA HOUSE AFFILIATES, LLC",602 325 326,483638,,True,False,False,
3,ALASKA HOUSE LLC,ALASKA HOUSE ASSOCIATES,601 117 715,28187,,True,False,False,
4,ALASKA HOUSE LLC,ALASKA HOUSE INVESTORS LLC,604 082 957,527866,"384 FOREST AVE STE 14, LAGUNA BEACH, CA, 92651-2132, UNITED STATES",False,False,False,
5,ALASKA HOUSE LLC,"ALASKAN HOUSE FLIPPERS, LLC",603 334 140,24572,"1661 THUJA AVE, ANCHORAGE, AK, 99507-4124, UNITED STATES",False,False,False,
6,ALASKA HOUSE LLC,AOF ALASKA HOUSE LLC,604 102 070,548490,"7755 CENTER AVE STE 575, HUNTINGTN BCH, CA, 92647-3068, UNITED STATES",False,False,False,
7,ALASKA HOUSE LLC,CAH-IDA ALASKA HOUSE LLC,602 840 847,592826,"2801 ALASKAN WAY STE 200, SEATTLE, WA, 98121, UNITED STATES",False,False,False,
8,ALASKA HOUSE LLC,"EPV ALASKA HOUSE GP MEMBER, LLC",602 787 435,169618,"1 CITY CENTER 2ND FL, PORTLAND, ME, 04101, UNITED STATES",False,False,False,
9,HUDSON SQUARE APARTMENTS LLC,"HUDSON SQUARE APARTMENTS, LLC",602 698 010,749941,"2940 FAIRVIEW AVE E, SEATTLE, WA, 98102-3016, UNITED STATES",False,False,False,
10,4730 CALIFORNIA LLC,"4730 CALIFORNIA II, LLC",603 457 523,61721,"6710 E CAMELBACK RD, SUITE 100, SCOTTSDALE, AZ, 85251-2031, UNITED STATES",True,False,False,
11,4730 CALIFORNIA LLC,"4730 CALIFORNIA, LLC",603 272 348,5382,"6710 E CAMELBACK RD, SUITE 100, SCOTTSDALE, AZ, 85251-2031, UNITED STATES",True,False,False,
12,WEST SEATTLE CAPITAL PARTNERS,"WEST SEATTLE CAPITAL PARTNERS, L.P.",601 299 781,558583,"416 101ST AVE SE OFC, BELLEVUE, WA, 98004-8155, UNITED STATES",False,False,False,
13,RSA SOUND VIEW LLC,RSA SOUND VIEW LLC,602 022 542,944942,"2825 EASTLAKE AVE E, 200, SEATTLE, WA, 98102-3062, UNITED STATES",False,False,False,
14,BROADSTONE SKY LLC,"BROADSTONE SKY ALLIANCE, LLC",603 394 862,584906,"2525 E CAMELBACK RD STE 500, PHOENIX, AZ, 85016-4227, UNITED STATES",False,False,False,
15,BROADSTONE SKY LLC,"BROADSTONE SKY, LLC",603 395 732,602318,"C/O AEW, 2 SEAPORT LANE, 15TH FLOOR, BOSTON, MA, 02210, UNITED STATES",False,False,False,
16,3 M 42 LLC,"3 M 42, LLC",604 076 079,1092155,"4532 42ND AVE SW, SEATTLE, WA, 98116-4755, UNITED STATES",False,False,False,
17,3 M 42 LLC,Z&3M 7428 PROPERTY MANAGEMENT LLC,604 929 227,1568926,"40 VANDERBILT RD, MANHASSET, NY, 11030-3408, UNITED STATES",False,False,False,
18,ADMIRAL FARM TO MARKET L L C,"ADMIRAL FARM TO MARKET, L.L.C.",602 162 384,16870,"96 MAIN ST, EASTSOUND, WA, 98245-9100, UNITED STATES",False,False,False,
19,SVF ADMIRAL SAFEWAY SEATTLE LLC,"SVF ADMIRAL SAFEWAY SEATTLE, LLC",603 220 283,1001668,"C/O AMERICAN REALTY ADVISORS, 515 S. FLOWER ST, 49TH FLOOR, LOS ANGELES, CA, 90071, UNITED STATES",False,False,False,
20,J.G.CROWN HILL L.L.C,"J.G. CROWN HILL, L.L.C.",601 881 691,779056,"400 112TH AVE NE STE 230, BELLEVUE, WA, 98004-5545, UNITED STATES",False,False,False,
21,820 NW 95TH STREET PROPERTY LLC,820 NW 95TH STREET PROPERTY LLC,604 766 946,1467466,"9526 W PICO BLVD, LOS ANGELES, CA, 90035-1202, UNITED STATES",False,False,False,
22,FIRST FREE METHODIST CHURCH,FIRST FREE METHODIST CHURCH OF BALLARD,601 144 787,1114566,"1460 NW 73RD ST, SEATTLE, WA, 98117-5353, UNITED STATES",False,False,False,
23,FIRST FREE METHODIST CHURCH,"FIRST FREE METHODIST CHURCH OF CHEWELAH, WASHINGTON",601 842 258,122809,"203 E CLAY AND 2ND ST, CHEWELAH, WA, 99109, UNITED STATES",False,False,False,
24,FIRST FREE METHODIST CHURCH,FIRST FREE METHODIST CHURCH OF MOUNT VERNON,602 361 283,177469,"1830 S 13TH ST, MOUNT VERNON, WA, 98274, UNITED STATES",False,False,False,
25,FIRST FREE METHODIST CHURCH,"FIRST FREE METHODIST CHURCH OF NORTH YAKIMA, WASHINGTON",602 805 146,177470,"7105 ALPINE WAY, YAKIMA, WA, 98908-1640, UNITED STATES",False,False,False,
26,FIRST FREE METHODIST CHURCH,FIRST FREE METHODIST CHURCH OF SEATTLE,601 121 097,165185,"3200 3RD AVE W, SEATTLE, WA, 98119-1903, UNITED STATES",False,False,False,
27,FIRST FREE METHODIST CHURCH,FIRST FREE METHODIST CHURCH OF SEDRO WOOLLEY,601 143 659,696578,"118 N BALL ST, SEDRO WOOLLEY, WA, 98284-1215, UNITED STATES",False,False,False,
28,FIRST FREE METHODIST CHURCH,FIRST FREE METHODIST CHURCH OF SPOKANE,602 116 279,705511,"1725 W COURTLAND AVE, SPOKANE, WA, 99205-2612, UNITED STATES",False,False,False,
29,FIRST FREE METHODIST CHURCH,THE FIRST FREE METHODIST CHURCH OF OLYMPIA,601 150 186,481446,"1901 7TH AVE SE, OLYMPIA, WA, 98501-1810, UNITED STATES",False,False,False,
30,FIRST FREE METHODIST CHURCH,THE FIRST FREE METHODIST CHURCH OF PORT ANGELES,601 147 011,299367,,False,False,False,
31,GREEN LAKE PRESBYTERIAN CHURCH PRESBYTERIAN CHURCH IN AMERICA,GREEN LAKE PRESBYTERIAN CHURCH PRESBYTERIAN CHURCH IN AMERICA,601 144 358,140012,,False,True,True,
32,GREEN LAKE PRESBYTERIAN CHURCH PRESBYTERIAN CHURCH IN AMERICA,"TRINITY CHURCH SEATTLE, PRESBYTERIAN CHURCH IN AMERICA ",601 144 358,140012,"6512 23RD AVE NW, SEATTLE, WA, 98117-5728, UNITED STATES",False,True,True,
33,SMALL FACES CHILD DEVELOPMENT CENTER,SMALL FACES CHILD DEVELOPMENT CENTER,601 141 409,1020046,"9250 14TH AVE NW, SEATTLE, WA, 98117-2306, UNITED STATES",False,False,False,
34,DUVAL LIMITED PARTNERSHIP,1303-WLD DUVALL VILLAGE LLC,603 326 455,5762,"1010 MARKET ST, KIRKLAND, WA, 98033, UNITED STATES",False,False,False,
35,DUVAL LIMITED PARTNERSHIP,14810 DUVALL LLC,604 890 336,1545244,"19209 NE 165TH ST, WOODINVILLE, WA, 98077-9435, UNITED STATES",False,False,False,
36,DUVAL LIMITED PARTNERSHIP,14911 DUVALL PROPERTY LLC,603 333 520,2704,"2822 140TH AVE NE, BELLEVUE, WA, 98005, UNITED STATES",False,False,False,
37,DUVAL LIMITED PARTNERSHIP,"1520 DUVALL, L.L.C.",602 278 415,3416,"13200 LK KATHLEEN RD SE, RENTON, WA, 98059, UNITED STATES",False,False,False,
38,DUVAL LIMITED PARTNERSHIP,1625 DUVALL REALTY INVESTORS LLC,604 805 505,1488560,"15309 SE 49TH PL, BELLEVUE, WA, 98006-3652, UNITED STATES",False,False,False,
39,DUVAL LIMITED PARTNERSHIP,221 DUVAL STREET L.L.C.,602 191 138,63533,"7705 SE 34TH ST, MERCER ISLAND, WA, 98040-3426, UNITED STATES",False,False,False,
40,DUVAL LIMITED PARTNERSHIP,"27011 DUVALL, LLC",604 262 256,1202192,"20816 NE 141ST ST, WOODINVILLE, WA, 98077-7667, UNITED STATES",False,False,False,
41,DUVAL LIMITED PARTNERSHIP,3014 DUVAL LOOP LLC,604 840 156,1514129,"3014 DUVAL LOOP, RICHLAND, WA, 99352-4186, UNITED STATES",False,False,False,
42,DUVAL LIMITED PARTNERSHIP,"ADVANCED FAMILY EYE CARE OF DUVALL, PS",603 520 503,484139,"14610 MAIN ST NE, SUITE 101, DUVALL, WA, 98019-8469, UNITED STATES",False,False,False,
43,DUVAL LIMITED PARTNERSHIP,ADVENTURE COMMUNITY CHURCH OF DUVALL,602 368 609,489260,"26632 NE STELLA ST, DUVALL, WA, 98019-8410, UNITED STATES",False,False,False,
44,DUVAL LIMITED PARTNERSHIP,ARNDT DUVALL RETAIL LLC,602 356 784,30098,"15015 MAIN ST STE 203, BELLEVUE, WA, 98007, UNITED STATES",False,False,False,
45,DUVAL LIMITED PARTNERSHIP,ART OF DUVALL,604 579 312,1340522,"29221 NE 126TH ST, DUVALL, WA, 98019, UNITED STATES",False,False,False,
46,DUVAL LIMITED PARTNERSHIP,ASABA DUVALL RETAIL LLC,602 356 787,41708,"15015 MAIN ST STE 203, BELLEVUE, WA, 98007-5229, UNITED STATES",False,False,False,
47,DUVAL LIMITED PARTNERSHIP,BOSWELL DUVALL RETAIL LLC,602 356 789,1100836,"1200 WESTLAKE AVE N STE 509, SEATTLE, WA, 98109, UNITED STATES",False,False,False,
48,DUVAL LIMITED PARTNERSHIP,"BRIAN DUVALL, O.D., P.C.",602 182 949,584114,"1420 NW GILMAN BLVD STE 2-9077, ISSAQUAH, WA, 98027-5394, UNITED STATES",False,False,False,
49,DUVAL LIMITED PARTNERSHIP,BROTHERS DUVALL LLC,604 288 648,1209608,"14520 248TH AVE NE, DUVALL, WA, 98019, UNITED STATES",False,False,False,
50,DUVAL LIMITED PARTNERSHIP,"CAFE DUVALL, INC.",602 590 815,81629,"15602 MAIN ST NE, DUVALL, WA, 98019-8578, UNITED STATES",False,False,False,
51,DUVAL LIMITED PARTNERSHIP,CAMWEST DUVALL LLC,602 681 880,588644,,False,False,False,
52,DUVAL LIMITED PARTNERSHIP,CANADAY PROPERTIES DUVALL LLC,604 541 124,1390378,"13172 BEAR MOUNTAIN RD SE, MONROE, WA, 98272-2841, UNITED STATES",False,False,False,
53,DUVAL LIMITED PARTNERSHIP,CARNATION - DUVALL CITIZEN CORPS COUNCIL,602 285 528,602912,"11405 W LAKE JOY DR NE, CARNATION, WA, 98014-6831, UNITED STATES",False,False,False,
54,DUVAL LIMITED PARTNERSHIP,"CHAD DUVALL, PLLC",602 594 028,619530,"23 S. WENATCHEE AVE, #125, WENATCHEE, WA, 98801, UNITED STATES",False,False,False,
55,DUVAL LIMITED PARTNERSHIP,"CLAY DUVALL, LLC",602 688 457,101407,"2002 196TH ST SW, LYNNWOOD, WA, 98036-7092, UNITED STATES",False,False,False,
56,DUVAL LIMITED PARTNERSHIP,COTTONWOOD GROVE-DUVALL HOMEOWNERS ASSOCIATION,602 860 236,642380,"14520 270TH PL NE, DUVALL, WA, 98019-8222, UNITED STATES",False,False,False,
57,DUVAL LIMITED PARTNERSHIP,"CRP/AHV DUVALL VILLAGE OWNER, L.L.C.",604 633 052,1372803,"1001 PENNSYLVANIA AVE NW, SUITE 220 SOUTH, WASHINGTON, DC, 20004-2525, UNITED STATES",False,False,False,
58,DUVAL LIMITED PARTNERSHIP,DARRYL DUVALL ANESTHESIA LLC,603 031 294,644289,"6226 BRIGHTON BEACH DR, CLINTON, WA, 98236, UNITED STATES",False,False,False,
59,FORTYSEVEN LLC,FORTY SEVENTH AVENUE LLC,603 101 798,709591,"11029 TOTEM POLE LN, WOODWAY, WA, 98020-5237, UNITED STATES",False,False,False,
60,FORTYSEVEN LLC,"FORTYSEVEN, LLC",604 043 847,698922,"8356 16TH AVE NW, SEATTLE, WA, 98117-3662, UNITED STATES",False,False,False,
61,FORTYSEVEN LLC,"LATITUDE FORTY-SEVEN, LLC",602 455 259,276372,"1608 S 96TH ST, SEATTLE, WA, 98108-5115, UNITED STATES",False,False,False,
62,FORTYSEVEN LLC,REID-FORTY SEVENTH ASSOCIATES LIMITED PARTNERSHIP,601 311 664,940487,,False,False,False,
63,CROWN RIDGE LLC,"19420 CROWN RIDGE, LLC",604 326 353,1235864,"14111 52ND AVE NW, SUITE 200, STANWOOD, WA, 98292-8993, UNITED STATES",False,False,False,
64,CROWN RIDGE LLC,"CROWN & BRIDGE DENTAL LAB, LLC",603 589 813,128918,"600 SW KENYON ST APT N301, SEATTLE, WA, 98106-4068, UNITED STATES",False,False,False,
65,CROWN RIDGE LLC,CROWN RIDGE CNC LLC,605 013 650,1626205,"674 DRY GULCH RD, COLVILLE, WA, 99114-9150, UNITED STATES",False,False,False,
66,CROWN RIDGE LLC,CROWN RIDGE CONSTRUCTION LLC,604 273 936,1205523,"32310 S ONA WAY, MOLALLA, OR, 97038-9215, UNITED STATES",False,False,False,
67,CROWN RIDGE LLC,CROWN RIDGE ENTERPRISES LLC,604 478 879,1301510,"572A CROWN RIDGE WAY, COLVILLE, WA, 99114-8200, UNITED STATES",False,False,False,
68,CROWN RIDGE LLC,CROWN RIDGE ESTATES HOMEOWNERS ASSOCIATION,601 982 182,648897,"19125 NORTH CREEK PKWY, STE 208, BOTHELL, WA, 98011-8035, UNITED STATES",False,False,False,
69,CROWN RIDGE LLC,"CROWN RIDGE, LLC",602 403 208,1107512,"457 N 39TH ST, SEATTLE, WA, 98103-8559, UNITED STATES",False,False,False,
70,CROWN RIDGE LLC,"DICK'S CROWN & BRIDGE LAB, INC.",602 566 240,102470,"2003 N STATE ST STE A, BELLINGHAM, WA, 98225, UNITED STATES",False,False,False,
71,CROWN RIDGE LLC,"EMPIRE CROWN AND BRIDGE, INC.",602 861 615,674226,"1590 WOODRIDGE DR SE, PORT ORCHARD, WA, 98366, UNITED STATES",False,False,False,
72,CROWN RIDGE LLC,"RICE CROWN & BRIDGE, INC.",601 434 845,946450,,False,False,False,
73,NW LIMITED PARTNERSHIP, DENT WHISPERER INC,604 142 402,655408,"412 E MAIN, PUYALLUP, WA, 98372, UNITED STATES",False,False,False,
74,NW LIMITED PARTNERSHIP,"""GREEN WITH ENVY"" PROFESSIONAL TREE SHRUB & LAWN CARE, LLC",602 183 556,660,,True,False,False,
75,NW LIMITED PARTNERSHIP,"""HOLE IN THE WALL"" PADDLING CLUB",601 931 090,387,"1019 FIDALGO AVE, ANACORTES, WA, 98221-3913, UNITED STATES",False,False,False,
76,NW LIMITED PARTNERSHIP,"""THE MAN WHO CAN"" LLC",602 849 340,591,"162 MACHIAS LOOP, PORT LUDLOW, WA, 98365, UNITED STATES",False,False,False,
77,NW LIMITED PARTNERSHIP,#1 CONSTRUCTION INC OF NW,604 132 419,695,"918 S 301ST ST, FEDERAL WAY, WA, 98003-4109, UNITED STATES",False,False,False,
78,NW LIMITED PARTNERSHIP,"#1 CONWAY, INC.",603 602 147,524,"18757 MAIN ST, CONWAY, WA, 98238, UNITED STATES",False,False,False,
79,NW LIMITED PARTNERSHIP,"#1 NAILS NW, LLC",604 044 404,462,"1601 E WASHINGTON AVE STE 105, UNION GAP, WA, 98903, UNITED STATES",False,False,False,
80,NW LIMITED PARTNERSHIP,"(A) NW X SE DESIGNS, LLC",604 034 858,1198,"11204 TOWER RD SW, LAKEWOOD, WA, 98498, UNITED STATES",False,False,False,
81,NW LIMITED PARTNERSHIP,@HOMECARE NW LLC,604 347 060,1241881,"110 2ND ST SW STE 145, AUBURN, WA, 98001-5208, UNITED STATES",False,False,False,
82,NW LIMITED PARTNERSHIP,"1 FASHION WASHINGTON, LLC",603 191 330,5592,"23728 126TH PL SE, KENT, WA, 98031-3731, UNITED STATES",False,False,False,
83,NW LIMITED PARTNERSHIP,1 NAILS NW LLC,604 568 957,1335537,"1601 E WASHINGTON AVE STE 105, YAKIMA, WA, 98901, UNITED STATES",False,False,False,
84,NW LIMITED PARTNERSHIP,"1 SOURCE LENDING NW, LLC",604 666 061,1401449,"9616 SUNBURST CT SE, PORT ORCHARD, WA, 98367-9634, UNITED STATES",False,False,False,
85,NW LIMITED PARTNERSHIP,100 MEN WHO CARE IN CLARK COUNTY,604 145 616,1082,"7801 NE GREENWOOD DR, VANCOUVER, WA, 98662-7900, UNITED STATES",False,False,False,
86,NW LIMITED PARTNERSHIP,"100 NW 3RD PLACE, LLC",604 311 475,1224165,"100 NW 3RD PL, RENTON, WA, 98057-5300, UNITED STATES",False,False,False,
87,NW LIMITED PARTNERSHIP,"100 NW 45TH ST, LLC",603 378 098,1511,,True,False,False,
88,NW LIMITED PARTNERSHIP,100 WOMEN WHO CARE SWW,604 039 905,1710,"2210 W MAIN ST STE 107-141, BATTLE GROUND, WA, 98604-4232, UNITED STATES",False,False,False,
89,NW LIMITED PARTNERSHIP,10055 8TH AVE NW CONDOMINIUM ASSOCIATION,604 433 636,1274176,,True,False,False,
90,NW LIMITED PARTNERSHIP,"101 KENWOOD, LLC",604 211 793,1176167,"101 KENWOOD ST, WALLA WALLA, WA, 99362-1627, UNITED STATES",False,False,False,
91,NW LIMITED PARTNERSHIP,"1011 NW 177TH PLACE HOLDING COMPANY, LLC",604 169 190,1387,"17539 10TH AVE NW, SHORELINE, WA, 98177, UNITED STATES",False,False,False,
92,NW LIMITED PARTNERSHIP,"1012 N WASHINGTON ST, LLC",604 542 534,1324666,"10006 N ORCHARD LN, SPOKANE, WA, 99208-5522, UNITED STATES",False,False,False,
93,NW LIMITED PARTNERSHIP,"102 AUBURN WAY, LLC",602 255 922,3264,"13551 SE 27TH PL, BELLEVUE, WA, 98005-4212, UNITED STATES",False,False,False,
94,NW LIMITED PARTNERSHIP,"1025 NW COUCH ST., LLC",602 420 672,1348,"2376 CRESTLINE BLVD NW, OLYMPIA, WA, 98502-4324, UNITED STATES",False,False,False,
95,NW LIMITED PARTNERSHIP,"102NW99, LLC",604 270 849,1199194,"732 BROADWAY STE 201, TACOMA, WA, 98402-3702, UNITED STATES",False,False,False,
96,NW LIMITED PARTNERSHIP,103 GREENWOOD LLC,603 120 801,2997,"15007 WOODINVILLE-REDMOND RD., SUITE A, WOODINVILLE, WA, 98072, UNITED STATES",False,False,False,
97,NW LIMITED PARTNERSHIP,10317 GREENWOOD LLC,604 142 693,5367,"10317 GREENWOOD AVE N STE 100, SEATTLE, WA, 98133-9152, UNITED STATES",False,False,False,
98,CP5 BELAY LLC,"CP5 BELAY, LLC",604 967 620,1593588,"2082 MICHELSON DR FL 4, IRVINE, CA, 92612-1212, UNITED STATES",False,False,False,
99,CP5 NOBA LLC,"CP5 NOBA, LLC",604 964 080,1593598,"2082 MICHELSON DR FL 4, IRVINE, CA, 92612-1212, UNITED STATES",False,False,False,
100,LILLEHAMMER LLC,LILLEHAMMER LORENTZ LLC,604 158 942,835335,"18925 FRONT ST NE, #201, POULSBO, WA, 98370-7353, UNITED STATES",False,False,False,
101,LILLEHAMMER LLC,"LILLEHAMMER, LLC",603 487 098,323875,"950 N 72ND ST #100, SEATTLE, WA, 98103, UNITED STATES",False,False,False,
102,4821 FAUNTLEROY LLC,"4821 FAUNTLEROY, LLC",603 234 691,344607,"4821 FAUNLEROY WAY SW, SEATTLE, WA, 98116, UNITED STATES",False,False,False,
103,6023 SW STEVENS LLC,6023 SW STEVENS LLC,604 929 343,1568489,"3720 CARILLON PT, KIRKLAND, WA, 98033-7455, UNITED STATES",False,False,False,
104,RIPPLE ROCK LLC,"NORTON INSURANCE AGENCY, LLC",604 566 906,1334006,"3225 MCLEOD DR STE 100, LAS VEGAS, NV, 89121-2257, UNITED STATES",False,True,True,
105,RIPPLE ROCK LLC,"RIPPLE ROCK INVESTMENTS, LLC",604 566 906,1334006,,True,True,True,
106,RIPPLE ROCK LLC,RIPPLE ROCK L.L.C.,601 928 799,951222,,True,False,False,
107,RIPPLE ROCK LLC,"RIPPLEROCK, LLC",603 009 027,402496,"9465 COUNSELORS ROW, SUITE 200, INDIANAPOLIS, IN, 46240, UNITED STATES",False,False,False,
108,NEWARK MEADOWS LLC,"NEWARK MEADOWS, LLC",604 534 061,1320828,"4410 MOUNTAINGATE DR, RENO, NV, 89519-7921, UNITED STATES",False,False,False,
109,ACI REAL ESTATE SPE 137 LLC,"ACI REAL ESTATE SPE 137, LLC",604 621 842,1364724,"250 E PARKCENTER BLVD, BOISE, ID, 83706-3940, UNITED STATES",False,False,False,
110,MILLER FAMILY INVESTMENTS LLC,MILLER FAMILY INVESTMENTS LLC,603 479 894,320307,"5413 SOUTH TACOMA WAY, TACOMA, WA, 98409-4312, UNITED STATES",False,False,False,
111,MILLER FAMILY INVESTMENTS LLC,"1998 MILLER FAMILY INVESTMENTS, L.L.C.",601 919 051,61314,"485 LAKAYUSE RD, MANSON, WA, 98831-9463, UNITED STATES",False,False,False,
112,MILLER FAMILY INVESTMENTS LLC,"CODY A. MILLER, SR. FAMILY INVESTMENTS, LLC",602 543 700,622793,,True,False,False,
113,MILLER FAMILY INVESTMENTS LLC,MILLER FAMILY INVESTMENTS L.P.,601 797 680,332314,,True,False,False,
114,MILLER FAMILY INVESTMENTS LLC,"MILLER FAMILY INVESTMENTS, LLC",604 819 896,1504608,"26313 97TH AVE S, KENT, WA, 98030-6710, UNITED STATES",False,False,False,
115,MILLER FAMILY INVESTMENTS LLC,MILLER FAMILY TIMBERLAND INVESTMENTS LLC,603 056 600,333566,"161 NW 56TH ST, SEATTLE, WA, 98107-2024, UNITED STATES",False,False,False,
116,DNXT LLC,DNXT I LLC,604 688 652,1412799,"17735 NE 65TH ST STE 120, REDMOND, WA, 98052-4924, UNITED STATES",True,False,False,
117,DNXT LLC,DNXT II LLC,604 684 846,1412795,"17735 NE 65TH ST STE 120, REDMOND, WA, 98052-4924, UNITED STATES",True,False,False,
118,DNXT LLC,DNXT III LLC,604 684 845,1412794,"17735 NE 65TH ST STE 120, REDMOND, WA, 98052-4924, UNITED STATES",True,False,False,
119,DNXT LLC,"DNXT MARTINE, LLC",604 832 160,1509361,"17735 NE 65TH ST STE 120, REDMOND, WA, 98052-4924, UNITED STATES",True,False,False,
120,DNXT LLC,"DNXT MERITAGE, LLC",604 834 817,1509359,"17735 NE 65TH ST STE 120, REDMOND, WA, 98052-4924, UNITED STATES",True,False,False,
121,DNXT LLC,"DNXT MT SI, LLC",604 832 161,1509362,"17735 NE 65TH ST STE 120, REDMOND, WA, 98052-4924, UNITED STATES",True,False,False,
122,DNXT LLC,"DNXT, LLC",604 219 279,1181278,"17735 NE 65TH ST STE 120, REDMOND, WA, 98052-4924, UNITED STATES",True,False,False,
123,DNXT LLC,"FWDNXT, INC.",604 468 893,1290099,"13833 SE 78TH PL, NEWCASTLE, WA, 98059-9105, UNITED STATES",False,False,False,
124,SABRA PARK WEST LLC,"SABRA PARK WEST, LLC",604 169 651,988232,"C/O SABRA HEALTH CARE REIT, INC., 18500 VON KARMAN AVENUE, SUITE 550, IRVINE, CA, 92612, UNITED STATES",False,False,False,
125,CBYW SEATTLE PROPCO LLC,CBYW SEATTLE PROPCO LLC,604 048 183,601850,"4500 DORR ST, TOLEDO, OH, 43615, UNITED STATES",True,False,False,
126,CBYW SEATTLE PROPCO LLC,CBYW WEST SEATTLE PROPCO LLC,604 054 510,600046,"4500 DORR ST, TOLEDO, OH, 43615, UNITED STATES",True,False,False,
127,QUAIL PARK OF WEST SEATTLE LLC,"QUAIL PARK OF WEST SEATTLE, LLC",603 348 245,952757,"146 N CANAL ST STE 350, SEATTLE, WA, 98103, UNITED STATES",False,False,False,
128,ASC ADMIRAL WAY LLC,ASC ADMIRAL WAY LLC,603 318 687,41722,"415 118TH AVE SE, BELLEVUE, WA, 98005-3518, UNITED STATES",False,False,False,
129,FTW LLC,"-LDL- SOFTWARE, INC.",601 763 820,1425,"5129 NE 4TH CT, RENTON, WA, 98059-4566, UNITED STATES",False,False,False,
130,FTW LLC,"18009 DRIFTWOOD, LLC",604 534 883,1323128,"16816 24TH STREET CT E, LAKE TAPPS, WA, 98391-9508, UNITED STATES",False,False,False,
131,FTW LLC,"1915 SOFTWARE, LLC",603 566 774,62799,"811 1ST AVE #480, SEATTLE, WA, 98104, UNITED STATES",False,False,False,
132,FTW LLC,205 SOFTWARE LLC,604 536 699,1326449,"9602 NE 63RD ST, VANCOUVER, WA, 98662, UNITED STATES",False,False,False,
133,FTW LLC,"21ST CENTURY SOFTWARE TECHNOLOGIES, INC.",603 153 248,6769,"9623 173RD PL NE, REDMOND, WA, 98052, UNITED STATES",False,False,False,
134,FTW LLC,"21ST CENTURY SOFTWARE TECHNOLOGIES, INC.",604 237 647,1191274,"940 W VALLEY RD STE 1604, WAYNE, PA, 19087-1853, UNITED STATES",False,False,False,
135,FTW LLC,2600 DRIFTWOOD ROAD LLC,604 100 847,4522,"2600 DRIFTWOOD RD S, ST PETERSBURG, FL, 33705, UNITED STATES",False,False,False,
136,FTW LLC,279 DRIFTWOOD SHORES ROAD LLC,602 706 355,6774,"279 DRIFTWOOD SHORES RD, CAMANO ISLAND, WA, 98282-8486, UNITED STATES",False,False,False,
137,FTW LLC,29FTW LLC,604 677 846,1406903,"1837 S ROCKWOOD BLVD, SPOKANE, WA, 99203, UNITED STATES",False,False,False,
138,FTW LLC,3 RIVERS POWER AND SOFTWASHING LLC,605 118 273,1644371,"105 BROKEN ARROW RD, LONGVIEW, WA, 98632-6104, UNITED STATES",False,False,False,
139,FTW LLC,315 DRIFTWOOD SHORES ROAD LLC,602 706 379,63328,,True,False,False,
140,FTW LLC,"360 DEGREE SOFTWARE, LLC",603 187 506,63273,"2301 W YAKIMA AVE, YAKIMA, WA, 98902, UNITED STATES",False,False,False,
141,FTW LLC,360 SOFTWASH LLC,605 017 390,1629438,"3401 TERRA LN UNIT B, MOUNT VERNON, WA, 98274-9141, UNITED STATES",False,False,False,
142,FTW LLC,360 SOFTWASH SERVICES LLC,605 033 729,1636274,"815 COLUMBIA ST, VANCOUVER, WA, 98660-3556, UNITED STATES",False,False,False,
143,FTW LLC,"3644 DRIFTWOOD, LLC",604 155 474,44007,"3644 DRIFTWOOD DR, CLINTON, WA, 98236, UNITED STATES",False,False,False,
144,FTW LLC,3C SOFTWARE U.S. INC.,602 190 642,91983,,True,False,False,
145,FTW LLC,3C SOFTWARE U.S. INC.,602 577 832,95870,"14205 SE 36TH ST STE 104, BELLEVUE, WA, 98006, UNITED STATES",False,False,False,
146,FTW LLC,40 DRIFTWOOD SHORES LLC,604 319 772,1224063,"112 E MAPLE ST STE 101, BELLINGHAM, WA, 98225-4399, UNITED STATES",False,False,False,
147,FTW LLC,4041 SWIFTWATER LLC,604 802 715,1486465,"19115 NE 64TH WAY, REDMOND, WA, 98052-0548, UNITED STATES",False,False,False,
148,FTW LLC,4611 SWIFTWATER LLC,604 836 782,1515112,"2020 A ST SE STE 101, AUBURN, WA, 98002-6807, UNITED STATES",False,False,False,
149,FTW LLC,"4S - SILVERSWORD SOFTWARE AND SERVICES, LLC",604 541 190,1512525,"5520 RESEARCH PARK DR STE 100, CATONSVILLE, MD, 21228-4851, UNITED STATES",False,False,False,
150,FTW LLC,"4TH CORNER SOFTWARE, INC.",603 113 632,9121,"415 N STATE ST APT 407, BELLINGHAM, WA, 98225-5380, UNITED STATES",False,False,False,
151,FTW LLC,"50TH STREET SOFTWARE, INC.",602 573 093,10514,"109 N. 50TH STREET, SEATTLE, WA, 98103, UNITED STATES",False,False,False,
152,FTW LLC,"7 GRAPES SOFTWARE, LLC.",602 901 990,11017,"480 150TH PL NE, BELLEVUE, WA, 98007-5043, UNITED STATES",False,False,False,
153,FTW LLC,7ACTIONS SOFTWARE DEVELOPMENT LLC,603 336 430,10876,"13902 SW POHL RD, VASHON, WA, 98070-8712, UNITED STATES",False,False,False,
154,CAPCO INVESTMENTS INC,"CAPCO INVESTMENTS, INC.",601 124 193,600664,"4546 CALIFORNIA AVE SW, SEATTLE, WA, 98116-4111, UNITED STATES",False,False,False,
155,HSIAO FAMILY (1) L L C,HSIAO FAMILY (1) LLC,602 293 170,747142,"60 SKAGIT KY, BELLEVUE, WA, 98006-1031, UNITED STATES",False,False,False,
156,MANNING PLACE LLC,"MANNING MARKETPLACE, INC.",603 136 802,299985,"1024 204TH PL SW, LYNNWOOD, WA, 98036, UNITED STATES",False,False,False,
157,MANNING PLACE LLC,"MANNING PLACE, LLC",602 632 416,306864,"1200 WESTLAKE AVE N STE 310, SEATTLE, WA, 98109-3528, UNITED STATES",False,False,False,
158,DUFFY INVESTMENTS L L C,"DUFFY INVESTMENTS, LLC",602 269 540,672853,"4739 44TH AVE SW, SEATTLE, WA, 98116-4480, UNITED STATES",False,False,False,
159,DUFFY INVESTMENTS L L C,"MCDUFFY INVESTMENTS, LLC",604 152 237,810956,"330 DAYTON ST STE 2, EDMONDS, WA, 98020-3582, UNITED STATES",False,False,False,
160,DUFFY INVESTMENTS L L C,PAT DUFFY INVESTMENTS LLC,602 959 792,872452,"9421 149TH ST E, PUYALLUP, WA, 98375, UNITED STATES",False,False,False,
161,SAN JUAN APARTMENTS LLC,SAN JUAN APARTMENTS LLC,602 003 008,265139,"1938 43RD AVE E, SEATTLE, WA, 98112-3235, UNITED STATES",False,False,False,
162,SAN JUAN APARTMENTS LLC,SAN JUAN COMMONS APARTMENTS LLC,603 437 769,952179,"856 COLE ST, ENUMCLAW, WA, 98022-2549, UNITED STATES",False,False,False,
163,ALKI 37 LLC,"ALKI 37, LLC",602 351 385,536197,"ALKI PROPERTY MANAGEMTN LLC, 5407 BEACH DR SW, SEATTLE, WA, 98136, UNITED STATES",False,False,False,
164,ALKI 37 LLC,ALKI MIDDLE SCHOOL PTSA 3.7.86,601 431 620,26741,"1800 NW BLISS RD, VANCOUVER, WA, 98685-1823, UNITED STATES",False,False,False,
165,CRE 4321 GENESEE LLC,CRE 4321 GENESEE LLC,604 311 140,1219701,"2930 WESTLAKE AVE N, STE100, SEATTLE, WA, 98109-1968, UNITED STATES",False,False,False,
166,TERRACE VIEW 3703 L L C,"TERRACE VIEW 3703, LLC",602 684 672,463868,"5025 CALIFORNIA AVE SW STE 105, SEATTLE, WA, 98136-1251, UNITED STATES",False,False,False,
167,HAMM BUILDING LLC,HAMM BUILDING LLC,602 773 924,201555,"379 101ST AVE SE, BELLEVUE, WA, 98004-6130, UNITED STATES",False,False,False,
168,HAMM BUILDING LLC,HAMMERHEAD BUILDING COMPANY LLC,604 484 533,1298192,"6336 SW MERIDIAN WAY, TUALATIN, OR, 97062, UNITED STATES",False,False,False,
169,HAMM BUILDING LLC,LOGAN'S HAMMER BUILDING AND RENOVATION INC.,602 177 638,794853,,False,False,False,
170,OLYMPIC VIEW APARTS I LLC,OLYMPIC VIEW APARTMENTS I LLC,602 693 093,381580,,False,False,False,
171,OLYMPIC VIEW APARTS I LLC,OLYMPIC VIEW APARTMENTS I LLC,601 233 009,865004,"7505 SE 28TH #001, MERCER ISLAND, WA, 98040, UNITED STATES",False,False,False,
172,GARDEN TERRACE INVESTORS 2008 L L C,"GARDEN TERRACE INVESTORS 2008, LLC",602 854 031,709824,"117 E LOUISA ST # 185, SEATTLE, WA, 98102-3203, UNITED STATES",False,False,False,
173,WEST 206 ALLIANCE INVESTMENTS LLC,WEST 206 ALLIANCE INVESTMENTS LLC,603 544 939,1086824,"10210 NE 8TH ST STE 200, BELLEVUE, WA, 98004-4218, UNITED STATES",False,False,False,
174,VILLA ANDORA 1520 LLC,"VILLA ANDORA 1520, LLC",604 926 618,1567194,"15726 25TH DR SE, MILL CREEK, WA, 98012-7866, UNITED STATES",False,False,False,
175,PARK HAMILTON INVESTORS 2019 LLC,"PARK HAMILTON INVESTORS 2019, LLC",604 513 802,1309470,"117 E LOUISA ST STE 185, SEATTLE, WA, 98102-3203, UNITED STATES",False,False,False,
176,ALKI SHORES L L C,ALKI SHORES CONDOMINIUM ASSOCIATION,601 732 594,539874,"1661 HARBOR AVE SW STE 100, SEATTLE, WA, 98126-2084, UNITED STATES",False,False,False,
177,ALKI SHORES L L C,"ALKI SHORES, LLC",602 279 761,535459,"200 1ST AVE W STE 520, STE 520, SEATTLE, WA, 98119-4298, UNITED STATES",False,False,False,
178,ALKI PLACE APARTMENTS LLC,ALKI PLACE APARTMENTS LLC,602 957 422,29109,"379 101ST AVE SE, BELLEVUE, WA, 98004-6130, UNITED STATES",False,False,False,
179,A-1 SELF STORAGE LLC,"A-1 SELF STORAGE, LLC",602 181 161,1093078,"16482 SE 48TH PL, BELLEVUE, WA, 98006-5820, UNITED STATES",False,False,False,
180,A-1 SELF STORAGE LLC,"ALL IN 1 R.V. & SELF STORAGE, LLC",602 621 151,536056,"583 AULT FIELD RD, OAK HARBOR, WA, 98277, UNITED STATES",False,False,False,
181,GLEN EDEN LLC,GLEN EDEN LLC,604 078 243,1117063,"121 LAKESIDE AVE, STE B, SEATTLE, WA, 98122-6599, UNITED STATES",False,False,False,
182,GLEN EDEN LLC,GLENEDEN HEIGHTS OWNERS ASSOCIATION,602 619 388,724222,"304 S CONKLIN RD LOT 52, SPOKANE VLY, WA, 99037-8988, UNITED STATES",False,False,False,
183,SS INTERBAY LLC,"BARANOF HOLDINGS INVESTOR INTERBAY, LLC",604 081 827,1098383,"2305 CEDAR SPRINGS RD # 200, DALLAS, TX, 75201, UNITED STATES",False,False,False,
184,SS INTERBAY LLC,DESC INTERBAY SUPPORTIVE HOUSING LIMITED PARTNERSHIP,603 255 607,650170,"2208 15TH AVE W, SEATTLE, WA, 98119-2454, UNITED STATES",False,False,False,
185,SS INTERBAY LLC,"GSR HARTLAND INTERBAY, LLC",604 282 080,1204763,"C/O 37 GRAHAM STREET, SUITE 200-B, SAN FRANCISCO, CA, 94129, UNITED STATES",False,False,False,
186,SS INTERBAY LLC,RISE PROPERTIES (INTERBAY FLATS) HOLDINGS LLC,604 630 467,1372079,"C/O RISE PROPERTIES, 1518 FIRST AVE S, SEATTLE, WA, 98134, UNITED STATES",False,False,False,
187,SS INTERBAY LLC,RISE PROPERTIES (INTERBAY FLATS) LIMITED PARTNERSHIP,604 633 433,1372144,"C/O RISE PROPERTIES, 1518 1ST AVE S, SEATTLE, WA, 98134, UNITED STATES",False,False,False,
188,SS INTERBAY LLC,"ROSE INTERBAY PROPERTIES, L.L.C.",602 319 643,404497,"705 ALDER ST, EDMONDS, WA, 98020-3416, UNITED STATES",False,False,False,
189,SS INTERBAY LLC,SEATTLE INTERBAY EAGLES FOOTBALL CLUB,603 299 713,959495,"1103 27TH AVE, SEATTLE, WA, 98122-4929, UNITED STATES",False,False,False,
190,SS INTERBAY LLC,SHURGARD GROWTH CAPITAL--FUND 15 LIMITED PARTNERSHIP D/B/ASHURGARD OF INTERBAY,601 019 643,431790,,False,False,False,
191,SS INTERBAY LLC,"SS INTERBAY, LLC",604 081 558,284210,"4901 Vineland Road, Suite 350, ORLANDO, FL, 32811-7300, UNITED STATES",False,False,False,
192,RISE-CG JA LOFTS LIMITED PARTNERSHIP,RISE-CG JA LOFTS LIMITED PARTNERSHIP,604 523 841,1314594,"1518 1ST AVE S STE 500, SEATTLE, WA, 98134-1456, UNITED STATES",False,False,False,
193,EPIPHANY SCHOOL,EPIPHANY SCHOOL,601 141 862,677692,"3611 E DENNY WAY, SEATTLE, WA, 98122-3423, UNITED STATES",False,False,False,
194,NINTH AND LENORA LLC,NINTH AND LENORA LLC,603 427 336,855687,"125 HIGH STREET, HIGH STREET TOWER, 27TH FLOOR, BOSTON, MA, 02110, UNITED STATES",False,False,False,
195,NINTH AND LENORA LLC,"NINTH AND LENORA ASSOCIATES, LLC",603 190 917,855686,"612 SW 137TH ST, BURIEN, WA, 98166-1346, UNITED STATES",False,False,False,
196,NINTH AND LENORA LLC,NINTH AND LENORA CONDOMINIUM OWNERS ASSOCIATION,603 439 266,867202,"1661 HARBOR AVE SW STE 100, SEATTLE, WA, 98126-2084, UNITED STATES",False,False,False,
197,NINTH AND LENORA LLC,NINTH AND LENORA CONDOMINIUM OWNERS ASSOCIATION,602 956 505,867201,"6330 CAPITOL BLVD SE, TUMWATER, WA, 98501, UNITED STATES",False,False,False,
198,NINTH AND LENORA LLC,SOULCYCLE NINTH AND LENORA LLC,604 111 682,437201,"1 PARK AVENUE, 2ND FLOOR, NEW YORK, NY, 10016, UNITED STATES",False,False,False,
199,PACIFIC NORTHWEST RESEARCH,PACIFIC NORTHWEST CENTER FOR CONSTRUCTION RESEARCH AND EDUCATION FOUNDATION,602 302 077,371951,,False,False,False,
200,PACIFIC NORTHWEST RESEARCH,"PACIFIC NORTHWEST CLINICAL RESEARCH, LLC",602 701 459,233913,"11614-26TH AVE SW, BURIEN, WA, 98146, UNITED STATES",False,False,False,
201,PACIFIC NORTHWEST RESEARCH,PACIFIC NORTHWEST LABOR RESEARCH LLC,604 073 017,371319,"8729 MAIN ST, EDMONDS, WA, 98026, UNITED STATES",False,False,False,
202,PACIFIC NORTHWEST RESEARCH,PACIFIC NORTHWEST RESEARCH FOUNDATION,601 890 362,878400,"720 BROADWAY, SEATTLE, WA, 98122-4302, UNITED STATES",True,False,False,
203,PACIFIC NORTHWEST RESEARCH,PACIFIC NORTHWEST RESEARCH INSTITUTE,578 052 878,367282,"720 BROADWAY, SEATTLE, WA, 98122-4302, UNITED STATES",True,False,False,
204,PACIFIC NORTHWEST RESEARCH,PACIFIC NORTHWEST SUSTAINABLE AGRICULTURE RESEARCH,602 587 125,865345,"60345 STATE ROUTE 20, PO BOX 172, MARBLEMOUNT, WA, 98267, UNITED STATES",False,False,False,
205,J G CAPITAL HILL LLC,J.G. CAPITAL HILL L.L.C.,601 740 263,237532,"400 112TH AVE NE, STE 230, BELLEVUE, WA, 98004-5543, UNITED STATES",False,False,False,
206,12TH AVENUE MARKETPLACE L L C,12TH AVENUE MARKETPLACE LLC,603 324 026,33359,"4025 DELRIDGE WAY SW STE 500, SEATTLE, WA, 98106-1271, UNITED STATES",False,False,False,
207,12TH AVENUE MARKETPLACE L L C,"HEARTLAND INVESTMENT PARTNERS 12TH AVENUE MARKETPLACE, LLC",603 350 192,718735,"801 2ND AVE STE 614, SEATTLE, WA, 98104-1599, UNITED STATES",False,False,False,
208,BF BLOCKER LLC,BF BLOCKER LLC,603 007 176,1099617,,False,True,True,
209,BF BLOCKER LLC,BULLITT CENTER LLC,603 007 176,1099617,"1501 E MADISON ST STE 600, SEATTLE, WA, 98122-4465, UNITED STATES",False,True,True,
210,DIMENSION SEATTLE INC,"DIMENSION SEATTLE, INC.",603 548 023,165054,"1801 HERMITAGE BLVD STE 100, TALLAHASSEE, FL, 32308, UNITED STATES",False,False,False,
211,NORTHWEST SCHOOL OF THE ARTS,"THE NORTHWEST SCHOOL OF THE ARTS, HUMANITIES, AND ENVIRONMENT",600 377 988,303742,"1415 SUMMIT AVE, SEATTLE, WA, 98122-3619, UNITED STATES",False,False,False,
212,COLUMBIA WASHINGTON WALTON LOFTS RESIDENTIAL PROPERTIES LLC,"COLUMBIA WASHINGTON WALTON LOFTS RESIDENTIAL PROPERTIES, LLC",604 002 275,1105938,"230 PARK AVE, NEW YORK, NY, 10169, UNITED STATES",False,False,False,
213,900 E PINE LLC,"900 E PINE, LLC",602 468 492,15353,"1620 BROADWAY STE 200, SEATTLE, WA, 98122-2564, UNITED STATES",False,False,False,
214,WEISS-JENKINS III LLC,"WEISS - JENKINS III, L.L.C.",601 674 362,553866,"3023 80TH AVE SE, SUITE 201, MERCER ISLAND, WA, 98040-6014, UNITED STATES",False,False,False,
215,WEISS-JENKINS III LLC,"WEISS-JENKINS VIII, LLC",602 454 037,1044982,"1402 3RD AVE #601, SEATTLE, WA, 98101, UNITED STATES",False,False,False,
216,WA TOWER 12 APARTMENTS LLC,WA TOWER 12 APARTMENTS LLC,604 172 610,512610,"9757 NE JUANITA DR STE 300, KIRKLAND, WA, 98034-4291, UNITED STATES",False,False,False,
217,CHAINQUI DEVELOPMENT BELLTOWN LLC,"CHAINQUI DEVELOPMENT BELLTOWN, LLC",603 396 729,121631,"2005 5TH AVE, SEATTLE, WA, 98121-2850, UNITED STATES",False,False,False,
218,LESCHI PARTNERS L L P,LESCHI PARTNERS LLP,602 226 704,809669,"33930 WEYERHAEUSER WAY S STE 150, AUBURN, WA, 98001, UNITED STATES",False,False,False,
219,LESCHI PARTNERS L L P,"LESCHI VENTURE PARTNERS, LLC",602 317 991,828684,"228 31ST AVE, SEATTLE, WA, 98122-6316, UNITED STATES",False,False,False,
220,AP PINE AND BOYLSTON LLC,"AP PINE AND BOYLSTON, LLC",604 564 004,1330263,"1616 CAMDEN ROAD, SUITE 210, CHARLOTTE, NC, 28203, UNITED STATES",False,False,False,
221,2202 EIGHTH AVENUE LLC,2202 EIGHTH AVENUE LLC,603 550 293,63531,"1700 7TH AVE STE 1800, SEATTLE, WA, 98101, UNITED STATES",False,False,False,
222,AVALON 210 WALL LLC,"AVALON 210 WALL, LLC",603 606 869,1097571,"4040 WILSON BLVD STE 1000, ARLINGTON, VA, 22203-4439, UNITED STATES",False,False,False,
223,WINDSOR ADVISERS 2030 EIGHTH AVENUE LLC,WINDSOR ADVISERS 2030 EIGHTH AVENUE LLC,604 200 365,1170073,"125 HIGH STREET, HIGH STREET TOWER, 27TH FLOOR, BOSTON, MA, 02110, UNITED STATES",False,False,False,
224,PINE LLC,$ MAKE IT HAPPIN $ ENTERTAINMENT LLC,602 724 007,814,"5406 EMERALD ST SE, LACEY, WA, 98513, UNITED STATES",False,False,False,
225,PINE LLC,"1 TWIN PINE, LLC",603 153 735,982,"5244 RICH VIEW DR E, PORT ORCHARD, WA, 98366, UNITED STATES",False,False,False,
226,PINE LLC,1001 E PINE LLC,604 319 666,1225806,"2312 2ND AVE N, SEATTLE, WA, 98109-2005, UNITED STATES",False,False,False,
227,PINE LLC,101 PINE STREET LLC,604 101 710,1332,,True,True,True,
228,PINE LLC,"101 PINE STREET MASTER TENANT, LLC",604 227 008,1184346,"177 E COLORADO BLVD STE 400, PASADENA, CA, 91105-1970, UNITED STATES",True,False,False,
229,PINE LLC,"101 PINE STREET SM, LLC",604 222 036,1184935,"117 E COLORADO BLVD STE 400, PASADENA, CA, 91105-3727, UNITED STATES",False,False,False,
230,PINE LLC,"101 PINE STREET, LLC",604 101 710,1332,"177 E COLORADO BLVD STE 400, PASADENA, CA, 91105-1970, UNITED STATES",True,True,True,
231,PINE LLC,101 PINES LLC,604 706 430,1423154,"2320 42ND AVE E, SEATTLE, WA, 98112-2734, UNITED STATES",False,False,False,
232,PINE LLC,"106 WEST PINE, LLC",602 543 518,750109,"106 W PINE ST, YAKIMA, WA, 98902-3556, UNITED STATES",False,False,False,
233,PINE LLC,"109 NORTH PINE, L.L.C.",604 515 086,1311901,"109 N PINE ST, ELLENSBURG, WA, 98926-3330, UNITED STATES",False,False,False,
234,PINE LLC,1106 PINES HOLDINGS LLC,603 276 942,1316,"5907 S LOCHSA DR, SPOKANE, WA, 99206, UNITED STATES",False,False,False,
235,PINE LLC,11071 ALPINE RD LLC,604 679 868,1407951,"8241 COMOX RD, BLAINE, WA, 98230-9365, UNITED STATES",False,False,False,
236,PINE LLC,"1123B PINE BLUFF, LLC",605 086 019,1639718,"100 N HOWARD ST STE R, SPOKANE, WA, 99201-0508, UNITED STATES",False,False,False,
237,PINE LLC,"11319 PINEHURST, LLC",602 039 006,1943,"11319 PINEHURST WAY NE, SEATTLE, WA, 98125, UNITED STATES",False,False,False,
238,PINE LLC,11737 PINEHURST LLC,602 319 327,2206,"8806 ROOSEVELT WAY NE, SEATTLE, WA, 98115-3042, UNITED STATES",False,False,False,
239,PINE LLC,"11TH & PINE, LLC",602 458 253,2555,"2000 NILE RD, NACHES, WA, 98937, UNITED STATES",False,False,False,
240,PINE LLC,12012 PINEHURST WAY NE TRIO CONDOMINIUM ASSOCIATION,604 732 045,1442775,"12012 PINEHURST WAY NE UNIT B, SEATTLE, WA, 98125, UNITED STATES",False,False,False,
241,PINE LLC,12014 A&D LLC,604 509 980,1310174,"4507 SUNNYSIDE AVE N, SUITE D, SEATTLE, WA, 98103-6954, UNITED STATES",False,True,True,
242,PINE LLC,12014 PINEHURST A&D LLC,604 509 980,1310174,,True,True,True,
243,PINE LLC,1202 PINE STREET LLC,602 442 767,755605,"200 1ST AVENUE W, STE 520, SEATTLE, WA, 98119, UNITED STATES",False,False,False,
244,PINE LLC,1207 PINE LLC,603 213 138,59017,"3518 FREMONT AVE N # 444, SEATTLE, WA, 98103-8814, UNITED STATES",False,False,False,
245,PINE LLC,1216 PINE LLC,603 339 022,57159,"2312 2ND AVE N, SEATTLE, WA, 98109, UNITED STATES",False,False,False,
246,PINE LLC,1222 EAST PINE STREET LLC,603 205 272,33484,,True,False,False,
247,PINE LLC,1222 PINES LLC,604 251 770,1197848,"12209 E MISSION AVE, SUITE 5, SPOKANE VLY, WA, 99206-4824, UNITED STATES",False,False,False,
248,PINE LLC,1320 EAST PINE LLC,604 063 901,3251,"122 S JACKSON ST STE 330, SEATTLE, WA, 98104-2895, UNITED STATES",False,False,False,
249,FIRST PLACE,FIRST PLACE,601 163 194,165733,"172 20TH AVE, SEATTLE, WA, 98122-5862, UNITED STATES",False,False,False,
250,FIRST PLACE,"155 FIRST PLACE NW, LLC",602 250 469,58792,"120 1ST AVE NW, ISSAQUAH, WA, 98027-3228, UNITED STATES",False,False,False,
251,FIRST PLACE,"9925 FIRST PLACE WEST, LLC",604 179 697,8656,"15331 36TH DRIVE SE, BOTHELL, WA, 98012, UNITED STATES",False,False,False,
252,FIRST PLACE,CABRINI FIRST HILL PLACE OWNERS ASSOCIATION,602 645 388,87585,"901 BOREN AVE FL 5, SEATTLE, WA, 98104-3595, UNITED STATES",False,False,False,
253,FIRST PLACE,FAMILY FIRST REFERRAL & PLACEMENT LLC,603 343 743,161221,"811 SUNNYSIDE BLVD SE, LAKE STEVENS, WA, 98258, UNITED STATES",False,False,False,
254,FIRST PLACE,FIRST BAPTIST CHURCH OF UNIVERSITY PLACE,604 068 923,177286,"2844 MTN VIEW AVE W, UNIVERSITY PL, WA, 98466-3428, UNITED STATES",False,False,False,
255,FIRST PLACE,FIRST PLACE AFH LLC,604 596 886,1352578,"14731 NE 11TH ST, VANCOUVER, WA, 98684-3666, UNITED STATES",False,False,False,
256,FIRST PLACE,FIRST PLACE APARTMENTS LLC,601 885 686,177813,"408 SW EATON BLVD, ATTN LEASING CENTER, BATTLE GROUND, WA, 98604-3332, UNITED STATES",False,False,False,
257,FIRST PLACE,FIRST PLACE AUTO SALES LLC,604 773 760,1472466,"1505 S 356TH ST, STE 114-B1, FEDERAL WAY, WA, 98003-3513, UNITED STATES",False,False,False,
258,FIRST PLACE,FIRST PLACE CLEANING L.L.C.,604 674 233,1403023,"10003 186TH ST E UNIT 221, PUYALLUP, WA, 98375-1806, UNITED STATES",False,False,False,
259,FIRST PLACE,FIRST PLACE CONSTRUCTION LLC,604 994 768,1618237,"2801 S Machias Rd, SNOHOMISH, WA, 98290-4740, UNITED STATES",False,False,False,
260,FIRST PLACE,FIRST PLACE CUTS LLC,604 793 171,1485119,"1646 S DEARBORN ST, SEATTLE, WA, 98144-2804, UNITED STATES",False,False,False,
261,FIRST PLACE,"FIRST PLACE DEVELOPMENT, PHASE V, LLC",602 284 296,690221,,True,False,False,
262,FIRST PLACE,"FIRST PLACE DEVELOPMENT, PHASE VI, LLC",602 284 295,207489,,True,False,False,
263,FIRST PLACE,FIRST PLACE FAMILY SERVICES,603 344 987,181640,"172 20TH ST, SEATTLE, WA, 98122, UNITED STATES",False,False,False,
264,FIRST PLACE,"FIRST PLACE GARFIELD APARTMENTS, LLC",603 562 972,1114597,"33316 SE 34TH ST, WASHOUGAL, WA, 98671, UNITED STATES",False,False,False,
265,FIRST PLACE,FIRST PLACE MEDIA LLC,602 823 954,122985,"25902 NE 1ST PLACE, SAMMAMISH, WA, 98074, UNITED STATES",False,False,False,
266,FIRST PLACE,FIRST PLACE MINISTRIES,603 568 660,951737,"2428 LEWIS RIVER RD, WOODLAND, WA, 98674-8229, UNITED STATES",False,False,False,
267,FIRST PLACE,"FIRST PLACE PETS, LLC",603 517 080,177814,"518 LAKEVIEW RD, LYNNWOOD, WA, 98087-2141, UNITED STATES",False,False,False,
268,FIRST PLACE,"FIRST PLACE PLAZA, L.L.C.",602 840 889,181642,"926 DELAWARE ST APT 113, LONGVIEW, WA, 98632-2533, UNITED STATES",False,False,False,
269,FIRST PLACE,"FIRST PLACE PROPERTIES, LLC",602 779 357,1114598,"8664 W SHELTON MATLOCK RD, SHELTON, WA, 98584-6019, UNITED STATES",False,False,False,
270,FIRST PLACE,FIRST PLACE SCHOLARS CHARTER SCHOOL,603 463 622,181643,"172 20TH AVE, SEATTLE, WA, 98119, UNITED STATES",False,False,False,
271,FIRST PLACE,FIRST PLACE SOUTH INVESTORS LLC,602 885 068,696948,"14333 SE 84TH CT, NEWCASTLE, WA, 98059, UNITED STATES",False,False,False,
272,FIRST PLACE,FIRSTPLACE MOTORSPORTS LLC,603 084 294,207710,"21339 ROLLING RIDGE DRIVE, SEDRO WOOLLEY, WA, 98284, UNITED STATES",False,False,False,
273,FIRST PLACE,"FORTY FIRST PLACE, LLC",604 697 330,1419795,"6801 CEDAR RUN, FAIRHOPE, AL, 36532, UNITED STATES",False,False,False,
274,ALTO 92 OWNER LP,"ALTO 92 OWNER, LP",604 632 047,1370013,"7121 FAIRWAY DR STE 410, PALM BCH GDNS, FL, 33418-3776, UNITED STATES",False,False,False,
275,ODDFELLOWS LLC,ALPHA NO. 1 ENCAMPMENT OF THE INTERNATIONAL ORDER OF ODD FELLOWS,603 091 272,536512,"325 N EDITH ST, BUCKLEY, WA, 98321-8050, UNITED STATES",False,False,False,
276,ODDFELLOWS LLC,"BOARD OF TRUSTEES OF VANCOUVER LODGE NO. 3, OF THE INDEPENDENT ORDER OF ODD FELLOWS",601 659 326,578388,,True,False,False,
277,ODDFELLOWS LLC,"BOTHELL LODGE #124, OF THE INDEPENDENT ORDER OF ODD FELLOWS",601 550 633,76847,,True,False,False,
278,ODDFELLOWS LLC,BREMERTON ODD FELLOWS TEMPLE CORPORATION,602 025 020,75798,,True,False,False,
279,ODDFELLOWS LLC,"BUCKLEY LODGE NO. 75, INDEPENDENT ORDER OF ODD FELLOWS",601 813 964,100381,"120 S CEDAR ST, BUCKLEY, WA, 98321, UNITED STATES",False,False,False,
280,ODDFELLOWS LLC,"CHIMACUM LODGE NO. 343, INDEPENDENT ORDER OF ODD FELLOWS",602 968 806,610384,,True,False,False,
281,ODDFELLOWS LLC,"CLOVER LEAF REBEKAH LODGE, NO. 54 INDEPENDENT ORDER OF ODDFELLOWS, WASHINGTON",601 843 891,111756,"10116 NE 185TH ST, BOTHELL, WA, 98011-3434, UNITED STATES",False,False,False,
282,ODDFELLOWS LLC,COLFAX LODGE NO. 14 OF THE INDEPENDENT ORDER OF ODD FELLOWS,601 871 263,1105714,"3931 SR 272, COLFAX, WA, 99111, UNITED STATES",False,False,False,
283,ODDFELLOWS LLC,"COWLITZ LODGE NO. 66, INDEPENDENT ORDER OF ODD FELLOWS",601 692 262,639718,"400 S PACIFIC AVE, KELSO, WA, 98626, UNITED STATES",False,False,False,
284,ODDFELLOWS LLC,ELLENSBURGH LODGE NO. 20 INDEPENDENT ORDER OF ODD FELLOWS,192 000 302,671674,"208 W 9TH AVE STE 5, ELLENSBURG, WA, 98926-2480, UNITED STATES",False,False,False,
285,ODDFELLOWS LLC,ENTERPRISE LODGE NO. 2 OF THE INDEPENDENT ORDER OF ODDFELLOWS,601 341 075,676061,,True,False,False,
286,ODDFELLOWS LLC,EVERETT PILGRIM LODGE #187 INDEPENDENT ORDER OF ODD FELLOWS OF WASHINGTON,601 252 163,177424,"2431 RUCKER AVE STE 3, EVERETT, WA, 98201-2874, UNITED STATES",False,False,False,
287,ODDFELLOWS LLC,"GRAND ENCAMPMENT OF WASHINGTON, INDEPENDENT ORDER OF ODD FELLOWS",602 982 756,204486,"711 MAIN STREET, BUCKLEY, WA, 98321-8509, UNITED STATES",False,False,False,
288,ODDFELLOWS LLC,"GRANDVIEW REBEKAH LODGE NO. 246, OF THE INDEPENDENT ORDER OFODD FELLOWS OF",601 826 099,1117853,,True,False,False,
289,ODDFELLOWS LLC,GTS ODDFELLOWS LLC,604 055 872,737273,"915 E PINE ST STE 100, SEATTLE, WA, 98122, UNITED STATES",False,False,False,
290,ODDFELLOWS LLC,INDEPENDENT ORDER OF ODD FELLOWS 246 GRANDVIEW REBEKAH LODGE,603 197 670,233653,"1311 APPLEWAY RD, GRANDVIEW, WA, 98930, UNITED STATES",False,False,False,
291,ODDFELLOWS LLC,INDEPENDENT ORDER OF ODD FELLOWS HOPE REBEKAH LODGE #38,602 055 032,242056,,True,False,False,
292,ODDFELLOWS LLC,INDEPENDENT ORDER OF ODD FELLOWS MT VERNON LODGE #23,603 039 560,233654,,True,False,False,
293,ODDFELLOWS LLC,INTERNATIONAL ORDER OF ODD FELLOWS CENTENNIAL LODGE #341,601 200 287,758279,"11913 RD 8 NE, MOSES LAKE, WA, 98837, UNITED STATES",False,False,False,
294,ODDFELLOWS LLC,IVY REBEKAH LODGE NO. 21 OF INDEPENDENT ORDER OF ODD FELLOWS,602 025 848,749053,,True,False,False,
295,ODDFELLOWS LLC,"MOUNT BAKER LODGE, NO. 9 INDEPENDENT ORDER OF ODD FELLOWS OFWASHINGTON",601 825 463,831983,,True,False,False,
296,ODDFELLOWS LLC,MOUNT ERIE REBEKAH LODGE NO. 85 OF THE INDEPENDENT ORDER OFODD FELLOWS OF,602 022 013,842537,,True,False,False,
297,ODDFELLOWS LLC,ODD FELLOW HALL ASSOCIATION,602 026 653,884089,,True,False,False,
298,ODDFELLOWS LLC,"ODD FELLOWS ALE & WINE, INC.",604 046 774,854141,"1505 N T ST, WASHOUGAL, WA, 98671, UNITED STATES",False,False,False,
299,ODDFELLOWS LLC,ODD FELLOWS AND REBEKAHS HISTORICAL ASSOCIATION,601 975 583,877341,"711 MAIN ST, BUCKLEY, WA, 98321, UNITED STATES",False,False,False,
300,WRI 2200 WESTLAKE LP,WRI 2200 WESTLAKE LP,603 587 485,528804,"500 N BROADWAY, SUITE 201, JERICHO, NY, 11753, UNITED STATES",False,False,False,
301,2001 SIXTH LLC,2001 SIXTH LLC,602 745 341,2678,"1700 7TH AVE STE 1800, SEATTLE, WA, 98101, UNITED STATES",True,False,False,
302,2001 SIXTH LLC,2001 SIXTH HOLDINGS LLC,602 745 344,67938,"1700 7TH AVE STE 1800, SEATTLE, WA, 98101, UNITED STATES",True,False,False,
303,PPF OFF 2001 WESTERN AVENUE LLC,"PPF OFF 2001 WESTERN AVENUE, LLC",603 315 000,897137,"3280 PEACHTREE ROAD, 20TH FLOOR, ATLANTA, GA, 30305, UNITED STATES",False,False,False,
304,700 BROADWAY MOB LLC,"700 BROADWAY MOB, LLC",604 813 518,1495435,"5050 S SYRACUSE ST, SUITE 800, DENVER, CO, 80237-3379, UNITED STATES",False,False,False,
305,ELLIOTT COURT LLC,"ELLIOTT COURT, LLC",602 477 471,670317,"88 LENORA ST, SEATTLE, WA, 98121-2108, UNITED STATES",False,False,False,
306,SBOB LLC,"FSBO-BUYER, LLC",604 515 940,1310277,"10120 N ORCHARD LN, SPOKANE, WA, 99208-5383, UNITED STATES",False,False,False,
307,SBOB LLC,MISSBOBA LLC,604 513 629,1313452,"302 WASHINGTON AVE S, KENT, WA, 98032-5713, UNITED STATES",False,False,False,
308,SBOB LLC,POKE EXPRESS AND BOBA TEA TIME LLC,604 742 727,1447406,"1616 E CENTER RD, SPOKANE, WA, 99208-8517, UNITED STATES",False,False,False,
309,SBOB LLC,"POULSBO BEER AND WINE, LLC",603 180 585,896138,"19541 23RD AVE, POULSBO, WA, 98370, UNITED STATES",False,False,False,
310,SBOB LLC,"POULSBO BEER RUN, LLC",603 340 195,942020,"932 SLIPPERY PIG WAY, POULSBO, WA, 98370, UNITED STATES",False,False,False,
311,SBOB LLC,"POULSBO BF BTS RETAIL, LLC",604 478 964,1293704,"14600 DETROIT AVE STE 1500, LAKEWOOD, OH, 44107-4299, UNITED STATES",False,False,False,
312,SBOB LLC,"POULSBO BK, LLC",602 881 913,380979,"205 E WISER LAKE ROAD, LYNDEN, WA, 98264, UNITED STATES",False,False,False,
313,SBOB LLC,POULSBO BOM DEVELOPERS LLC,602 575 012,244628,"1001 4TH AVE STE 4330, SEATTLE, WA, 98154-1116, UNITED STATES",True,False,False,
314,SBOB LLC,POULSBO BOM LLC,602 574 580,390676,"1001 4TH AVE STE 4330, SEATTLE, WA, 98154-1116, UNITED STATES",True,False,False,
315,SBOB LLC,"POULSBO BUSINESS PARK, LLC",602 679 386,915277,"541 NE BERNT RD, POULSBO, WA, 98370-9065, UNITED STATES",False,False,False,
316,SBOB LLC,"SBOB, LLC",604 773 327,1467502,"2100 MCKINNEY AVE STE 800, DALLAS, TX, 75201-6910, UNITED STATES",False,False,False,
317,SBOB LLC,SLUYS POULSBO BAKERY INC,601 246 308,988500,"18924 FRONT ST NE, POULSBO, WA, 98370-7353, UNITED STATES",False,False,False,
318,SBOB LLC,"THE POULSBO BUNGALOW, LLC",603 338 876,475061,"18248 9TH AVENUE NE, POULSBO, WA, 98370-8472, UNITED STATES",False,False,False,
319,POLYCLINIC MSO PLLC,"THE POLYCLINIC MSO, LLC",604 296 497,1252908,"904 7TH AVE., SEATTLE, WA, 98104, UNITED STATES",False,False,False,
320,MARTIN APARTMENTS LLC,BELLEVUE MARTINE APARTMENTS LIMITED PARTNERSHIP,604 835 352,1513115,"17735 NE 65TH ST STE 120, REDMOND, WA, 98052-4924, UNITED STATES",False,False,False,
321,MARTIN APARTMENTS LLC,"MARTIN TERRACE APARTMENTS, LLC",602 673 612,318303,"7917 MARTIN WAY E, OLYMPIA, WA, 98516-5751, UNITED STATES",False,False,False,
322,MARTIN APARTMENTS LLC,MARTINDALE APARTMENTS LIMITED PARTNERSHIP,602 888 261,318344,"25 W NORA AVE, SPOKANE, WA, 99205-4800, UNITED STATES",False,False,False,
323,MARTIN APARTMENTS LLC,"THE MARTIN APARTMENTS, LLC",603 436 046,1019489,"125 HIGH STREET, HIGH STREET TOWER, 27TH FLOOR, BOSTON, MA, 02110, UNITED STATES",False,False,False,
324,12 MADISON INVESTMENT LLC,12 MADISON INVESTMENT LLC,604 158 487,2172,"9809 NE 32ND ST, BELLEVUE, WA, 98004-1833, UNITED STATES",False,False,False,
325,EQR CENTENNIAL TOWER LLC,"EQR-CENTENNIAL TOWER, L.L.C.",602 456 660,190556,"TWO NORTH RIVERSIDE PLAZA, SUITE 400, CHICAGO, IL, 60606, UNITED STATES",False,False,False,
326,914 EAST TERRACE LLC,914 EAST TERRACE LLC,602 010 738,8498,"601 UNION ST STE 1401, SEATTLE, WA, 98101, UNITED STATES",False,False,False,
327,AR PIKE II LLC,AR PIKE II LLC,604 582 324,1341596,"6411 57TH AVE S, SEATTLE, WA, 98118-3022, UNITED STATES",False,False,False,
328,SEATTLE TOWER I LLC,SEATTLE TOWER CRANE INSPECTION LLC,602 801 919,971390,"13420 33RD AVE SE, MILL CREEK, WA, 98012, UNITED STATES",False,False,False,
329,SEATTLE TOWER I LLC,"SEATTLE TOWER I, LLC",604 053 771,945159,"500 108TH AVE NE STE 1810, BELLEVUE, WA, 98004-8414, UNITED STATES",False,False,False,
330,SEATTLE 1521 10TH LLC,SEATTLE 1521 10TH LLC,604 267 187,1193934,"2448 76TH AVE SE STE 220, MERCER ISLAND, WA, 98040-2744, UNITED STATES",False,True,True,
331,SEATTLE 1521 10TH LLC,SEATTLE 1521 10TH LLC,604 267 187,1193934,,False,True,True,
332,1205 EAST PIKE LLC,"1205 EAST PIKE, LLC",604 846 312,1515892,"2633 EASTLAKE AVE E, SUITE 307, SEATTLE, WA, 98102, UNITED STATES",False,False,False,
333,CRAWFORD GROUP OF SEATTLE L L C THE,THE CRAWFORD GROUP OF SEATTLE LLC,602 989 356,1029771,"1415 SUMMIT AVE, SEATTLE, WA, 98122, UNITED STATES",False,False,False,
334,SECURITY HOUSE LLLP,SECURITY HOUSE LLLP,603 613 857,419522,"433 MINOR AVE N, SEATTLE, WA, 98109-5439, UNITED STATES",True,False,False,
335,SECURITY HOUSE LLLP,SECURITY HOUSE DEVELOPMENT GP,604 057 584,423048,"433 MINOR AVE N, SEATTLE, WA, 98109-5439, UNITED STATES",True,False,False,
336,SECURITY HOUSE LLLP,SECURITY HOUSE DEVELOPMENT LLC,604 003 068,975192,"1651 BELLEVUE AVE, SEATTLE, WA, 98122-2014, UNITED STATES",False,False,False,
337,BREMER APARTMENTS LLC,BREMER APARTMENTS LLC,604 667 947,1401826,"1620 12TH AVE, STE 205, SEATTLE, WA, 98122-2568, UNITED STATES",False,False,False,
338,BREMER APARTMENTS LLC,"BREMERTON APARTMENTS, LLC",603 058 048,583712,"152 3RD AVE S, SUITE 105, EDMONDS, WA, 98020-3596, UNITED STATES",False,False,False,
339,BREMER APARTMENTS LLC,SOUND WEST BREMERTON APARTMENTS LLC,603 228 659,1008598,"109 OLDING RD #203, BREMERTON, WA, 98312, UNITED STATES",False,False,False,
340,NEW PACIFIC LLC,"FIRST NEW PACIFIC, INC.",602 132 071,696768,"18111 E VALLEY HWY, SUITE 103, KENT, WA, 98032, UNITED STATES",False,False,False,
341,NEW PACIFIC LLC,"JONES NEW PACIFIC REAL ESTATE, LLC",603 457 508,257421,"425 MASS AVE NW #PH223, WASHINGTON, DC, 20001, UNITED STATES",False,False,False,
342,NEW PACIFIC LLC,"NATIVE NEW YORKER PACIFIC AVENUE, LLC",603 126 150,882605,,True,False,False,
343,NEW PACIFIC LLC,"NEW GOLDEN PACIFIC ALAS, LLC",602 884 903,886697,"3107 SW 346TH PL, FEDERAL WAY, WA, 98023, UNITED STATES",False,False,False,
344,NEW PACIFIC LLC,NEW PACIFIC CONSTRUCTION LLC,604 912 812,1558579,"720 95TH CT SE, EVERETT, WA, 98208-2726, UNITED STATES",False,False,False,
345,NEW PACIFIC LLC,NEW PACIFIC HARDWOODS COMPANY,604 274 455,1205006,"112 4TH AVE E STE 206, OLYMPIA, WA, 98501, UNITED STATES",False,False,False,
346,NEW PACIFIC LLC,"NEW PACIFIC HOMES, INC.",602 132 193,837214,,True,False,False,
347,NEW PACIFIC LLC,NEW PACIFIC MEDIA CONSULTATION CO.,603 482 971,347297,"1600 MARSHALL CR, DUPONT, WA, 98327, UNITED STATES",False,False,False,
348,NEW PACIFIC LLC,NEW PACIFIC NORTHWEST ENTERPRISES LLC,605 009 352,1621296,"1006 S 140TH ST, BURIEN, WA, 98168-3659, UNITED STATES",False,False,False,
349,NEW PACIFIC LLC,"NEW PACIFIC PARTNERS, L.P.",601 424 196,217337,,True,False,False,
350,NEW PACIFIC LLC,NEW PACIFIC PLAT LLC,603 532 334,888543,"7523 210TH ST SW, EDMONDS, WA, 98026-7223, UNITED STATES",False,False,False,
351,NEW PACIFIC LLC,"NEW PACIFIC REAL ESTATE, LLC",603 310 411,844694,"906 W 2ND AVE STE 100, SPOKANE, WA, 99201-4540, UNITED STATES",False,False,False,
352,NEW PACIFIC LLC,NEW PACIFIC REIT INC,604 518 612,1310147,"14440 UNION AVE SW UNIT 1, LAKEWOOD, WA, 98498-2297, UNITED STATES",False,False,False,
353,NEW PACIFIC LLC,NEW PACIFIC VENTURES LLC,604 796 844,1484985,"920 5TH AVE STE 400, SEATTLE, WA, 98104-1189, UNITED STATES",False,False,False,
354,NEW PACIFIC LLC,"NEW PACIFIC, LLC",601 941 855,852146,"110 VINE ST #200, SEATTLE, WA, 98121, UNITED STATES",False,False,False,
355,NEW PACIFIC LLC,"NEWFORM PACIFIC, LLC",603 549 826,869595,"13219 NE 20TH ST #209, BELLEVUE, WA, 98005, UNITED STATES",False,False,False,
356,NEW PACIFIC LLC,NEWKIRK PACIFIC GROUP LLC,604 827 408,1503865,"2602 WESTRIDGE AVE W APT Z101, TACOMA, WA, 98466-1893, UNITED STATES",False,False,False,
357,NEW PACIFIC LLC,NEWMAN PACIFIC LLC,604 281 302,1204232,"13319 433RD CT SE, NORTH BEND, WA, 98045-9697, UNITED STATES",False,False,False,
358,NEW PACIFIC LLC,"NEWMARK PACIFIC, INC.",602 222 704,869606,,True,False,False,
359,NEW PACIFIC LLC,NEWPARK PACIFIC LLC,602 310 065,1136008,"316 CALIFORNIA AVE, STE 4B, RENO, NV, 89509-1650, UNITED STATES",False,False,False,
360,NEW PACIFIC LLC,"NEWPORT MEAT PACIFIC NORTHWEST, INC.",602 128 919,715711,"16123 NORTHEAST AIRPORT WAY, PORTLAND, OR, 97230, UNITED STATES",False,False,False,
361,NEW PACIFIC LLC,NEWPORT PACIFIC PARK PLACE LIMITED A CALIFORNIA LIMITEDPARTNERSHIP,602 051 123,349731,,True,False,False,
362,NEW PACIFIC LLC,NEWPORT PACIFIC PRINCIPALS LIMITED D/B/A NEWPORT PACIFICPRINCIPALS LIMITED,602 051 308,845298,,True,False,False,
363,NEW PACIFIC LLC,STONEWORKS PACIFIC LLC,604 331 630,1230857,"906 W 2ND AVE, STE 100, SPOKANE, WA, 99201-4540, UNITED STATES",False,False,False,
364,NEW PACIFIC LLC,"THE INSTITUTE OF NEW MEDICINE, INEWMED, PACIFIC CLINIC, LLC",602 455 480,1065273,"911 WESTERN AVE STE 506, SEATTLE, WA, 98104, UNITED STATES",False,False,False,
365,VINE COURT APARTMENTS LLC,VINE COURT APARTMENTS LLC,602 759 199,532406,"433 MINOR AVE N, SEATTLE, WA, 98109-5439, UNITED STATES",False,False,False,
366,EQR CENTENNIAL COURT LLC,"EQR-CENTENNIAL COURT, L.L.C.",602 456 661,1112715,"TWO NORTH RIVERSIDE PLAZA, SUITE 400, CHICAGO, IL, 60606, UNITED STATES",False,False,False,
367,VERSAILLES APARTMENTS LLC THE,"THE VERSAILLES APARTMENTS, LLC",602 123 676,474797,"905 LAKE ST S, APT 102, KIRKLAND, WA, 98033-6428, UNITED STATES",False,False,False,
368,2900 ON FIRST APARTMENTS LLC,2900 ON FIRST APARTMENTS LLC,604 936 688,1577983,"777 CALIFORNIA AVE STE 100, PALO ALTO, CA, 94304-1199, UNITED STATES",False,False,False,
369,RAR 2501 LLC,RAR 2501 LLC,604 413 118,1268577,"3757 S RIDGEWAY PL, SEATTLE, WA, 98144-6211, UNITED STATES",False,False,False,
370,AGC ARTHOUSE OWNER LLC,AGC ARTHOUSE OWNER LLC,604 811 933,1494233,"C/O ANGELO, GORDON & CO., L.P., 245 PARK AVENUE, 26TH FLOOR, NEW YORK, NY, 10167, UNITED STATES",False,False,False,
371,FIFTH AND BLANCHARD ASSOCIATES LLC,"FIFTH & BLANCHARD ASSOCIATES, LLC",603 136 148,701319,"4746 11TH AVE NE, STE 100, SEATTLE, WA, 98105, UNITED STATES",False,False,False,
372,FLT WINDHAM LLC,"FLT WINDHAM, LLC",604 420 123,1271187,"2082 MICHELSON DR FL 4, IRVINE, CA, 92612-1212, UNITED STATES",False,False,False,
373,SOMERSET GREEN TOWNHOUSES ASSOCIATES L L C,"SOMERSET GREEN TOWNHOUSES ASSOCIATES, LLC",601 981 012,980667,"400 WALL ST, SEATTLE, WA, 98121-1544, UNITED STATES",False,False,False,
374,BROADWAY SILVER CLOUD INN LLC,BROADWAY SILVER CLOUD INN L.L.C.,601 918 968,589158,"103 118TH AVE SE, SUITE 300, BELLEVUE, WA, 98005-3753, UNITED STATES",False,False,False,
375,EDWARDS ON 5TH AVE LTD PARTNERSHIP,THE EDWARDS ON 5TH AVENUE LIMITED PARTNERSHIP,601 751 988,1030556,"2801 ALASKAN WAY STE 310, SEATTLE, WA, 98121-1135, UNITED STATES",False,False,False,
376,206 BELL LLC,"206 BELL, LLC",603 345 242,5703,"2001 ROSS AVENUE, SUITE 3400, DALLAS, TX, 75201, UNITED STATES",False,False,False,
377,206 BELL LLC,WA 206 BELL APARTMENTS LLC,605 027 096,1635427,"9757 NE JUANITA DR STE 300, KIRKLAND, WA, 98034-4291, UNITED STATES",False,False,False,
378,CEDARS LLC,"(T) CEDAR DECKS, LLC",603 049 505,761,"PO BOX 8157, KIRKLAND, WA, 98034-8157, UNITED STATES",False,False,False,
379,CEDARS LLC,07 CEDARS LLC,604 808 888,1493655,"7515 12TH AVE E, TACOMA, WA, 98404-1739, UNITED STATES",False,False,False,
380,CEDARS LLC,"103 CEDAR CREST LANE, LLC",602 821 154,1693,"10900 NE 4TH STREET STE 1850, BELLEVUE, WA, 98004, UNITED STATES",False,False,False,
381,CEDARS LLC,105 CEDAR AVENUE FOUNDATION,604 127 895,1548,"7429 ORCHARD AVE, SNOHOMISH, WA, 98290, UNITED STATES",False,False,False,
382,CEDARS LLC,"108 CEDAR CREST LANE, LLC",604 137 137,1477,"10001 NE 8TH ST STE 201, BELLEVUE, WA, 98004, UNITED STATES",False,False,False,
383,CEDARS LLC,111 CEDAR CONDOMINIUM OWNERS ASSOCIATION,604 416 844,1271277,"111 CEDAR ST, SULTAN, WA, 98294, UNITED STATES",False,False,False,
384,CEDARS LLC,"119 CEDAR ST UNIT A, LLC",604 885 570,1547084,"20313 86TH PL NE, BOTHELL, WA, 98011-2270, UNITED STATES",False,False,False,
385,CEDARS LLC,124 S. CEDAR AVENUE LLC,604 671 509,1400394,"440 MERRY LN, BURBANK, WA, 99323-9623, UNITED STATES",True,False,False,
386,CEDARS LLC,128 S. CEDAR AVENUE LLC,604 671 511,1400397,"440 MERRY LN, BURBANK, WA, 99323-9623, UNITED STATES",True,False,False,
387,CEDARS LLC,"1301NCEDAR DP, LLC",604 015 310,59713,"1301 N CEDAR, DEER PARK, WA, 99006, UNITED STATES",False,False,False,
388,CEDARS LLC,"1310 CEDAR AVE., LLC",602 598 046,2335,"1310 CEDAR AVE, MARYSVILLE, WA, 98270, UNITED STATES",False,False,False,
389,CEDARS LLC,132 S. CEDAR AVENUE LLC,604 671 518,1400422,"440 MERRY LN, BURBANK, WA, 99323-9623, UNITED STATES",True,False,False,
390,CEDARS LLC,"141 CEDARBROOK, LLC",603 473 528,44240,"1616 SE ELLIS CT, PORT ORCHARD, WA, 98367, UNITED STATES",False,False,False,
391,CEDARS LLC,204 CEDAR STREET LLC,604 462 877,1288959,"1441 FOXTAIL ST UNIT A, LYNDEN, WA, 98264-3905, UNITED STATES",False,False,False,
392,CEDARS LLC,205 CEDAR STREET LLC,604 465 025,1285680,"3701 S NORFOLK ST STE 300, SEATTLE, WA, 98118-5607, UNITED STATES",False,False,False,
393,CEDARS LLC,209 S CEDAR ST BUCKLEY 98321 LLC,603 566 855,6654,"31518 128TH ST E, BUCKLEY, WA, 98321, UNITED STATES",False,False,False,
394,CEDARS LLC,2109 CEDAR AVE LLC,603 288 575,62447,"18 POWELL DRIVE, CATHLAMET, WA, 98612, UNITED STATES",False,False,False,
395,CEDARS LLC,214 CEDAR LLC,604 862 781,1533245,"214 S CEDAR ST, MOSES LAKE, WA, 98837-1922, UNITED STATES",False,False,False,
396,CEDARS LLC,2212 CEDAR LLC,604 044 438,36868,"2722 COLBY AVE STE 723, EVERETT, WA, 98201, UNITED STATES",False,False,False,
397,CEDARS LLC,2218 CEDARDALE LLC,604 691 408,1413149,"522 W RIVERSIDE AVE STE N, SPOKANE, WA, 99201-0580, UNITED STATES",False,False,False,
398,CEDARS LLC,23 RED CEDAR LANE LLC,604 467 186,1289068,"23 RED CEDAR LANE, PORT LUDLOW, WA, 98365, UNITED STATES",False,False,False,
399,CEDARS LLC,2332 CEDAR ROAD CONDOMINIUM OWNERS ASSOCIATION,603 398 590,6369,"2332B CEDAR RD, LAKE STEVENS, WA, 98258-9147, UNITED STATES",False,False,False,
400,CEDARS LLC,2509 CEDARWOOD LLC,604 150 381,62642,"2509 CEDARWOOD AVE #1, BELLINGHAM, WA, 98225, UNITED STATES",False,False,False,
401,CEDARS LLC,"2700 CEDARWOOD, LLC",602 471 123,6634,"138 N SHORE DR, BELLINGHAM, WA, 98226, UNITED STATES",False,False,False,
402,CEDARS LLC,27CEDARS LLC,604 799 952,1487155,"10525 DENSMORE AVE N, SEATTLE, WA, 98133-8942, UNITED STATES",False,False,False,
403,2400 ELLIOTT LLC,"2400 ELLIOTT, LLC",603 563 801,82967,"6400 S FIDDLERS GREEN CIR, SUITE 1200, GREENWOOD VLG, CO, 80111-4950, UNITED STATES",False,False,False,
404,CASTLE LLC,* NEWCASTLE ADULT FAMILY HOME LLC,604 628 459,1371522,"6583 125TH AVE SE, BELLEVUE, WA, 98006-3936, UNITED STATES",False,False,False,
405,CASTLE LLC,10TH CASTLE LLC,603 488 046,1972,"50 KERR PARKWAY #31, LAKE OSWEGO, OR, 97035, UNITED STATES",False,False,False,
406,CASTLE LLC,136TH AVENUE SE NEWCASTLE LLC,604 050 967,32155,"411 1ST AVE S, SUITE 650, SEATTLE, WA, 98104-3807, UNITED STATES",False,False,False,
407,CASTLE LLC,224 CASTLE LLC,604 001 373,77236,"3102 S DAY ST, SEATTLE, WA, 98144-3958, UNITED STATES",False,False,False,
408,CASTLE LLC,2940 CASTLE ROCK LLC,604 598 555,1351453,"1135 COUNTRY RIDGE DR, RICHLAND, WA, 99352-9546, UNITED STATES",False,False,False,
409,CASTLE LLC,"39794 NEWCASTLE, LLC",603 339 122,7899,"9811 43RD AVE, GIG HARBOR, WA, 98332-7835, UNITED STATES",False,False,False,
410,CASTLE LLC,"4CASTLE TECHNOLOGIES, INC.",603 397 791,5908,"34103 NE STOSSEL CREEK WAY, DUVALL, WA, 98019, UNITED STATES",False,False,False,
411,CASTLE LLC,72ND ST NEWCASTLE LLC,604 510 420,1309227,"18220 8TH AVE S, SEATAC, WA, 98148-1910, UNITED STATES",False,False,False,
412,CASTLE LLC,"7453 NEWCASTLE GOLF CLUB ROAD, LLC",604 937 112,1571713,"3151 SE 4TH ST, RENTON, WA, 98056-5823, UNITED STATES",False,False,False,
413,CASTLE LLC,"747 CASTLE HEIGHTS, LLC",604 770 251,1469773,"135 N WENATCHEE AVE, WENATCHEE, WA, 98801-2238, UNITED STATES",False,False,False,
414,CASTLE LLC,"A & L DREAM CASTLE AT FAIRWOOD, L.L.C.",602 343 421,82792,,True,False,False,
415,CASTLE LLC,A. M. CASTLE & CO.,600 420 407,13340,,True,False,False,
416,CASTLE LLC,A.M. CASTLE & CO.,602 148 452,18786,"1420 KENSINGTON ROAD, SUITE 220, OAK BROOK, IL, 60523, UNITED STATES",False,False,False,
417,CASTLE LLC,ABBINGTON WEDDING CASTLE CORPORATION,603 594 349,442192,"1840 SW 22ND STREET, SUITE 4-1044, MIAMI, FL, 33145, UNITED STATES",False,False,False,
418,CASTLE LLC,"AIR CASTLE PROPERTIES, L.L.C.",602 803 920,482426,"1861 PARKVIEW DR NE, BAINBRIDGE IS, WA, 98110-4804, UNITED STATES",False,False,False,
419,CASTLE LLC,"AIR CASTLE, LLC",604 299 896,1226448,"3225 MCLEOD DR, SUITE 100, LAS VEGAS, NV, 89121-2257, UNITED STATES",False,False,False,
420,CASTLE LLC,ALDEA AT NEWCASTLE COMMONS CONDOMINIUM,604 308 832,1218608,,True,True,True,
421,CASTLE LLC,ALDEA AT NEWCASTLE COMMONS CONDOMINIUM OWNERS ASSOCIATION,604 308 832,1218608,"2100 124TH AVE NE, STE 110, BELLEVUE, WA, 98005-1934, UNITED STATES",False,True,True,
422,CASTLE LLC,"ANEWCASTLE4U, INC.",602 225 885,37713,,True,False,False,
423,CASTLE LLC,"ANOTHER CASTLE ARCADE EDITION, LLC",603 513 178,551683,"23303 HIGHWAY 99 STE C, EDMONDS, WA, 98026-8762, UNITED STATES",False,False,False,
424,CASTLE LLC,ANOTHER CASTLE LLC,603 325 868,38673,"8809 234TH ST SW, EDMONDS, WA, 98026, UNITED STATES",False,False,False,
425,CASTLE LLC,ANXING LLC,604 810 144,1495918,"24129 BEESON PL, EDMONDS, WA, 98026-8541, UNITED STATES",False,False,False,
426,CASTLE LLC,ANYWHERE INSURANCE AGENCY INC.,602 501 631,89505,"175 PARK AVE, MADISON, NJ, 07940-1123, UNITED STATES",False,False,False,
427,CASTLE LLC,"APOSTOLIC LUTHERAN CHURCH OF CASTLE ROCK, WASHINGTON",601 390 965,550960,"248 COWLITZ ST W, CASTLE ROCK, WA, 98611-0060, UNITED STATES",False,False,False,
428,CASTLE LLC,"ARLINGTON CASTLE HOLDINGS, LLC",604 264 470,1198443,"4522 KENNEDY RD NE, TACOMA, WA, 98422-1802, UNITED STATES",False,False,False,
429,SV PROPERTIES L L C,BIRDSVIEW PROPERTIES LLC,603 417 853,577201,"8002 LENA LANE, CONCRETE, WA, 98237, UNITED STATES",False,False,False,
430,SV PROPERTIES L L C,"BSVV PROPERTIES, LLC",602 638 849,100163,"19630 SE 184TH STREET, RENTON, WA, 98058, UNITED STATES",False,False,False,
431,SV PROPERTIES L L C,"CROSS VALLEY PROPERTIES, LLC",604 216 634,1179044,"4503 83RD AVE SE, SNOHOMISH, WA, 98290-5206, UNITED STATES",False,False,False,
432,SV PROPERTIES L L C,DLO MARYSVILLE PROPERTIES LLC,602 971 102,658947,"18219 14TH SE, SNOHOMISH, WA, 98290, UNITED STATES",False,False,False,
433,SV PROPERTIES L L C,"FRANTSVOG INVESTMENT PROPERTIES, INC.",602 667 662,171863,"38008 SE 35TH ST, WASHOUGAL, WA, 98671, UNITED STATES",False,False,False,
434,SV PROPERTIES L L C,GREAT  MARYSVILLE  PROPERTIES LLC,604 537 671,1325380,"13614 171ST AVE NE, REDMOND, WA, 98052-1728, UNITED STATES",False,False,False,
435,SV PROPERTIES L L C,"HUNTSVILLE FAMILY PROPERTIES, LLC",602 681 957,768915,"2005 TUCANNON ROAD, POMEROY, WA, 99347, UNITED STATES",False,False,False,
436,SV PROPERTIES L L C,JENSVOLD PROPERTIES L.L.C.,602 026 561,771863,"12491 UPPER BADGER POCKET RD, ELLENSBURG, WA, 98926-8668, UNITED STATES",False,False,False,
437,SV PROPERTIES L L C,"JSV PROPERTIES, LLC",603 197 980,801159,"5939 BROAD VIEW AVE NE, TACOMA, WA, 98422-1347, UNITED STATES",False,False,False,
438,SV PROPERTIES L L C,JSVT PROPERTIES L.L.C.,604 098 633,760276,"23270 SUNSERRA LOOP NW # B04, QUINCY, WA, 98848-9112, UNITED STATES",False,False,False,
439,SV PROPERTIES L L C,"M&S VENTURE PROPERTIES, LLC",603 382 895,1130685,"1910 FAIRVIEW AVE STE 200, SEATTLE, WA, 98102, UNITED STATES",False,False,False,
440,SV PROPERTIES L L C,MARYSVILLE EVERGREEN PROPERTIES LLC,604 347 930,1248912,"3615 W LAKE SAMMAMISH PKWY NE, REDMOND, WA, 98052-5804, UNITED STATES",False,False,False,
441,SV PROPERTIES L L C,"MARYSVILLE HOTEL PROPERTIES, LLC",603 287 115,319192,"1111 CLEVELAND STE 203, MOUNT VERNON, WA, 98273, UNITED STATES",False,False,False,
442,SV PROPERTIES L L C,"MARYSVILLE L & R PROPERTIES, L.L.C.",603 107 142,808851,"3925 88TH STREET N.E. STE D, MARYSVILLE, WA, 98270, UNITED STATES",False,False,False,
443,SV PROPERTIES L L C,"OB MARYSVILLE PROPERTIES, LLC",603 164 209,355323,,True,True,True,
444,SV PROPERTIES L L C,"OB SODO PROPERTIES V, LLC",603 164 209,355323,"101 116TH AVE SE, BELLEVUE, WA, 98004-6408, UNITED STATES",False,True,True,
445,SV PROPERTIES L L C,"OVERSVEE-CHOI PROPERTIES, LLC",603 222 651,368764,"2501 S DEARBORN ST, SEATTLE, WA, 98144, UNITED STATES",False,False,False,
446,SV PROPERTIES L L C,"PETERSVILLE PROPERTIES, LLC",602 874 570,376159,"8577 STAVIS BAY RD NW, SEABECK, WA, 98380-8760, UNITED STATES",False,False,False,
447,SV PROPERTIES L L C,"RSV PROPERTIES, LLC",604 126 022,960495,"6108 REID DRIVE NW, GIG HARBOR, WA, 98335, UNITED STATES",False,False,False,
448,SV PROPERTIES L L C,S.V.T PROPERTIES LLC,604 676 228,1402361,"11718 SE 239TH PL, KENT, WA, 98031-3772, UNITED STATES",False,False,False,
449,SV PROPERTIES L L C,SSSVMG PROPERTIES LLC,604 889 953,1545493,"2427 120TH PL SE, EVERETT, WA, 98208-6313, UNITED STATES",False,False,False,
450,SV PROPERTIES L L C,SV FORD PROPERTIES LLC,603 313 864,1013761,,True,False,False,
451,SV PROPERTIES L L C,"SV III PROPERTIES, LLC",604 818 848,1501217,"28430 16TH AVE S, FEDERAL WAY, WA, 98003-3180, UNITED STATES",False,False,False,
452,SV PROPERTIES L L C,SV PROPERTIES L.L.C.,601 854 353,961545,"1100 BELLEVUE WAY NE STE 8A-#518, BELLEVUE, WA, 98004, UNITED STATES",False,False,False,
453,SV PROPERTIES L L C,"SVA PROPERTIES, LLC",601 975 826,451859,"6857 WOODLAWN AVE. NE, SEATTLE, WA, 98115-5419, UNITED STATES",False,False,False,
454,XERAD LLC,"THE TAX ERADICATOR BOOKKEEPING & TAX SERVICES, LLC",603 427 461,986537,"10003 201ST AVENUE PL E, BONNEY LAKE, WA, 98391-5939, UNITED STATES",False,False,False,
455,XERAD LLC,"XERAD I, LLC",602 498 747,526872,"3021 4TH AVE, SEATTLE, WA, 98121, UNITED STATES",False,False,False,
456,XERAD LLC,"XERAD II, LLC",602 498 750,526873,"3425 67TH SE, MERCER ISLAND, WA, 98040, UNITED STATES",False,False,False,
457,ELLIOTT POINTE LLC,"ELLIOTT POINTE, LLC",602 797 168,160327,"485 ALBERTO WAY STE 200, LOS GATOS, CA, 95032-5476, UNITED STATES",False,False,False,
458,WESTERN & LENORA INVESTORS LLC,"WESTERN & LENORA INVESTORS, LLC",601 908 178,1073652,"88 LENORA ST, SEATTLE, WA, 98121-2108, UNITED STATES",False,False,False,
459,LOS ROBLES COURT COMPANY LLC,"LOS ROBLES COURT COMPANY, LLC",604 098 542,290255,"901 MARINERS ISLAND BLVD STE 700, SAN MATEO, CA, 94404, UNITED STATES",False,False,False,
460,2721 FOURTH AVE LP,"2721 FOURTH AVENUE, L.P., A CALIFORNIA LIMITED PARTNERSHIP",601 433 699,1092084,"2721 4TH AVE, SEATTLE, WA, 98121, UNITED STATES",False,False,False,
461,GRAHAM TERRY APARTMENTS LLC,GRAHAM TERRY APARTMENTS LLC,602 896 887,235415,"433 MINOR AVE N, SEATTLE, WA, 98109-5439, UNITED STATES",False,False,False,
462,SOUTH SHORE ASSOCIATES LP,"SOUTH SHORE ASSOCIATES, L.P.",602 956 689,1151147,,False,False,False,
463,OREGON APARTMENTS LLC,OREGON APARTMENTS LLC,602 755 604,367225,"433 MINOR AVE N, SEATTLE, WA, 98109-5439, UNITED STATES",False,False,False,
464,OREGON APARTMENTS LLC,"OREGON 4 APARTMENTS, LLC",604 547 028,1390512,"10900 NE 8TH ST STE 1200, BELLEVUE, WA, 98004-4460, UNITED STATES",False,False,False,
465,YOUNG WOMEN'S CHRISTIAN ASSOC,YOUNG WOMEN'S CHRISTIAN ASSOCIATION,328 006 410,529007,"930 N MONROE ST, SPOKANE, WA, 99201-2112, UNITED STATES",False,False,False,
466,YOUNG WOMEN'S CHRISTIAN ASSOC,YOUNG WOMEN'S CHRISTIAN ASSOCIATION OF BELLINGHAM,371 001 463,1091562,"1026 N FOREST ST, BELLINGHAM, WA, 98225-5510, UNITED STATES",False,False,False,
467,YOUNG WOMEN'S CHRISTIAN ASSOC,"YOUNG WOMEN'S CHRISTIAN ASSOCIATION OF KITSAP COUNTY, INC.",601 141 378,1083274,"905 PACIFIC AVE, BREMERTON, WA, 98337-0184, UNITED STATES",False,False,False,
468,YOUNG WOMEN'S CHRISTIAN ASSOC,"YOUNG WOMEN'S CHRISTIAN ASSOCIATION OF LEWISTON-CLARKSTON,  INC. DBA YOUNG WOMEN'S CHRISTIAN",601 556 764,526971,,True,False,False,
469,YOUNG WOMEN'S CHRISTIAN ASSOC,"YOUNG WOMEN'S CHRISTIAN ASSOCIATION OF LEWISTON-CLARKSTON, INC.",604 113 499,1083275,"300 MAIN ST, LEWISTON, ID, 83501-1820, UNITED STATES",False,False,False,
470,YOUNG WOMEN'S CHRISTIAN ASSOC,YOUNG WOMEN'S CHRISTIAN ASSOCIATION OF SEATTLE-KING COUNTY-SNOHOMISH COUNTY,178 006 892,1035501,"1118 5TH AVE, SEATTLE, WA, 98101-3001, UNITED STATES",False,False,False,
471,YOUNG WOMEN'S CHRISTIAN ASSOC,YOUNG WOMEN'S CHRISTIAN ASSOCIATION OF WALLA WALLA,363 004 598,1083276,"213 S 1ST AVE, WALLA WALLA, WA, 99362-3012, UNITED STATES",False,False,False,
472,YOUNG WOMEN'S CHRISTIAN ASSOC,YOUNG WOMEN'S CHRISTIAN ASSOCIATION OF WASHINGTON STATEUNIVERSITY,601 810 594,1091563,,True,False,False,
473,YOUNG WOMEN'S CHRISTIAN ASSOC,"YOUNG WOMEN'S CHRISTIAN ASSOCIATION OF YAKIMA, WASHINGTON",397 001 796,526972,"818 W YAKIMA AVE, YAKIMA, WA, 98902-3049, UNITED STATES",False,False,False,
474,VALLEY VILLAGE MEDICAL CENTER LLC,"VALLEY VILLAGE MEDICAL CENTER MANAGER, LLC",603 534 879,515453,"20687 AMAR RD STE 2-789, WALNUT, CA, 91789-5044, UNITED STATES",False,False,False,
475,VALLEY VILLAGE MEDICAL CENTER LLC,"VALLEY VILLAGE MEDICAL CENTER, LLC",604 081 833,1082866,"1873 O'TOOLE LANE, SAN JOSE, CA, 95131, UNITED STATES",False,False,False,
476,CHARLESGATE L L C,CHARLESGATE L.L.C.,601 685 288,608895,"9830 SE 35TH PL, MERCER ISLAND, WA, 98040, UNITED STATES",False,False,False,
477,CHARLESGATE L L C,CHARLESGATE NORTH CONDOMINIUM HOMEOWNERS' ASSOCIATION,602 913 184,124044,"8747 PHINNEY AVE N, SEATTLE, WA, 98103-3764, UNITED STATES",False,False,False,
478,STONECLIFF ASSOCIATES LLC,"STONECLIFF ASSOCIATES, LLC",602 773 142,286967,"1938 43RD AVE E, SEATTLE, WA, 98112-3235, UNITED STATES",False,False,False,
479,CX3 DAVENPORT LLC,CX3 DAVENPORT LLC,604 263 023,1193106,"1620 BROADWAY ST, SEATTLE, WA, 98122, UNITED STATES",False,False,False,
480,LEGACY PINE STREET LLC,LEGACY PINE STREET LLC,602 599 199,319784,"400 112TH AVE NE, BELLEVUE, WA, 98004-5543, UNITED STATES",False,False,False,
481,INTERBAY URBAN STORAGE LLC,"INTERBAY URBAN STORAGE, LLC",603 576 703,755907,"5030 KATELLA AVE STE 228, LOS ALAMITOS, CA, 90720-2819, UNITED STATES",False,False,False,
482,SLT REALTY LTD PARTNERSHIP,SLT REALTY LIMITED PARTNERSHIP,601 595 794,431582,,False,False,False,
483,ALWAYS COMPETE LLC,ALWAYS COMPETE LLC,603 494 119,28912,"1200 WESTLAKE AVE N, SUITE 310, SEATTLE, WA, 98109-3528, UNITED STATES",False,False,False,
484,ALWAYS COMPETE LLC,ALWAYS COMPETE TRAINING LLC,605 007 139,1621120,"1739 MCALLISTER CT SE, OLYMPIA, WA, 98513-2010, UNITED STATES",False,False,False,
485,RLI BUILDING LLC,RLI BUILDING LLC,603 199 079,911987,"105 14TH AVE, SUITE 300, SEATTLE, WA, 98122-5569, UNITED STATES",False,False,False,
486,RLI BUILDING LLC,BURLINGTON BUILDING LLC,604 505 433,1306140,"3366 212TH CT SE, SAMMAMISH, WA, 98075-6271, UNITED STATES",False,False,False,
487,RLI BUILDING LLC,"BURLINGTON BUILDING NO. C, LLC",602 254 696,76983,"17224 SE 272ND ST, KENT, WA, 98042-4953, UNITED STATES",False,False,False,
488,RLI BUILDING LLC,BURLINGTON-UNITED MASONIC BUILDING CORPORATION,602 023 036,583252,,False,False,False,
489,RLI BUILDING LLC,"CENTERLINE BUILDING & DESIGN, LLC",603 601 166,615192,"14526 LINDSAY LP SE, YELM, WA, 98597, UNITED STATES",False,False,False,
490,RLI BUILDING LLC,"CHAMBERLIN BUILDING SYSTEMS, INC.",603 540 041,99542,"13835 E QUAIL TRACK ROAD, SCOTTSDALE, AZ, 85262, UNITED STATES",False,False,False,
491,RLI BUILDING LLC,DURLIN BUILDING SERVICES LLC,604 165 896,671924,"914 164TH ST SE # 372, MILL CREEK, WA, 98012-6385, UNITED STATES",False,False,False,
492,RLI BUILDING LLC,GORLICK BUILDING MASTER TENANT LLC,602 856 034,700089,"270 S HANFORD ST STE 100, SEATTLE, WA, 98134, UNITED STATES",False,False,False,
493,RLI BUILDING LLC,"NP ARLINGTON MIC INDUSTRIAL BUILDING 1, LLC",604 690 024,1413142,"3315 N OAK TRFY, KANSAS CITY, MO, 64116-2775, UNITED STATES",False,False,False,
494,RLI BUILDING LLC,SILVERLINE BUILDING LLC,604 209 797,1175060,"317 EMERSON AVE, HOQUAIM, WA, 98550, UNITED STATES",False,False,False,
495,RLI BUILDING LLC,"TIMBERLINE BUILDING SERVICES, INC.",602 346 389,478372,"7532 WORLINE RD, BOW, WA, 98232-9644, UNITED STATES",False,False,False,
496,RLI BUILDING LLC,"ZURLINE BUILDING, LLC",604 369 553,1245503,"1545 MILTON ST, BELLINGHAM, WA, 98229-5125, UNITED STATES",False,False,False,
497,CRITICAL VENTURES HOUSING PS,"CRITICAL VENTURES HOUSING PARTNERSHIP II, A WASHINGTON LIMITED PARTNERSHIP",601 162 349,127991,"8350 164TH AVE NE STE 200, REDMOND, WA, 98052-3813, UNITED STATES",False,True,True,
498,CRITICAL VENTURES HOUSING PS,"CRITICAL VENTURES HOUSING PARTNERSHIP II,A WASHINGTON LIMITED PARTNERSHIP",601 162 349,127991,,True,True,True,
499,CRITICAL VENTURES HOUSING PS,"CRITICAL VENTURES HOUSING PARTNERSHIP VII, L.P.",601 462 289,125965,,True,False,False,
500,CRITICAL VENTURES HOUSING PS,"CRITICAL VENTURES HOUSING PARTNERSHIP VIII, A WASHINGTONLIMITED PARTNERSHIP",601 562 417,90917,,True,False,False,
501,CORNELIUS APARTMENTS LLC,MG CORNELIUS APARTMENTS HOLDINGS LLC,603 198 360,331037,,False,False,False,
502,CORNELIUS APARTMENTS LLC,MG CORNELIUS APARTMENTS L.P.,603 181 622,329781,"306 BLANCHARD ST, SAN DIEGO, CA, 92121, UNITED STATES",False,False,False,
503,CORNELIUS APARTMENTS LLC,THE CORNELIUS APARTMENTS LLC,603 565 891,1029630,"306 BLANCHARD ST, SEATTLE, WA, 98121-2067, UNITED STATES",False,False,False,
504,SATO FAMILY LTD PARTNERSHIP,F & J SATO FAMILY LIMITED PARTNERSHIP,601 865 140,682955,"22304 NE 157TH ST, WOODINVILLE, WA, 98077, UNITED STATES",False,False,False,
505,SATO FAMILY LTD PARTNERSHIP,JOHN Y. SATO FAMILY LP,601 583 004,967375,"11225 SE 6TH ST # 220, BELLEVUE, WA, 98004, UNITED STATES",False,True,True,
506,SATO FAMILY LTD PARTNERSHIP,SATO FAMILY LIMITED PARTNERSHIP,601 583 004,967375,,False,True,True,
507,SATO FAMILY LTD PARTNERSHIP,SATO FAMILY LLC,604 229 387,1185740,"21604 82ND AVE SE, RICHARD SATO, WOODINVILLE, WA, 98072, UNITED STATES",False,False,False,
508,BRE-FMCA LLC,"BRE-FMCA, LLC",602 910 214,94448,"1100 PARK PL, SUITE 200, SAN MATEO, CA, 94403-1599, UNITED STATES",False,False,False,
509,ELLIS COURT APARTMENTS LLC,ELLIS COURT APARTMENTS LLC,603 066 681,185080,"2801 ALASKAN WAY STE 310, SEATTLE, WA, 98121-1135, UNITED STATES",False,False,False,
510,ELLIS COURT APARTMENTS LLC,BELLINGHAM COURTYARD APARTMENTS LLC,602 767 508,556533,"6212 CASCADE DR, FERNDALE, WA, 98248, UNITED STATES",False,False,False,
511,SUNSET APARTMENTS LIMITED PARTNERSHIP,SUNSET APARTMENTS LIMITED PARTNERSHIP,603 075 591,290372,"433 MINOR AVE N, SEATTLE, WA, 98109-5439, UNITED STATES",True,False,False,
512,SUNSET APARTMENTS LIMITED PARTNERSHIP,BELOVED SUNSET APARTMENTS LLC,604 990 417,1608547,"3003 E NORA AVE, SPOKANE, WA, 99207-5357, UNITED STATES",False,False,False,
513,SUNSET APARTMENTS LIMITED PARTNERSHIP,SUNSET APARTMENTS GP LLC,604 198 721,1172464,"433 MINOR AVE N, SEATTLE, WA, 98109-5439, UNITED STATES",True,False,False,
514,SUNSET APARTMENTS LIMITED PARTNERSHIP,SUNSET CAPITAL APARTMENTS II LIMITED PARTNERSHIP,602 031 022,290466,,False,False,False,
515,SUNSET APARTMENTS LIMITED PARTNERSHIP,"SUNSET COURT APARTMENTS, LLC",604 172 373,454412,"100 N HOWARD ST STE R, SPOKANE, WA, 99201-0508, UNITED STATES",False,False,False,
516,SUNSET APARTMENTS LIMITED PARTNERSHIP,SUNSET EAST APARTMENTS LLC,604 017 036,454416,"8341 MALLOY DR, HUNTINGTN BCH, CA, 92646-5019, UNITED STATES",False,False,False,
517,SUNSET APARTMENTS LIMITED PARTNERSHIP,"SUNSET ELECTRIC APARTMENTS, LLC",603 201 360,464285,"6710 E CAMELBACK RD, STE 100, SCOTTSDALE, AZ, 85251-2031, UNITED STATES",False,False,False,
518,SUNSET APARTMENTS LIMITED PARTNERSHIP,SUNSET GARDEN APARTMENTS LLC,603 304 423,464288,"68 SKAGIT KY, BELLEVUE, WA, 98006-1040, UNITED STATES",False,False,False,
519,SUNSET APARTMENTS LIMITED PARTNERSHIP,SUNSET HEIGHTS CONDOMINIUM ASSOCIATION OF APARTMENT OWNERS,601 019 583,995624,"425 PONTIUS AVE N STE 203, SEATTLE, WA, 98109-5450, UNITED STATES",False,False,False,
520,SUNSET APARTMENTS LIMITED PARTNERSHIP,SUNSET HIGHLANDS APARTMENTS LLC,601 910 784,457515,"18032 STARMONT LN, HUNTINGTN BCH, CA, 92649-4845, UNITED STATES",False,False,False,
521,SUNSET APARTMENTS LIMITED PARTNERSHIP,SUNSET HILLS APARTMENTS LLC,602 773 960,464720,"19305 3RD AVE W, BOTHELL, WA, 98012-6261, UNITED STATES",False,False,False,
522,SUNSET APARTMENTS LIMITED PARTNERSHIP,"SUNSET RIDGE APARTMENT INVESTORS, A CALIFORNIA LIMITED PARTNERSHIP",602 041 502,290511,"2960 CAMINO DIABLO STE 300, WALNUT CREEK, CA, 94597-3961, UNITED STATES",False,False,False,
523,SUNSET APARTMENTS LIMITED PARTNERSHIP,"SUNSET STUDIO APARTMENTS, LLC",602 543 070,483709,"3547 LAKEWAY DR, BELLINGHAM, WA, 98229-2480, UNITED STATES",False,False,False,
524,SUNSET APARTMENTS LIMITED PARTNERSHIP,SUNSET TERRACE APARTMENTS LLC,604 834 396,1512682,"2908 NW 93RD ST, VANCOUVER, WA, 98665-6184, UNITED STATES",False,False,False,
525,SUNSET APARTMENTS LIMITED PARTNERSHIP,"SUNSET VIEW APARTMENTS, L.L.C.",602 087 365,1012110,"16825 160TH CT SE, RENTON, WA, 98058-8642, UNITED STATES",False,False,False,
526,SUNSET APARTMENTS LIMITED PARTNERSHIP,SUNSET VILLAGE APARTMENTS LLC,604 551 335,1392648,"5110 NW CHERRY ST, VANCOUVER, WA, 98663-1525, UNITED STATES",False,False,False,
527,AVALON BELLTOWN LLC,"AVALON BELLTOWN, LLC",602 974 020,34077,"4040 WILSON BLVD, SUITE 1000, ARLINGTON, VA, 22203-4439, UNITED STATES",False,False,False,
528,CASCADE PUBLIC MEDIA,CASCADE PUBLIC MEDIA,600 580 625,622840,"401 MERCER ST, SEATTLE, WA, 98109-4640, UNITED STATES",False,False,False,
529,HCP 600 BROADWAY MOB LLC,"HCP 600 BROADWAY MOB, LLC",602 451 583,219437,"1920 MAIN STREET, STE 1200, IRVINE, CA, 92614, UNITED STATES",False,False,False,
530,BCAL 3005 PROPERTY LLC,BCAL 3005 PROPERTY LLC,604 658 165,1387779,"200 STATE ST STE 5, BOSTON, MA, 02109-2628, UNITED STATES",False,False,False,
531,BRISTOL APARTMENTS LLC,BRISTOL APARTMENTS LLC,604 931 434,1569577,"601 UNION ST STE 2600, SEATTLE, WA, 98101-2302, UNITED STATES",False,False,False,
532,PALLADIAN HOTEL LLC,PALLADIAN HOTEL LLC,604 281 143,1207593,"2000 2ND AVE, SEATTLE, WA, 98121-2234, UNITED STATES",False,False,False,
533,PALLADIAN HOTEL LLC,PALLADIAN HOTEL CAPITAL LLC,605 148 151,1646605,"1001 WESTLAKE AVE N, SEATTLE, WA, 98109-3525, UNITED STATES",True,False,False,
534,PALLADIAN HOTEL LLC,PALLADIAN HOTEL LLC,604 247 091,1195770,,False,True,True,
535,PALLADIAN HOTEL LLC,PALLADIAN HOTEL MEMBER LLC,604 247 091,1195770,"1001 WESTLAKE AVE N, SEATTLE, WA, 98109-3525, UNITED STATES",True,True,True,
536,88 VINE LLC,88 VINE LLC,604 638 328,1374207,"1000 2ND AVE STE 1800, SEATTLE, WA, 98104-3619, UNITED STATES",False,False,False,
537,ARPEG HOLDINGS 1956 LLC,ARPEG HOLDINGS 1956 LLC,604 806 552,1491651,"1818 20TH AVE, SEATTLE, WA, 98122-2847, UNITED STATES",False,False,False,
538,KILROY REALTY L P,KILROY REALTY CORPORATION DBA KILROY REALTY NORTHWEST CORPORATION,601 759 555,269613,"12200 W OLYMPIC BLVD STE 200, LOS ANGELES, CA, 90064-1044, UNITED STATES",True,False,False,
539,KILROY REALTY L P,"KILROY REALTY FINANCE PARTNERSHIP, L.P.",601 764 624,302919,,True,False,False,
540,KILROY REALTY L P,"KILROY REALTY FINANCE, INC.",601 764 625,262142,,True,False,False,
541,KILROY REALTY L P,"KILROY REALTY TRS 3, INC.",604 552 424,1328683,"12200 W OLYMPIC BLVD STE 200, LOS ANGELES, CA, 90064-1044, UNITED STATES",True,False,False,
542,KILROY REALTY L P,"KILROY REALTY TRS, INC.",602 376 672,182207,"18000 PACIFIC HWY S #102, SEATTLE, WA, 98188, UNITED STATES",False,False,False,
543,KILROY REALTY L P,"KILROY REALTY, L.P.",601 759 560,269614,"12200 W OLYMPIC BLVD STE 200, LOS ANGELES, CA, 90064-1044, UNITED STATES",True,False,False,
544,EQR-RIANNA I LLC,"EQR-RIANNA I, LLC",602 985 521,166002,,False,True,True,
545,EQR-RIANNA I LLC,"EQR-RIANNA II, LLC",602 984 196,677934,"TWO NORTH RIVERSIDE PLAZA, SUITE 400, CHICAGO, IL, 60606, UNITED STATES",True,False,False,
546,EQR-RIANNA I LLC,EQR-RIANNA LLC,602 985 521,166002,"TWO NORTH RIVERSIDE PLAZA, SUITE 400, CHICAGO, IL, 60606, UNITED STATES",True,True,True,
547,CLISE PROPERTIES INC,"CLISE PROPERTIES, INC.",601 120 366,108502,"1700 7TH AVE STE 1800, SEATTLE, WA, 98101-1312, UNITED STATES",False,False,False,
548,CLISE PROPERTIES INC,"MAGNOLIA CLISE PLACE PROPERTIES, LLC",602 682 484,831073,,False,False,False,
549,510 BROADWAY PARTNERS LLC,"510 BROADWAY PARTNERS, LLC",604 130 419,249135,"3303 HUNTER BLVD S, SEATTLE, WA, 98144, UNITED STATES",False,False,False,
550,STAR APTS L.L.C,BRIGHT STAR COMMUNITY BAPTIST CHURCH OF TACOMA,601 801 697,96114,"4001 S ""M"" ST, TACOMA, WA, 98418, UNITED STATES",False,False,False,
551,STAR APTS L.L.C,DAYSTAR BAPTIST CHURCH,602 182 359,138978,"324 S SMITHERS, RENTON, WA, 98057-2513, UNITED STATES",False,False,False,
552,STAR APTS L.L.C,MORNING STAR BAPTIST CHURCH OF SPOKANE,601 615 886,872405,"3909 W ROWAN AVE, SPOKANE, WA, 99205-6028, UNITED STATES",False,False,False,
553,STAR APTS L.L.C,MORNING STAR MISSIONARY BAPTIST CHURCH,601 824 897,210523,"631 S DOUGLAS AVE, PASCO, WA, 99301-4414, UNITED STATES",False,False,False,
554,STAR APTS L.L.C,STAR BETHEL MISSIONARY BAPTIST CHURCH,601 800 047,443841,"5922 RAINIER AVE S, SEATTLE, WA, 98118-2724, UNITED STATES",False,False,False,
555,STAR APTS L.L.C,STAR TOURING AND RIDING AUBURN CHAPTER #350,602 689 027,990484,"11911 237TH AVENUE CT E, BUCKLEY, WA, 98321-9606, UNITED STATES",False,False,False,
556,STAR APTS L.L.C,STAR TOURING AND RIDING BREMERTON CHAPTER #403,602 721 772,1001388,"7065 AEGEAN BLVD NE, BREMERTON, WA, 98311, UNITED STATES",False,False,False,
557,STAR APTS L.L.C,STAR TOURING AND RIDING CHAPTER #409,602 818 197,453685,"1424 GRANT AVE, PROSSER, WA, 99350, UNITED STATES",False,False,False,
558,STAR APTS L.L.C,STARR ROAD BAPTIST CHURCH,601 153 181,985674,"4720 N STARR RD, OTIS ORCHARDS, WA, 99027-8731, UNITED STATES",False,False,False,
559,STAR APTS L.L.C,"THE INTERNATIONAL ORDER OF OLD BASTARDS, GREEN DOOR CHAPTERNO. 2784,",602 025 705,300666,,False,False,False,
560,ABBOTSFORD 151 LLC,ABBOTSFORD 151 LLC,602 594 715,18127,"1625 INTERLAKEN PL E, SEATTLE, WA, 98112-3424, UNITED STATES",False,False,False,
561,HUDSON 5TH + BELL LLC,"HUDSON 5TH AND BELL, LLC",604 837 536,1513853,"11601 WILSHIRE BLVD., 9TH FL, LOS ANGELES, CA, 90025, UNITED STATES",False,False,False,
562,2601 ELLIOTT OWNER LLC,2601 ELLIOTT OWNER LLC,604 767 289,1466481,"235 MONTGOMERY ST FL 15, SAN FRANCISCO, CA, 94104-3102, UNITED STATES",False,False,False,
563,FIFTH & WALL L L C,FIFTH & WALL LLC,601 831 772,185296,"12201 TUKWILA INTERNATIONAL BLVD # 4, 4TH FLOOR, TUKWILA, WA, 98168-5121, UNITED STATES",False,False,False,
564,LPF WTC EAST LLC,"LPF WTC EAST, LLC",603 359 712,840734,"333 W WACKER DR FL 23, CHICAGO, IL, 60606-1220, UNITED STATES",False,False,False,
565,VIRGINIA STREET REIT LLC,VIRGINIA STREET REIT LLC,603 425 160,1066574,"1215 4TH AVE #2400, SEATTLE, WA, 98161, UNITED STATES",False,False,False,
566,SHING-YEEN SHEEN ONE L L C,"SHING-YEEN SHEEN ONE, LLC",601 897 756,950998,"400 10TH AVE, SEATTLE, WA, 98122-5359, UNITED STATES",False,False,False,
567,UCP 2401 ELLIOTT LLC,UCP 2401 ELLIOTT LLC,604 166 835,1024485,"1215 FOURTH AVENUE, SUITE 600, SEATTLE, WA, 98161, UNITED STATES",False,False,False,
568,PIONEER HUMAN SERVICES,PIONEER HUMAN SERVICES,578 077 922,379341,"7440 W MARGINAL WAY S, SEATTLE, WA, 98108-4141, UNITED STATES",False,False,False,
569,PIONEER HUMAN SERVICES,PIONEER HUMAN SERVICES TENANT'S ASSOCIATION,604 881 153,1541469,"206 S POST ST # 407, SPOKANE, WA, 99201-4423, UNITED STATES",False,False,False,
570,WASHINGTON IRVING 2012 LLC,"WASHINGTON IRVING 2012, LLC",603 244 761,509005,"117 E LOUISA ST # 185, SEATTLE, WA, 98102-3203, UNITED STATES",False,False,False,
571,2301 THIRD AVE L P,"2301 THIRD AVENUE, L.P.",601 185 096,1169073,"2301 3RD AVE, SEATTLE, WA, 98121-1711, UNITED STATES",False,False,False,
572,RANDOLPH PARTNERS LLC,"RANDOLPH PARTNERS, LLC",602 376 737,954098,"1200 WESTLAKE AVE N STE 608, SEATTLE, WA, 98109-3529, UNITED STATES",False,False,False,
573,DIAMOND PARKING INC,"DIAMOND PARKING SERVICES, LLC",602 318 239,655608,"605 1ST AVE STE 600, SEATTLE, WA, 98104-2224, UNITED STATES",True,False,False,
574,DIAMOND PARKING INC,"DIAMOND PARKING, INC.",178 083 607,651032,"605 1ST AVE STE 600, SEATTLE, WA, 98104-2224, UNITED STATES",True,False,False,
575,DS INTERBAY URBAN CENTER LP,DS INTERBAY URBAN CENTER LP,603 484 258,146831,"200 E BAKER ST #100, COSTA MESA, CA, 92626, UNITED STATES",False,False,False,
576,BELLEVUE PLACE LLC,BELLEVUE PLACE LLC,602 315 718,43474,"10458 SEABECK HWY NW, SEABECK, WA, 98380-9703, UNITED STATES",False,False,False,
577,BELLEVUE PLACE LLC,ASN BELLEVUE PLACE LLC,602 739 569,42461,"9200 E PANORAMA CIR #400, ENGLEWOOD, CO, 80112, UNITED STATES",False,False,False,
578,BELLEVUE PLACE LLC,"BELLEVUE FIREPLACE SHOP, INC.",602 590 433,56883,"8524 122ND AVE NE, KIRKLAND, WA, 98033-5831, UNITED STATES",False,False,False,
579,BELLEVUE PLACE LLC,BELLEVUE NE 7TH PLACE LLC,603 542 509,569714,"419 OCCIDENTAL AVE S, STE 300, SEATTLE, WA, 98104, UNITED STATES",False,False,False,
580,BELLEVUE PLACE LLC,BELLEVUE PLACE ASSOCIATION,601 166 474,54569,"575 BELLEVUE SQ, BELLEVUE, WA, 98004-5031, UNITED STATES",False,False,False,
581,BELLEVUE PLACE LLC,BELLEVUE PLACE CONDOMINIUM,602 821 045,570637,"1661 HARBOR AVE SW STE 100, SEATTLE, WA, 98126-2084, UNITED STATES",False,False,False,
582,BELLEVUE PLACE LLC,"BELLEVUE PLACE HOTEL LIMITED PARTNERSHIP, A WASHINGTON LIMITED PARTNERSHIP",601 116 569,57191,"575 BELLEVUE SQ, BELLEVUE, WA, 98004, UNITED STATES",True,False,False,
583,BELLEVUE PLACE LLC,"BELLEVUE PLACE HOTEL, LLC",602 735 337,56919,"575 BELLEVUE SQ, BELLEVUE, WA, 98004, UNITED STATES",True,False,False,
584,BELLEVUE PLACE LLC,BELLEVUE PLACE II LLC,602 112 164,576073,,False,False,False,
585,BELLEVUE PLACE LLC,"BELLEVUE PLACE OFFICE BUILDING I LIMITED PARTNERSHIP, A WASHINGTON LIMITED PARTNERSHIP",601 113 083,63803,"575 BELLEVUE SQ, BELLEVUE, WA, 98004, UNITED STATES",True,False,False,
586,BELLEVUE PLACE LLC,"BELLEVUE PLACE OFFICE MEZZANINE OWNER, LLC",603 557 051,556325,"575 BELLEVUE SQUARE, BELLEVUE, WA, 98004, UNITED STATES",True,False,False,
587,BELLEVUE PLACE LLC,"BELLEVUE PLACE OFFICE, LLC",603 049 142,57298,"575 BELLEVUE SQUARE, BELLEVUE, WA, 98004, UNITED STATES",True,False,False,
588,BELLEVUE PLACE LLC,BELLEVUE PLACE PROPERTIES LIMITED PARTNERSHIP,601 116 573,570638,"575 BELLEVUE SQ, BELLEVUE, WA, 98004, UNITED STATES",True,False,False,
589,BELLEVUE PLACE LLC,"LVA4 BELLEVUE ATRIUM PLACE, LLC",604 049 972,821684,"712 MAIN STREET, SUITE 2500, HOUSTON, TX, 77002, UNITED STATES",False,False,False,
590,AMD ROOSEVELT L L C,AMD ROOSEVELT LLC,602 872 876,33542,"2000 1ST AVE #803, SEATTLE, WA, 98121, UNITED STATES",False,False,False,
591,MINI-MAX LLC,MINI-MAX LLC,601 997 702,870965,"2656 15TH AVE W, SEATTLE, WA, 98119-2133, UNITED STATES",False,False,False,
592,MINI-MAX LLC,"MINI-MAX CPA, PS",602 702 871,867639,,False,False,False,
593,MINI-MAX LLC,MINIMAX BEAUTY L.L.C.,604 194 856,1166941,"5261 123RD AVE SE, BELLEVUE, WA, 98006-2841, UNITED STATES",False,False,False,
594,MINI-MAX LLC,MINIMAX GAMING INC.,602 753 561,320923,"875 CENTENNIAL ST, WINNIPEG, CANADA, FO, 00000, UNITED STATES",False,False,False,
595,MINI-MAX LLC,"MINIMAX STORAGE SYSTEMS, INC.",604 833 747,1508884,"1623 CLIVEDEN AVENUE, DELTA, BC, V3M6V5, CANADA",False,False,False,
596,MINI-MAX LLC,MINIMAX USA LLC,603 504 581,851550,"321 INDUSTRIAL PARK DR, HASTINGS, MI, 49058-9707, UNITED STATES",False,False,False,
597,C K INTERNATIONAL CORP,"ACCEPTED RISK INTERNATIONAL, LLC",604 676 365,1407580,"14902 PRESTON RD STE 404-149, DALLAS, TX, 75254-9191, UNITED STATES",False,False,False,
598,C K INTERNATIONAL CORP,"ADVANCED MARKET TRENDS INTERNATIONAL, INC.",602 045 035,15791,,True,False,False,
599,C K INTERNATIONAL CORP,AMERICA KUKBO INTERNATIONAL INC.,602 544 278,33890,"2661 231ST AVE SE, SAMMAMISH, WA, 98075-9478, UNITED STATES",False,False,False,
600,C K INTERNATIONAL CORP,"AMERICAN BANKCARD INTERNATIONAL, INC.",601 919 768,34046,,True,False,False,
601,C K INTERNATIONAL CORP,"ANDRICHUK INTERNATIONAL, INC.",602 868 874,1096049,"1910 8TH AVE W, SEATTLE, WA, 98119, UNITED STATES",False,False,False,
602,C K INTERNATIONAL CORP,"ARTROMICK INTERNATIONAL, INC.",601 056 972,550270,,True,False,False,
603,C K INTERNATIONAL CORP,ATTACK! STAFFING INTERNATIONAL LLC,602 667 024,44553,"367 9TH ST STE B, SAN FRANCISCO, CA, 94103",False,False,False,
604,C K INTERNATIONAL CORP,"BACK PORCH INTERNATIONAL, INC.",604 528 357,1315693,"6405 SW ROSEWOOD SUITE C, LAKE OSWEGO, OR, 97035, UNITED STATES",False,False,False,
605,C K INTERNATIONAL CORP,BACK2BACKPR INTERNATIONAL CORPORATION,604 608 982,1360245,"3703 SOUTH EDMUNDS STREET, #102, SEATTLE, WA, 98118-1728, UNITED STATES",False,False,False,
606,C K INTERNATIONAL CORP,"BACKCOUNTRY CARE INTERNATIONAL, LLC",603 077 457,38255,"3935 SW ELMGROVE ST, SEATTLE, WA, 98136, UNITED STATES",False,False,False,
607,C K INTERNATIONAL CORP,"BAILIWICK INTERNATIONAL GROUP, LLC",604 131 884,562916,"6205 156TH AVE NE, REDMOND, WA, 98052, UNITED STATES",False,False,False,
608,C K INTERNATIONAL CORP,BECKER INTERNATIONAL CONSULTING LLC,602 790 550,566459,"6702 13TH AVE NW, SEATTLE, WA, 98117, UNITED STATES",False,False,False,
609,C K INTERNATIONAL CORP,"BENCHMARK CONSULTING INTERNATIONAL N A, INC.",602 551 448,56243,"601 RIVERSIDE AVE, JACKSONVILLE, FL, 32204, UNITED STATES",False,False,False,
610,C K INTERNATIONAL CORP,"BENCHMARK INTERNATIONAL, LLC",601 934 412,1099285,,True,False,False,
611,C K INTERNATIONAL CORP,"BLACK BUFFALO INTERNATIONAL, LLC",604 097 529,1100038,"8109 RIVER DR SE, OLYMPIA, WA, 98501, UNITED STATES",False,False,False,
612,C K INTERNATIONAL CORP,"BLACK DIAMOND INTERNATIONAL, INC.",602 511 042,58146,"20413 2ND AVE E, SPANAWAY, WA, 98387, UNITED STATES",False,False,False,
613,C K INTERNATIONAL CORP,"BLACK LABS INTERNATIONAL, LLC",604 998 709,1612716,"3403 E 29TH AVE, SPOKANE, WA, 99223-5748, UNITED STATES",False,False,False,
614,C K INTERNATIONAL CORP,BLACKFIN INTERNATIONAL LLC,604 327 704,1229246,"110 NE 14TH ST, BATTLE GROUND, WA, 98604-6828, UNITED STATES",False,False,False,
615,C K INTERNATIONAL CORP,"BLACKLEAF INTERNATIONAL, LLC",604 643 906,1375581,"13525 32ND AVE NE STE B, SEATTLE, WA, 98125-8613, UNITED STATES",False,False,False,
616,C K INTERNATIONAL CORP,BLACKSTONE INTERNATIONAL INC,603 460 766,70599,"244 118TH AVE SE #21, BELLEVUE, WA, 98005, UNITED STATES",False,False,False,
617,C K INTERNATIONAL CORP,"BRACKEN INTERNATIONAL, INC.",603 535 403,581664,"422 WINDSOR WAY NE, RENTON, WA, 98056-3664, UNITED STATES",False,False,False,
618,C K INTERNATIONAL CORP,"BUCK WILD INTERNATIONAL, LLC",603 232 756,1101680,"11401 STEELE ST S, STE 102, TACOMA, WA, 98444, UNITED STATES",False,False,False,
619,C K INTERNATIONAL CORP,"BUCKEYE INTERNATIONAL, INC.",601 464 484,590583,"2700 WAGNER PL, MARYLAND HTS, MO, 63043-3422, UNITED STATES",False,False,False,
620,C K INTERNATIONAL CORP,BUCKLEY-CHRISTISON INTERNATIONAL LLC,602 186 209,596950,"5905 125TH AVE SE, BELLEVUE, WA, 98006-3927, UNITED STATES",False,False,False,
621,C K INTERNATIONAL CORP,C K INTERNATIONAL CORPORATION,601 362 603,585361,"920 EAST PIKE, SEATTLE, WA, 98122, UNITED STATES",False,False,False,
622,KELLER FAMILY PROPERTIES LLC,"KELLER FAMILY PROPERTIES II, LLC",602 162 105,788205,"3209 17TH AVE W, SEATTLE, WA, 98119-1708, UNITED STATES",True,False,False,
623,KELLER FAMILY PROPERTIES LLC,"KELLER FAMILY PROPERTIES, LLC",601 991 252,273945,"3209 17TH AVE W, SEATTLE, WA, 98119-1708, UNITED STATES",True,False,False,
624,312 E OLIVE PL LLC,"312 E OLIVE PL, LLC",602 684 297,5040,"357 S SAMS ST, MONROE, WA, 98272-2235, UNITED STATES",False,False,False,
625,CREST APARTMENTS ASSOCIATES LLC,CREST APARTMENTS ASSOCIATES LLC,602 104 068,642882,"1938 43RD AVE E, SEATTLE, WA, 98112-3235, UNITED STATES",False,False,False,
626,CREST APARTMENTS ASSOCIATES LLC,"VIEWCREST VILLAGE APARTMENT ASSOCIATES, LP",604 398 282,1259061,"136 HEBER AVE STE 308, PARK CITY, UT, 84060-5241, UNITED STATES",False,True,True,
627,CREST APARTMENTS ASSOCIATES LLC,"VIEWCREST VILLAGE APARTMENT ASSOCIATES, LP.",604 398 282,1259061,,False,True,True,
628,RKM EAGLE COURT LLC,RKM  EAGLE COURT LLC,603 251 166,1145846,"601 UNION ST STE 5300, SEATTLE, WA, 98101-1356, UNITED STATES",False,False,False,
629,ROXBOROUGH INVESTORS LLC,ROXBOROUGH INVESTORS LLC,604 519 991,1315438,"600 UNIVERSITY ST STE 2915, SEATTLE, WA, 98101-4172, UNITED STATES",False,False,False,
630,STRONG VENTURE LLC,ARMSTRONG VENTURES LLC,603 519 735,549779,"281 SW 41ST ST, RENTON, WA, 98057, UNITED STATES",False,False,False,
631,STRONG VENTURE LLC,JERROD STRONG BUSINESS VENTURES LLC,604 912 383,1561429,"2942 WASHINGTON WAY, LONGVIEW, WA, 98632-2057, UNITED STATES",False,False,False,
632,STRONG VENTURE LLC,"JOHN ARMSTRONG VENTURES, LLC",605 009 795,1625279,"282 ISLAND BLVD., UNIT A, FOX ISLAND, WA, 98333, UNITED STATES",False,False,False,
633,STRONG VENTURE LLC,"STRONG VENTURES, LLC",603 263 037,447597,"4025 13TH AVE W, SEATTLE, WA, 98119-1350, UNITED STATES",False,False,False,
634,BUILDERS HARDWARESUPPLY CO,"BUILDERS HARDWARE & SUPPLY CO., INC.",578 014 778,81955,"6411 S 216TH ST, KENT, WA, 98032-1392, UNITED STATES",False,False,False,
635,IMMUNEX CORPORATION,IMMUNEX CORPORATION,602 162 800,737688,"1 AMGEN CENTER DR, THOUSAND OAKS, CA, 91320-1730, UNITED STATES",False,False,False,
636,IMMUNEX CORPORATION,IMMUNEXPRESS INC.,603 056 968,159406,"425 PONTIUS AVE N STE 470, SEATTLE, WA, 98109-5474, UNITED STATES",False,False,False,
637,LAURELTON LLC,LAURELTON LLC,604 812 070,1499959,"15922 MERIDIAN DR SE, BOTHELL, WA, 98012-5612, UNITED STATES",False,False,False,
638,LAURELTON LLC,LAURELTON INVESTMENTS LTD.,601 333 713,290947,,False,False,False,
