,SearchTerm,BusinessName,UBINumber,BusinessId,Address,address_match,ubi_match,id_match,IsMatch
0,PEDERSEN ESTATES INC,"PEDERSEN ESTATES, INC.",602 854 242,238276,"4500 4TH AVE S, SEATTLE, WA, 98134-2313, UNITED STATES",False,False,False,
1,PEDERSEN ESTATES INC,PEDERSEN REAL ESTATE INC,604 216 840,1179210,"6323 76TH DR SE, SNOHOMISH, WA, 98290, UNITED STATES",False,False,False,
2,PEDERSEN ESTATES INC,PEDERSEN REAL ESTATE LLC,604 055 225,238278,"6323 76TH DR SE, SNOHOMISH, WA, 98290-6035, UNITED STATES",False,False,False,
3,4400 BUILDING LLC,4400 BUILDING LLC,602 650 172,75409,"5603 11TH AVE NE, SEATTLE, WA, 98105, UNITED STATES",False,False,False,
4,4400 BUILDING LLC,"THE VANCOUVER 4400 BUILDING, LLC",602 951 267,1024587,"4400 NE 77TH AVE STE 101, VANCOUVER, WA, 98662-6829, UNITED STATES",False,False,False,
5,MERLINO HOLDINGS II L L C,"MERLINO HOLDINGS II, LLC",602 563 360,864137,"5050 1ST AVE S STE 102, SEATTLE, WA, 98134, UNITED STATES",False,False,False,
6,DAKOTA ASSOCIATES LLC,"DAKOTA ASSOCIATES, LLC",604 374 528,1245913,"2030 DEXTER AVE N UNIT 400, SEATTLE, WA, 98109-2754, UNITED STATES",False,False,False,
7,DAKOTA ASSOCIATES LLC,"THE DAKOTA APARTMENT ASSOCIATES, LLC",602 532 812,1155322,"15 LAKE BELLEVUE DR STE 200, BELLEVUE, WA, 98005-2485, UNITED STATES",False,False,False,
8,EAST MARGINAL INDUSTRIAL LLC,"EAST MARGINAL INDUSTRIAL, LLC",603 316 664,655154,"7 GIRALDA FARMS, MADISON, NJ, 07940-1051, UNITED STATES",False,False,False,
9,WSA PROPERTIES XI LLC,"WSA PROPERTIES XI, LLC",604 024 287,1163469,"1 MARKET ST STE 2625, SAN FRANCISCO, CA, 94105-1417, UNITED STATES",True,False,False,
10,WSA PROPERTIES XI LLC,"WSA PROPERTIES XII, LLC",604 028 449,1089902,"1 MARKET ST STE 2625, SAN FRANCISCO, CA, 94105-1417, UNITED STATES",True,False,False,
11,WSA PROPERTIES XI LLC,"WSA PROPERTIES XIII, LLC",604 231 269,1188463,"1 MARKET ST STE 2625, SAN FRANCISCO, CA, 94105-1417, UNITED STATES",True,False,False,
12,WSA PROPERTIES XI LLC,"WSA PROPERTIES XIV, LLC",604 487 539,1298513,"1 MARKET ST STE 2625, SAN FRANCISCO, CA, 94105-1417, UNITED STATES",True,False,False,
13,SEATTLE ARTS PROJECT LLC,SEATTLE ARTS PROJECT LLC,604 457 774,1289638,"614 BOYLSTON AVE E, SEATTLE, WA, 98102-4912, UNITED STATES",False,False,False,
14,SEATTLE ARTS PROJECT LLC,SEATTLE STEWART ST PROJECT LLC,603 261 268,431171,"16 SURF ST, MARBLEHEAD, MA, 01945, UNITED STATES",False,False,False,
15,SEATTLE ARTS PROJECT LLC,WASHINGTON MUTUAL - SEATTLE ART MUSEUM PROJECT OWNERS ASSOCIATION,602 595 921,512253,"1301 2ND AVE, SEATTLE, WA, 98101-3800, UNITED STATES",False,False,False,
16,CREF3 LANDER OWNER LLC,CREF3 LANDER OWNER LLC,604 863 965,1531149,"C/O FIG LLC, 1345 AVENUE OF THE AMERICAS, 46TH FLOOR, NEW YORK, NY, 10105, UNITED STATES",False,False,False,
17,ELEVATE PROPCO XII LLC,"ELEVATE PROPCO XII, LLC",604 751 952,1456401,"301 COMMERCE ST STE 3300, FORT WORTH, TX, 76102-4133, UNITED STATES",True,False,False,
18,ELEVATE PROPCO XII LLC,"ELEVATE PROPCO XIII, LLC",604 755 355,1456407,"301 COMMERCE ST STE 3300, FORT WORTH, TX, 76102-4133, UNITED STATES",True,False,False,
19,ACES FOUR LLC,A PLACE OF OUR OWN CONDOMINIUM ASSOCIATION,602 613 074,86078,"8623 ROOSEVELT WAY NE, SEATTLE, WA, 98115-3027, UNITED STATES",True,False,False,
20,ACES FOUR LLC,A PLACE OF OUR OWN LLC,602 354 325,12983,"8623 ROOSEVELT WAY NE, SEATTLE, WA, 98115-3027, UNITED STATES",True,False,False,
21,ACES FOUR LLC,ACES FOUR CONSTRUCTION CO.,601 921 349,19413,"18008 BELLFLOWER RD, BOTHELL, WA, 98012, UNITED STATES",False,False,False,
22,ACES FOUR LLC,ACES FOUR ENTERPRISES LLC,604 673 984,1406761,"8311 74TH DR NE, MARYSVILLE, WA, 98270-7812, UNITED STATES",False,False,False,
23,ACES FOUR LLC,"ACES FOUR, LLC",602 742 675,19843,"14737 NE 87TH ST, REDMOND, WA, 98052-6500, UNITED STATES",False,False,False,
24,ACES FOUR LLC,CEDAR TERRACE FOURPLEXES LLC,602 790 451,601786,"2024 NW BLUE RIDGE DR, SEATTLE, WA, 98177-5428, UNITED STATES",False,False,False,
25,ACES FOUR LLC,"NORTHBROOK PLACE FOUR, LLC",602 583 351,875009,,False,False,False,
26,ACES FOUR LLC,"PARK PLACE FOUR, LLC",602 473 683,923945,"423 ROCK ISLAND RD, WENATCHEE, WA, 98802-5359, UNITED STATES",False,False,False,
27,ACES FOUR LLC,TERRACE FOURSQUARE CHURCH,604 470 573,1299818,"1415 164TH ST SW, LYNNWOOD, WA, 98087-8514, UNITED STATES",False,False,False,
28,WSA PROPERTIES VI LLC,"WSA PROPERTIES VI, LLC",603 192 032,576510,"1 MARKET ST STE 2625, SAN FRANCISCO, CA, 94105-1417, UNITED STATES",True,False,False,
29,WSA PROPERTIES VI LLC,"WSA PROPERTIES VII, LLC",603 228 375,1032665,"1 MARKET ST STE 2625, SAN FRANCISCO, CA, 94105-1417, UNITED STATES",True,False,False,
30,WSA PROPERTIES VI LLC,"WSA PROPERTIES VIII, LLC",603 228 379,1032915,"1 MARKET ST STE 2625, SAN FRANCISCO, CA, 94105-1417, UNITED STATES",True,False,False,
31,2520 AIRPORT WAY S LLC,"2520 AIRPORT WAY S, LLC",604 682 152,1409948,"2005 AIRPORT WAY S, SEATTLE, WA, 98134-1602, UNITED STATES",False,False,False,
32,SOUTH TACOMA WAY L L C,1311 SOUTH TACOMA WAY LLC,604 033 196,760110,"5 BROOKSIDE DR, GREENWOOD VILLAGE, CO, 80121, UNITED STATES",False,False,False,
33,SOUTH TACOMA WAY L L C,"1752 SOUTH TACOMA WAY, LLC",602 445 169,50455,"1742 PACIFIC AVE #405, TACOMA, WA, 98402, UNITED STATES",False,False,False,
34,SOUTH TACOMA WAY L L C,"2309 SOUTH TACOMA WAY, LLC",604 567 241,1334835,"502 S TOWER AVE, CENTRALIA, WA, 98531, UNITED STATES",False,False,False,
35,SOUTH TACOMA WAY L L C,"2309 SOUTH TACOMA WAY, LLC",602 283 553,62510,,True,False,False,
36,SOUTH TACOMA WAY L L C,2719 SOUTH TACOMA WAY LLC,604 209 812,1174538,"2719 SOUTH TACOMA WAY, 2719 SOUTH TACOMA WAY, TACOMA, WA, 98409-7523, UNITED STATES",False,False,False,
37,SOUTH TACOMA WAY L L C,5227 SOUTH TACOMA WAY LLC,604 207 316,1173268,"5227 SOUTH TACOMA WAY, TACOMA, WA, 98409-4318, UNITED STATES",False,False,False,
38,SOUTH TACOMA WAY L L C,"5237 SOUTH TACOMA WAY, LLC",602 485 462,361340,"3 THORNEWOOD LN SW, LAKEWOOD, WA, 98498-2139, UNITED STATES",False,False,False,
39,SOUTH TACOMA WAY L L C,5415 SOUTH TACOMA WAY LLC,604 331 840,1234351,"5413 SOUTH TACOMA WAY, TACOMA, WA, 98409-4312, UNITED STATES",False,False,False,
40,SOUTH TACOMA WAY L L C,6409 SOUTH TACOMA WAY LLC,602 577 390,1092592,"2318 SUNNYSIDE HEIGHTS DR, STEILACOOM, WA, 98388-1365, UNITED STATES",False,False,False,
41,SOUTH TACOMA WAY L L C,6718 SOUTH TACOMA WAY LLC,603 360 506,63200,"6718 SOUTH TACOMA WAY, TACOMA, WA, 98409, UNITED STATES",False,False,False,
42,SOUTH TACOMA WAY L L C,"BURGESS SOUTH TACOMA WAY, L.L.C.",603 310 926,83457,"1635 E PORTLAND AVE, TACOMA, WA, 98421-2802, UNITED STATES",False,False,False,
43,SOUTH TACOMA WAY L L C,"SOUTH TACOMA WAY HOLDINGS, LLC",602 700 119,280100,"5049 S TACOMA WAY, TACOMA, WA, 98409, UNITED STATES",False,False,False,
44,SOUTH TACOMA WAY L L C,"SOUTH TACOMA WAY II, LLC",601 793 989,280101,,True,False,False,
45,SOUTH TACOMA WAY L L C,SOUTH TACOMA WAY L.L.C.,601 685 772,995998,"2667 SOUTH TACOMA WAY, TACOMA, WA, 98409-7525, UNITED STATES",False,False,False,
46,SOUTH TACOMA WAY L L C,TACOMA 2901 SOUTH TACOMA WAY LLC,604 085 257,456041,"100 N HOWARD ST STE R, SPOKANE, WA, 99201-0508, UNITED STATES",False,False,False,
47,SOUTH TACOMA WAY L L C,TACOMA 2911 SOUTH TACOMA WAY LLC,604 082 276,965358,"100 N HOWARD ST, SUITE R, SPOKANE, WA, 99201-0508, UNITED STATES",False,False,False,
48,SOUTH TACOMA WAY L L C,THREE SOUTH TACOMA WAY PROPERTIES LLC,603 452 674,509014,"3315 SOUTH PINE STREET, TACOMA, WA, 98409, UNITED STATES",False,False,False,
49,FAUNTLEROY COMMUNITY SERVICE AGENCY,FAUNTLEROY COMMUNITY SERVICE AGENCY,601 139 738,161840,"9131 CALIFORNIA AVE SW, SEATTLE, WA, 98136-2551, UNITED STATES",False,False,False,
50,COHANIM 6040 CALI LLC,COHANIM 6040 CALI LLC,604 338 982,1242419,"5233 UNIVERSITY WAY NE, SEATTLE, WA, 98105-3546, UNITED STATES",False,False,False,
51,WESTVIEW ON BEACON HILL LLP,"WESTVIEW ON BEACON HILL, LLP",602 581 677,520694,"401 2ND AVE S #200, SEATTLE, WA, 98104, UNITED STATES",False,False,False,
52,CENTURY HOUSE ASSOCIATES LLC,"CENTURY HOUSE ASSOCIATES, LIMITED LIABILITY COMPANY",602 274 013,603468,"4554 CALIFORNIA AVE SW, SEATTLE, WA, 98116-4111, UNITED STATES",False,False,False,
53,ABC PACIFIC CORPORATION $T,ABC PACIFIC AVIATION LLC,603 156 295,20560,,False,False,False,
54,FRMC LLC,"F. R. MCABEE, INCORPORATED",178 044 759,171641,"9737 HOLMAN RD NW, SEATTLE, WA, 98117, UNITED STATES",False,False,False,
55,FRMC LLC,"FRMC, LLC",602 966 987,174300,"9737 HOLMAN RD NW, SEATTLE, WA, 98117-2042, UNITED STATES",False,False,False,
56,FRMC LLC,"LAW OFFICES OF R. MCKINLEY CARTER, PS",603 143 567,825240,"18105 SKY ISLAND DR E, BONNEY LAKE, WA, 98391-7045, UNITED STATES",False,False,False,
57,LAKESHORE DEVELOPMENT ASSOC L P,LAKESHORE DEVELOPMENT ASSOCIATES L.P.,601 541 406,822688,"400 UNION ST, SEATTLE, WA, 98101-2502, UNITED STATES",False,False,False,
58,SALMON BAY INVESTMENT GROUP LLC,"SALMON BAY INVESTMENT GROUP, LLC",603 191 831,409869,"2001 W GARFIELD ST, BLDG A-1, C107, TERMINAL 91, SEATTLE, WA, 98119, UNITED STATES",False,False,False,
59,COMMODORE WAY LLC,2707 W COMMODORE WAY LLC,605 035 209,1635777,"19191 S VERMONT AVE STE 680, TORRANCE, CA, 90502-1018, UNITED STATES",False,False,False,
60,COMMODORE WAY LLC,"3107 W COMMODORE WAY, LLC",605 015 939,1626019,"457 N 39TH ST, SEATTLE, WA, 98103-8559, UNITED STATES",False,False,False,
61,COMMODORE WAY LLC,"3611 COMMODORE WAY, LLC",602 806 728,181416,"2105 COUNTRY VIEW LN NE, BAINBRIDGE IS, WA, 98110-2398, UNITED STATES",False,False,False,
62,COMMODORE WAY LLC,COMMODORE WAY II LLC,604 337 410,1234178,"3026 44TH AVE W, SEATTLE, WA, 98199-2402, UNITED STATES",False,False,False,
63,COMMODORE WAY LLC,COMMODORE WAY INVESTMENTS LLC,603 297 858,627880,"3737 WEST COMMONDORE WAY, SEATTLE, WA, 98199, UNITED STATES",False,False,False,
64,COMMODORE WAY LLC,"COMMODORE WAY OWNER, LLC",604 676 297,1406601,"222 SW COLUMBIA ST STE 700, PORTLAND, OR, 97201-6655, UNITED STATES",False,False,False,
65,COMMODORE WAY LLC,"COMMODORE WAY, LLC",602 507 042,633061,"3026 44TH AVE W, SEATTLE, WA, 98199, UNITED STATES",False,False,False,
66,KWMCT REAL ESTATE LLC,KWMCT REAL ESTATE LLC,603 361 504,292776,"4241 21ST AVE W, 306, SEATTLE, WA, 98199-1250, UNITED STATES",False,False,False,
67,J&M WHARF LLC,J&M WHARF LLC,604 496 992,1306590,"2001 WESTERN AVE STE 330, SEATTLE, WA, 98121-2133, UNITED STATES",False,False,False,
68,FISHERMANS COMMERCIAL L L C,FISHERMANS COMMERCIAL LLC,602 528 572,1114671,"4039 21ST AVE W STE 306, SEATTLE, WA, 98199-1252, UNITED STATES",False,False,False,
69,4019 21ST AVE W INCORPORATED,4019 21ST AVE W INCORPORATED,604 272 158,1211859,"4019 21ST AVE W, SEATTLE, WA, 98199-1251, UNITED STATES",False,False,False,
70,KDLODI LLC,"KDLODI, LLC",602 943 271,301296,"2024 NW BLUE RIDGE DR, SEATTLE, WA, 98177-5428, UNITED STATES",False,False,False,
71,BAYWATCH AT MAGNOLIA L L C,BAYWATCH AT MAGNOLIA CONDOMINIUM OWNERS ASSOCIATION,602 544 592,51802,"3116 W SMITH ST, SEATTLE, WA, 98199-3352, UNITED STATES",False,False,False,
72,TEMPO APARTMENTS LLC,CAPITOL HILL CONTEMPORARY APARTMENTS LLC,603 192 581,68389,"617 18TH AVE. E, SEATTLE, WA, 98112, UNITED STATES",False,False,False,
73,TEMPO APARTMENTS LLC,"TEMPO APARTMENTS, LLC",602 284 636,467147,"2015 W DRAVUS ST STE 103, SEATTLE, WA, 98199-4600, UNITED STATES",False,False,False,
74,70/47 LLC,70/47 LLC,601 944 410,1092634,"2657 20TH AVE W, SEATTLE, WA, 98199-2907, UNITED STATES",False,False,False,
75,WWJB LLC,"WWJB, LLC",602 647 926,1091097,"12427 232ND TER NE, REDMOND, WA, 98053-5630, UNITED STATES",False,False,False,
76,WWJB LLC,"WWJBD, LLC",603 204 102,577002,"4058 W AMES LAKE DR NE, REDMOND, WA, 98053-9166, UNITED STATES",False,False,False,
77,LIONS BAY PROPERTIES LLC,"LION'S BAY PROPERTIES, L.L.C.",601 931 946,836735,"4250 34TH AVE W, SEATTLE, WA, 98199-1396, UNITED STATES",False,False,False,
78,MANOR PLACE LLC,"MANOR PLACE, LLC",602 935 165,317216,"2410 W MANOR PL, SEATTLE, WA, 98199-2021, UNITED STATES",False,False,False,
79,MANOR PLACE LLC,NOBLE MANOR PLACE CONDOMINIUM ASSOCIATION,602 786 114,220168,"5607B BRIDGEPORT WAY W, UNIVERSITY PL, WA, 98467-2042, UNITED STATES",False,False,False,
80,MAGNOLIA CRESTVIEW LLC,"MAGNOLIA CRESTVIEW, LLC",602 942 449,803377,"2710 W MANOR PL APT 103, SEATTLE, WA, 98199-2060, UNITED STATES",False,False,False,
81,CASA LADARO LLC,"CASA LADARO, LLC",602 578 613,598540,"117 E LOUISA ST # 185, SEATTLE, WA, 98102-3203, UNITED STATES",False,False,False,
82,PRM PROPERTY MANAGEMENT LLC,"PRM PROPERTY MANAGEMENT, L.L.C.",602 358 485,392802,"407 34TH AVE APT 1, SEATTLE, WA, 98122-6417, UNITED STATES",False,False,False,
83,COMMODORE II LLC,COMMODORE II LLC,604 764 570,1467030,"1215 4TH AVE, SUITE 600, SEATTLE, WA, 98161-1084, UNITED STATES",False,False,False,
84,COMMODORE II LLC,COMMODORE WAY II LLC,604 337 410,1234178,"3026 44TH AVE W, SEATTLE, WA, 98199-2402, UNITED STATES",False,False,False,
85,COMMODORE II LLC,COMMODORE WEST DIVISION II HOMEOWNERS ASSOCIATION,602 771 947,617384,"9442 NE CORAL CT, BAINBRIDGE ISLAND, WA, 98110, UNITED STATES",False,False,False,
86,FNA INVESTMENTS LLC,FNA INVESTMENTS LLC,604 307 237,1220109,"2303 PERKINS LN W, SEATTLE, WA, 98199-3803, UNITED STATES",False,False,False,
87,FNA INVESTMENTS LLC,POWER OF NATURE INVESTMENTS INC,603 464 655,914000,"1864 JOURNEY'S END LN, CAMANO ISLAND, WA, 98282, UNITED STATES",False,False,False,
88,3515 SW OCEAN VIEW DRIVE L L C,3515 SW OCEAN VIEW DRIVE LLC,603 071 150,117538,"11441 ARROYO BEACH PLACE SW, SEATTLE, WA, 98146, UNITED STATES",False,False,False,
89,WESTSIDE SCHOOL,WESTSIDE SCHOOL,601 139 653,1162199,"10404 34TH AVE SW, SEATTLE, WA, 98146-1270, UNITED STATES",False,False,False,
90,WESTSIDE SCHOOL,WESTSIDE COOPERATIVE PRESCHOOL,601 132 738,1087834,"202 DELPHI RD SW, OLYMPIA, WA, 98502-9462, UNITED STATES",False,False,False,
91,DEAN QOZBP LLC,"DEAN QOZBP, LLC",604 456 876,1282593,"1833 PARKSIDE DR E, SEATTLE, WA, 98112-3722, UNITED STATES",False,False,False,
92,PSJ LLC,PSJ LLC,604 265 641,1200383,"3630 RENTON AVE S, SEATTLE, WA, 98144-6838, UNITED STATES",False,False,False,
93,PSJ LLC,APPSJACK CORPORATION,603 250 680,553783,"17634 NE UNION HILL RD UNIT 416, REDMOND, WA, 98052-6096, UNITED STATES",False,False,False,
94,PSJ LLC,GROUP SJR LLC,605 004 024,1618958,"175 GREENWICH ST FL 14 # 3WTC, NEW YORK, NY, 10007-2438, UNITED STATES",False,False,False,
95,PSJ LLC,"PSJ ACQUISITION, LLC",604 897 444,1549236,"367 S GULPH RD, KNG OF PRUSSA, PA, 19406-3121, UNITED STATES",False,False,False,
96,PSJ LLC,"PSJ PROVIDER RECRUITMENT, LLC",604 095 036,1142865,"1801 LIND AVE SW, RENTON, WA, 98057-3368, UNITED STATES",False,False,False,
97,PSJ LLC,PSJH PLLC,604 282 799,1205653,"3828 S GRAHAM ST UNIT B, SEATTLE, WA, 98118, UNITED STATES",False,False,False,
98,PSJ LLC,TRIPSJOY LLC,604 992 004,1608206,"114 W MAGNOLIA ST STE 405, BELLINGHAM, WA, 98225-4394, UNITED STATES",False,False,False,
99,CHE'S CONDOMINIUM LLC,CHE'S CONDOMINIUM LLC,602 328 970,605987,"2523 15TH AVE S, SEATTLE, WA, 98144-5097, UNITED STATES",False,False,False,
100,CHE'S CONDOMINIUM LLC,ANCHORS AT MANCHESTER CONDOMINIUM OWNERS ASSOCIATION,602 857 953,544492,"2201 34TH AVE NW, GIG HARBOR, WA, 98335-7706, UNITED STATES",False,False,False,
101,CHE'S CONDOMINIUM LLC,CHELAN RESORT SUITES CONDOMINIUM OWNERS ASSOCIATION,602 706 627,74693,"16880 128TH PL NE, WOODINVILLE, WA, 98072-5791, UNITED STATES",False,False,False,
102,CHE'S CONDOMINIUM LLC,CHELSEA COURT CONDOMINIUM ASSOCIATION OF APARTMENT OWNERS,601 284 926,100712,"720 S 348TH ST STE A2, FEDERAL WAY, WA, 98003-7851, UNITED STATES",False,False,False,
103,CHE'S CONDOMINIUM LLC,"CHELSEA COURT, A SINGLE FAMILY CONDOMINIUM OWNERS ASSOCIATION",602 505 905,615867,"306 84TH AVE NE, LAKE STEVENS, WA, 98258-7380, UNITED STATES",False,False,False,
104,CHE'S CONDOMINIUM LLC,"CHELSEA COURTE, A CONDOMINIUM OWNERS ASSOCIATION",603 061 612,608000,"12439 NE TOTEM LAKE WAY, KIRKLAND, WA, 98034-7513, UNITED STATES",False,False,False,
105,CHE'S CONDOMINIUM LLC,CHELSEA MANOR CONDOMINIUM OWNERS ASSOCIATION,602 517 187,609652,"12505 58TH AVE SE, SNOHOMISH, WA, 98296, UNITED STATES",False,False,False,
106,CHE'S CONDOMINIUM LLC,CHELSEA PARK CONDOMINIUMS OWNERS ASSOCIATION,602 286 018,610751,"12919 94TH AVE E, PUYALLUP, WA, 98373-5537, UNITED STATES",False,False,False,
107,CHE'S CONDOMINIUM LLC,CHELSEA STATION SOUTH CONDOMINIUM ASSOCIATION,602 693 541,74741,"2306 PINE RIDGE DR, GEARHART, OR, 97138, UNITED STATES",False,False,False,
108,CHE'S CONDOMINIUM LLC,CHERRY COURT CONDOMINIUM ASSOCIATION,602 752 325,102831,"10214 13TH AVENUE CT E APT D, TACOMA, WA, 98445-6416, UNITED STATES",False,False,False,
109,CHE'S CONDOMINIUM LLC,CHERRY HILL COURT CONDOMINIUM ASSOCIATION,603 541 766,625613,"116 17TH AVE APT G, SEATTLE, WA, 98122-5700, UNITED STATES",False,False,False,
110,CHE'S CONDOMINIUM LLC,"CHERRY LANE CONDOMINIUM ESTATES, A NONPROFIT CORPORATION",602 737 312,613990,"PO BOX 257, OLYMPIA, WA, 98507-0257, UNITED STATES",False,False,False,
111,CHE'S CONDOMINIUM LLC,CHERRY LANE CONDOMINIUMS HOMEOWNERS ASSOCIATION,602 400 701,1104385,"1601 MAIDEN LN APT C203, WENATCHEE, WA, 98801-8326, UNITED STATES",False,False,False,
112,CHE'S CONDOMINIUM LLC,CHERRY ORCHARD CONDOMINIUM ASSOCIATION,602 628 737,610860,"16300 MILL CREEK BLVD STE 201, MILL CREEK, WA, 98012-1286, UNITED STATES",False,False,False,
113,CHE'S CONDOMINIUM LLC,CHERRYWOOD CONDOMINIUM OWNERS ASSOCIATION,602 405 524,606612,"1918 E FIR ST, SEATTLE, WA, 98122, UNITED STATES",False,False,False,
114,CHE'S CONDOMINIUM LLC,CHESTNUT GROVE CONDOMINIUM UNIT OWNERS' ASSOCIATION,603 037 117,625724,"102 N 50TH AVE, YAKIMA, WA, 98908-2861, UNITED STATES",False,False,False,
115,CHE'S CONDOMINIUM LLC,CHESTNUT PLACE CONDOMINIUM OWNER'S ASSOCIATION,603 017 500,609817,"4315 103RD PL NE # A, MARYSVILLE, WA, 98271-8346, UNITED STATES",False,False,False,
116,CHE'S CONDOMINIUM LLC,CHESWICK LANE CONDOMINIUM OWNERS ASSOCIATION,602 026 431,75136,"12729 NORTHUP WAY STE 20, BELLEVUE, WA, 98005-1935, UNITED STATES",False,False,False,
117,CHE'S CONDOMINIUM LLC,DORCHESTER CONDOMINIUM ASSOCIATION,601 977 480,148694,"9505 ROOSEVELT WAY NE, SEATTLE, WA, 98115-2233, UNITED STATES",False,False,False,
118,CHE'S CONDOMINIUM LLC,EDGEWATER AT CHELAN CONDOMINIUMS OWNER'S ASSOCIATION,602 042 275,677869,"1102 W WOODIN AVE UNIT E, CHELAN, WA, 98816-9749, UNITED STATES",False,False,False,
119,CHE'S CONDOMINIUM LLC,GETCHELL 84 CONDOMINIUM OWNER'S ASSOCIATION,604 631 031,1371383,"4933 138TH ST SE, EVERETT, WA, 98208-9560, UNITED STATES",False,False,False,
120,CHE'S CONDOMINIUM LLC,GETCHELL 84 CONDOMINIUM OWNER'S ASSOCIATION,602 590 149,714457,,False,False,False,
121,CHE'S CONDOMINIUM LLC,HARRIS CHELAN MARINA CONDOMINIUM ASSOCIATION,603 206 997,715171,"1240 W WOODIN AVE, CHELAN, WA, 98816, UNITED STATES",False,False,False,
122,CHE'S CONDOMINIUM LLC,HEICHEL PLAZA CONDOMINIUM ASSOCIATION,604 759 704,1457732,"4130 221ST PL SE, BOTHELL, WA, 98021-7276, UNITED STATES",False,False,False,
123,CHE'S CONDOMINIUM LLC,"LORIN J. CHRISTEAN AND SANDRA L. CHRISTEAN CHELAN CONDOMINIUM, L.L.C.",602 886 613,818150,"4612 142ND PL SE, BELLEVUE, WA, 98006-3056, UNITED STATES",False,False,False,
124,LESCHI HEIGHTS LLC,"LESCHI HEIGHTS, LLC",602 188 117,833504,"2900 S KING ST, APARTMENT B, SEATTLE, WA, 98144-2526, UNITED STATES",False,False,False,
125,T+C SEATTLE,(T) TAIWANESE ASSOCIATION OF GREATER SEATTLE,603 125 257,1018,,True,False,False,
126,T+C SEATTLE,100 BMG SEATTLE (BLACK MEN OF GREATER SEATTLE),602 933 031,1080,,True,False,False,
127,T+C SEATTLE,A GENEROSITY PROJECT SEATTLE,604 744 168,1452814,,True,False,False,
128,T+C SEATTLE,ABS CONSTRUCTION SEATTLE LLC,604 989 096,1613243,"730 ANDOVER PARK E STE A2, TUKWILA, WA, 98188-7612, UNITED STATES",False,False,False,
129,T+C SEATTLE,ACADEMIE MADE IN FRANCE,603 415 012,43549,"2621 169TH AVE NE, BELLEVUE, WA, 98008-2237, UNITED STATES",False,False,False,
130,T+C SEATTLE,"ACHIEVEMENT REWARDS FOR COLLEGE SCIENTISTS, SEATTLE CHAPTER",601 816 644,14472,"14321 71ST AVE SE, SNOHOMISH, WA, 98296-6921, UNITED STATES",False,False,False,
131,T+C SEATTLE,ACTIVE 20-30 CLUB OF SEATTLE,603 177 522,463736,"14548 178TH AVE SE, RENTON, WA, 98059-8024, UNITED STATES",False,False,False,
132,T+C SEATTLE,ADDIS KIDAN ETHIOPIAN CHURCH SEATTLE,603 580 248,15232,"22409 100TH AVE SE, KENT, WA, 98031-4228, UNITED STATES",False,False,False,
133,T+C SEATTLE,"ADVANCED INTEGRATIVE MEDICINE OF SEATTLE INSTITUTE, LLC",604 291 693,1218081,,True,True,True,
134,T+C SEATTLE,"ADVANCED INTEGRATIVE MEDICINE OF SEATTLE INSTITUTE, PLLC",604 291 693,1218081,"2825 EASTLAKE AVE E, SUITE 115, SEATTLE, WA, 98102-3084, UNITED STATES",False,True,True,
135,T+C SEATTLE,"ADVANCED RADIATION CENTER OF SEATTLE, PLLC",603 291 148,1094005,"200 ANDOVER PARK EAST, TUKWILA, WA, 98188, UNITED STATES",False,False,False,
136,T+C SEATTLE,ADVENT CHRISTIAN CHURCH OF SEATTLE,601 487 893,486192,"3212 S 288TH ST, AUBURN, WA, 98001-1043, UNITED STATES",False,False,False,
137,T+C SEATTLE,"AEDAS ARCHITECTS (SEATTLE), LLP",602 884 913,24237,,True,False,False,
138,T+C SEATTLE,"AESTHETIC LASER CENTER OF SEATTLE, LLC",602 319 414,16666,"509 OLIVE WAY STE 1407, SEATTLE, WA, 98101-1746, UNITED STATES",False,False,False,
139,T+C SEATTLE,ALBANIAN FUTBOL CLUB OF SEATTLE EAGLES (AFCSE),604 173 266,18915,"25201 196TH PLACE SE, MONROE, WA, 98272, UNITED STATES",False,False,False,
140,T+C SEATTLE,ALTASCIENCES PRECLINICAL SEATTLE LLC,604 322 161,1229330,"6605 MERRILL CREEK PKWY, EVERETT, WA, 98203-5898, UNITED STATES",False,True,True,
141,T+C SEATTLE,"ALTASCIENCES PRECLINICAL SEATTLE, INC.",604 322 161,1229330,,True,True,True,
142,T+C SEATTLE,"AMAZING CARPET CLEANING - SEATTLE, LLC",604 892 828,1545925,"4108 216TH PL SE, BOTHELL, WA, 98021-7294, UNITED STATES",False,False,False,
143,T+C SEATTLE,AMERICA'S BOATING CLUB OF SEATTLE ,,1390354,,True,False,False,
144,T+C SEATTLE,"AMERICAN DIAGNOSTICS OF SEATTLE, INC.",602 259 372,539462,"650 S ORCAS ST STE 125, SEATTLE, WA, 98108-2652, UNITED STATES",False,False,False,
145,T+C SEATTLE,"AMERICAN INSTITUTE OF GRAPHIC ARTS, SEATTLE CHAPTER",602 585 186,24803,"2300 7TH AVE, SEATTLE, WA, 98127, UNITED STATES",False,False,False,
146,T+C SEATTLE,AMERICAN TELANGANA ASSOCIATION OF SEATTLE,604 184 258,40316,"16035 NE 117TH WAY, REDMOND, WA, 98052-5472, UNITED STATES",False,False,False,
147,T+C SEATTLE,"AMERICAN TELECASTING OF SEATTLE, INC.",601 235 290,35049,,True,False,False,
148,T+C SEATTLE,AMITABHA BUDDHIST SOCIETY OF SEATTLE,601 986 166,32071,"23329 SE 35TH PL, SAMMAMISH, WA, 98075, UNITED STATES",False,False,False,
149,T+C SEATTLE,ANGLICAN CHURCH OF SEATTLE,604 338 659,1233618,"24620 RUSSELL RD APT J201, KENT, WA, 98032-4904, UNITED STATES",False,False,False,
150,PATHFINDER SEATTLE HOLDINGS LLC,"PATHFINDER SEATTLE HOLDINGS, LLC",604 769 753,1468435,"4225 EXECUTIVE SQ STE 100, LA JOLLA, CA, 92037-1483, UNITED STATES",False,False,False,
151,DAY 31 LLC,"DAY 31, LLC",603 231 381,645773,"1367 31ST AVE S, SEATTLE, WA, 98144-3946, UNITED STATES",False,False,False,
152,JEFFERSON PARK LLC,JEFFERSON PARK LLC,603 524 283,767098,"1225 S WELLER ST STE 500, SEATTLE, WA, 98144-1906, UNITED STATES",False,False,False,
153,JEFFERSON PARK LLC,JEFFERSON DAVIS PARK,602 742 828,770243,"24024 NW MAPLECREST RD, RIDGEFIELD, WA, 98642, UNITED STATES",False,False,False,
154,JEFFERSON PARK LLC,"JEFFERSON PARK LAWN BOWLING CLUB, INC.",601 863 726,767634,"PO BOX 257, OLYMPIA, WA, 98507-0257, UNITED STATES",False,False,False,
155,JEFFERSON PARK LLC,JEFFERSON PARK PROPERTIES LLC,604 111 212,769280,"601 UNION ST STE 2600, SEATTLE, WA, 98101-2302, UNITED STATES",False,False,False,
156,JEFFERSON PARK LLC,"JEFFERSON PARK REALTY, INC",604 040 084,262018,"2107 21ST AVE S, SEATTLE, WA, 98144, UNITED STATES",False,False,False,
157,JEFFERSON PARK LLC,"JEFFERSON PARK REALTY, INC.",600 363 217,791485,"4501 15TH AVE S #103, SEATTLE, WA, 98108, UNITED STATES",False,False,False,
158,JEFFERSON PARK LLC,JEFFERSON PARKING LOT LLC,604 288 687,1209779,"5027 WAHL RD, BELLINGHAM, WA, 98226-9508, UNITED STATES",False,False,False,
159,JEFFERSON PARK LLC,"JEFFERSON PROFESSIONAL PARKING, L.L.C.",602 408 161,767635,"1818 W NORTH FIVE MILE RD, SPOKANE, WA, 99208, UNITED STATES",False,False,False,
160,NHCDI/LIHI SQUIRE PARK PLAZA LLC,NHCDI/LIHI SQUIRE PARK PLAZA LLC,604 849 407,1517696,"1253 S JACKSON ST STE A, SEATTLE, WA, 98144-3075, UNITED STATES",False,False,False,
161,PRATT PARK OWNER LLC,PRATT PARK OWNER LLC,604 427 778,1278027,"50 CALIFORNIA STREET,, SUITE 3000, SAN FRANCISCO, CA, 94111, UNITED STATES",False,False,False,
162,SOUTHEAST EFFECTIVE DEVELOPMENT,SOUTHEAST EFFECTIVE DEVELOPMENT,600 512 419,1151203,"5117 RAINIER AVE S, SEATTLE, WA, 98118-1928, UNITED STATES",False,False,False,
163,USPF LANE LP,USPF LANE LP,604 898 764,1551906,"1099 18TH ST STE 2900, DENVER, CO, 80202-1929, UNITED STATES",False,False,False,
164,HOLGATE 12 LLC,HOLGATE 12 LLC,603 146 631,759217,"4000 E MADISON ST STE 200, SEATTLE, WA, 98112-3160, UNITED STATES",False,False,False,
165,BELL FUND VII JACKSON STREET LLC,"BELL FUND VII JACKSON STREET, LLC",604 686 047,1414221,"300 N. GREENE ST, SUITE 1000, GREENSBORO, NC, 27401, UNITED STATES",False,False,False,
166,SEA SELF STORE L L C,SEA SELF STORE II LLC,604 000 116,420092,"133 E LK SAMMAMISH SHORE LN NE, SAMMAMISH, WA, 98074, UNITED STATES",False,False,False,
167,SEA SELF STORE L L C,SEA SELF STORE LLC,602 880 844,443354,"133 E LAKE SAMMAMISH SHORE LN NE, SAMMAMISH, WA, 98074-6923, UNITED STATES",False,False,False,
168,CSIFV-COLUMBIA CITY LLC,CSIFV - COLUMBIA CITY LLC,604 537 668,1325377,"508 MCGILVRA BLVD E, SEATTLE, WA, 98112-5048, UNITED STATES",False,False,False,
169,TONG FAMILY PARTNERSHIP,"BAI TONG FAMILY, LLC",602 966 073,562437,"14804 NE 24TH ST, REDMOND, WA, 98052, UNITED STATES",False,False,False,
170,TONG FAMILY PARTNERSHIP,"FRIENDLY ISLAND OF TONGA SENIORS, YOUTH AND FAMILY SERVICES",601 572 563,219376,"30109 27TH AVE S, FEDERAL WAY, WA, 98003-4211, UNITED STATES",False,False,False,
171,TONG FAMILY PARTNERSHIP,"THE R. TONG FAMILY, L.L.C.",602 117 893,1054714,,False,False,False,
172,TONG FAMILY PARTNERSHIP,TONG FAMILY FOUNDATION,601 884 391,1157597,"685 SPRING ST # 210, FRIDAY HARBOR, WA, 98250-8058, UNITED STATES",False,False,False,
173,TONG FAMILY PARTNERSHIP,TONG FAMILY LIMITED PARTNERSHIP,602 062 038,1157598,"685 SPRING ST PMB 210, FRIDAY HARBOR, WA, 98250, UNITED STATES",False,False,False,
174,VALLEY CITIES COUNSELING & CONSULTATION,VALLEY CITIES COUNSELING AND CONSULTATION,171 004 959,1044883,,False,True,True,
175,VALLEY CITIES COUNSELING & CONSULTATION,VALLEY CITIES COUNSELING AND CONSULTATION PUBLIC BENEFIT,171 004 959,1044883,"325 W GOWE ST, KENT, WA, 98032-5892, UNITED STATES",False,True,True,
176,RAINIER PLAZA #2 LLC,RAINIER PLAZA NO. 2 LLC,602 252 743,393540,,False,False,False,
177,METROPOLE HILLTOP LLC,"METROPOLE HILLTOP, LLC",604 784 211,1474602,"8451 SE 68TH ST STE 200, MERCER ISLAND, WA, 98040-5240, UNITED STATES",False,False,False,
178,BAYVIEW WALKER LLC,BAYVIEW WALKER LLC,604 326 743,1228970,"1800 WAZEE ST, SUITE 500, DENVER, CO, 80202-1577, UNITED STATES",False,False,False,
179,TERRA PROPERTIES WALDEN LLP,TERRA PROPERTIES WALDEN LLP,604 053 751,1025952,"3031 S WALDEN ST, SEATTLE, WA, 98144, UNITED STATES",False,False,False,
180,MB WAREHOUSE L L C,"218 SOUTH COLUMBIA WAREHOUSE, LLC",603 165 684,62297,"218 SOUTH COLUMBIA ST, WENATCHEE, WA, 98801, UNITED STATES",False,False,False,
181,MB WAREHOUSE L L C,"230 SOUTH COLUMBIA WAREHOUSE, LLC",603 159 691,6100,"2602 GUN CLUB RD, E WENATCHEE, WA, 98802-8572, UNITED STATES",False,False,False,
182,MB WAREHOUSE L L C,"ATLAS COLUMBIA WAREHOUSE, INC.",601 115 499,44400,"922 E 11TH ST STE 300, TACOMA, WA, 98421-3022, UNITED STATES",False,False,False,
183,MB WAREHOUSE L L C,COLUMBIA RIVER WAREHOUSE LLC,604 746 580,1453708,"3035 RICKENBACKER DR, PASCO, WA, 99301-3665, UNITED STATES",True,False,False,
184,MB WAREHOUSE L L C,COLUMBIA RIVER WAREHOUSE PUBLIC MARKET LLC,604 897 541,1548242,"3035 RICKENBACKER DR, PASCO, WA, 99301-3665, UNITED STATES",True,False,False,
185,MB WAREHOUSE L L C,"FOSSUM & FOSSUM BARGAIN WAREHOUSE, INC.",602 260 082,192627,"332 COLUMBINE WAY, PORT ANGELES, WA, 98362-7121, UNITED STATES",False,False,False,
186,MB WAREHOUSE L L C,MB WAREHOUSE LLC,602 739 418,821962,"6541 HOLLY TERRACE S, SEATTLE, WA, 98118, UNITED STATES",False,False,False,
187,MB WAREHOUSE L L C,"MID-COLUMBIA WAREHOUSES, INC.",601 025 373,867716,"1810 EAST AINSWORTH STREET, PASCO, WA, 99301-1050, UNITED STATES",False,False,False,
188,LEAVITT-WOLFF NORTHWEST PROP LLC,"LEAVITT-WOLFF NORTHWEST PROPERTIES, LLC",602 482 211,830738,"6710 E CAMELBACK RD STE 100, SCOTTSDALE, AZ, 85251-2031, UNITED STATES",False,False,False,
189,BOTTLEWORKS III LLC,"BOTTLEWORKS III, LLC",602 735 096,592410,"3434 4TH AVE S, SEATTLE, WA, 98134-1905, UNITED STATES",False,False,False,
190,TA REALTY VALUE-ADD FUND XIII REIT LLC,"TA REALTY VALUE-ADD FUND XIII REIT, LLC",604 945 388,1584732,"1 FEDERAL ST FL 17, BOSTON, MA, 02110-2003, UNITED STATES",False,False,False,
191,FU QUAN LLC,FU QUAN LLC,602 537 704,699253,"800 MAYNARD AVE S, SEATTLE, WA, 98134-1334, UNITED STATES",False,False,False,
192,HUDSON STREET SPE LLC,"HUDSON STREET SPE, LLC",602 634 550,733107,"5005 3RD AVE S, PO BOX 24567, SEATTLE, WA, 98124, UNITED STATES",False,False,False,
193,HARBOR REAL ESTATE INVESTMENTS,"HARBOR REAL ESTATE INVESTMENTS, INC.",601 424 758,215326,"1131 SW KLICKITAT WAY, ATTN: CANDICE M. WOODS, SEATTLE, WA, 98134-1108, UNITED STATES",False,False,False,
194,TLC PROPERTIES INC,TLC ESTATE PROPERTIES LLC,602 871 036,1046735,"1815 121ST AVE SE, BELLEVUE, WA, 98005, UNITED STATES",False,False,False,
195,TLC PROPERTIES INC,"TLC PROPERTIES NW, LLC",602 827 659,485340,"5612 W REGINA LN, SPOKANE, WA, 99208-7803, UNITED STATES",False,False,False,
196,TLC PROPERTIES INC,"TLC PROPERTIES, INC.",601 875 242,1013638,,True,True,True,
197,TLC PROPERTIES INC,"TLC PROPERTIES, LLC",601 875 242,1013638,"5321 CORPORATE BLVD, BATON ROUGE, LA, 70808-2506, UNITED STATES",False,True,True,
198,TLC PROPERTIES INC,"TLC PROPERTIES-USA, LLC",601 919 510,1013639,,True,False,False,
199,SPIRE 1550 4TH AVE LP,SPIRE 1550 4TH AVENUE LP,603 606 900,996291,"600 UNIVERSITY ST, SUITE 2310, SEATTLE, WA, 98101-4112, UNITED STATES",False,False,False,
200,2724 1ST AVENUE SOUTH LLC,"2724 1ST AVENUE SOUTH, LLC",602 561 540,6773,"8451 SE 68TH ST STE 200, MERCER ISLAND, WA, 98040-5240, UNITED STATES",False,False,False,
201,TERRENO OCCIDENTAL LLC,TERRENO OCCIDENTAL LLC,604 752 449,1456661,"101 MONTGOMERY ST STE 200, SAN FRANCISCO, CA, 94104-4124, UNITED STATES",False,False,False,
202,SEATTLE LABOR TEMPLE ASSOCIATION INC,"THE SEATTLE LABOR TEMPLE ASSOCIATION, INC.",601 114 372,1039947,"21400 INTERNATIONAL BLVD, STE 205, SEATAC, WA, 98198-6086, UNITED STATES",False,False,False,
203,CEDERSTRAND RENTALS LLC,"CEDERSTRAND RENTALS, LLC",602 165 885,612884,"7621 RAINIER AVE S, SEATTLE, WA, 98118-3947, UNITED STATES",False,False,False,
204,MSI 1943 1ST AVE LLC,MSI 1943 1ST AVE LLC,602 678 484,331512,"316 OCCIDENTAL AVE S STE 300, SEATTLE, WA, 98104-4421, UNITED STATES",False,False,False,
205,66 SOUTH HANFORD STREET LIMITED PARTNERSHIP,66 SOUTH HANFORD STREET LIMITED PARTNERSHIP,602 490 683,273524,"270 S HANFORD ST STE 100, SEATTLE, WA, 98134-1838, UNITED STATES",False,False,False,
206,TRIGGER BUILDING LLC,"K. R. TRIGGER BUILDING, L.L.C.",601 947 810,775696,,False,False,False,
207,TRIGGER BUILDING LLC,"TRIGGER BUILDING, LLC",604 664 718,1397188,"2302 HEWITT AVE, EVERETT, WA, 98201, UNITED STATES",False,False,False,
208,HUDSON STREET LTD PARTNERSHIP,3109 HUDSON STREET LLC,604 200 845,1172636,"251 ELDORADO DR, LONGVIEW, WA, 98632-9369, UNITED STATES",False,False,False,
209,HUDSON STREET LTD PARTNERSHIP,3252 SOUTH HUDSON STREET LLC,604 170 639,63163,"4542 S. LUCILE ST, SEATTLE, WA, 98118, UNITED STATES",False,False,False,
210,HUDSON STREET LTD PARTNERSHIP,"HUDSON 1099 STEWART STREET, LLC",604 037 980,155001,"11601 WILSHIRE BOULEVARD, NINTH FLOOR, LOS ANGELES, CA, 90025, UNITED STATES",False,False,False,
211,HUDSON STREET LTD PARTNERSHIP,HUDSON STREET INVESTMENTS LLC,602 385 818,238635,"88 S HUDSON ST, SEATTLE, WA, 98134-2421, UNITED STATES",False,False,False,
212,HUDSON STREET LTD PARTNERSHIP,HUDSON STREET LLC,602 029 537,155062,"5005 3RD AVE S, SEATTLE, WA, 98134, UNITED STATES",False,False,False,
213,HUDSON STREET LTD PARTNERSHIP,"HUDSON STREET MANAGER, LLC",602 634 552,748555,"5005 3RD AVE S, SEATTLE, WA, 98134-2423, UNITED STATES",False,False,False,
214,HUDSON STREET LTD PARTNERSHIP,"HUDSON STREET PROPERTIES, LTD.",601 845 359,741643,,False,False,False,
215,HUDSON STREET LTD PARTNERSHIP,"HUDSON STREET SPE, LLC",602 634 550,733107,"5005 3RD AVE S, PO BOX 24567, SEATTLE, WA, 98124, UNITED STATES",False,False,False,
216,SODO PARTNERS LLC,"SODO PARTNERS, LLC",603 165 128,439251,"2005 AIRPORT WAY S, SEATTLE, WA, 98134, UNITED STATES",False,False,False,
217,SEATTLE PACIFIC BUSINESS PARK LLC,"SEATTLE PACIFIC BUSINESS PARK, LLC",602 282 480,988567,"241 S LANDER ST, SEATTLE, WA, 98134-1901, UNITED STATES",False,False,False,
218,WESTERN CASTING LLC,WESTERN CASTING LLC,602 254 175,1047474,"4039 21ST AVE W STE 306, SEATTLE, WA, 98199-1252, UNITED STATES",False,False,False,
219,PROLOGIS-EXCHANGE 646 SOUTH HOLGATE STREET LLC,PROLOGIS-EXCHANGE 646 SOUTH HOLGATE STREET LLC,603 524 165,381503,,False,False,False,
220,FOURTH AVE HOLDINGS,"FIFTY-FOURTH AVENUE HOLDINGS, LLC",602 275 208,185552,"211 WOODBLUFF LN, CAMANO ISLAND, WA, 98282-8503, UNITED STATES",False,False,False,
221,FOURTH AVE HOLDINGS,FOURTH AVENUE HOLDINGS LIMITED PARTNERSHIP,601 122 685,683364,"7029 LONGVIEW DR, CLEVELAND, OH, 44139",False,False,False,
222,FOURTH AVE HOLDINGS,"FOURTH AVENUE HOLDINGS, LLC",602 494 067,695903,"10047 MAIN ST APT 211, BELLEVUE, WA, 98004-6033, UNITED STATES",False,False,False,
223,FOURTH AVE HOLDINGS,"FOURTH AVENUE SOUTH HOLDINGS, LLC",604 068 329,187450,"10047 MAIN ST #211, BELLEVUE, WA, 98004, UNITED STATES",False,False,False,
224,TERRENO 4930 3RD AVENUE SOUTH LLC,TERRENO 4930 3RD AVENUE SOUTH LLC,603 573 258,1061339,"101 MONTGOMERY STREET, SUITE 200, SAN FRANCISCO, CA, 94104, UNITED STATES",False,False,False,
225,BOSTON HARBOR LLC,BOSTON HARBOR ASSOCIATION,601 814 784,71854,"312 73RD AVE NE, OLYMPIA, WA, 98506-9771, UNITED STATES",False,False,False,
226,BOSTON HARBOR LLC,"BOSTON HARBOR CREW, LLC",602 970 085,571319,"3707 LIBBY RD NE, OLYMPIA, WA, 98506, UNITED STATES",False,False,False,
227,BOSTON HARBOR LLC,BOSTON HARBOR EXPERIENCE LLC,604 965 304,1590538,"5746 BOSTON HARBOR RD NE, OLYMPIA, WA, 98506-1836, UNITED STATES",False,False,False,
228,BOSTON HARBOR LLC,BOSTON HARBOR HOLDINGS LLC,603 550 211,571320,"321 73RD AVE NE, OLYMPIA, WA, 98506, UNITED STATES",True,False,False,
229,BOSTON HARBOR LLC,"BOSTON HARBOR INVESTMENTS, LLC",602 489 095,579927,"321 73RD AVE NE, OLYMPIA, WA, 98506, UNITED STATES",True,False,False,
230,BOSTON HARBOR LLC,BOSTON HARBOR LANDSCAPING LLC,605 016 789,1628460,"4700 BOSTON HARBOR RD NE, OLYMPIA, WA, 98506-1854, UNITED STATES",False,False,False,
231,BOSTON HARBOR LLC,"BOSTON HARBOR MARINA, L.L.C.",601 773 210,92152,,False,False,False,
232,BOSTON HARBOR LLC,BOSTON HARBOR MARINE LLC,603 279 183,583630,"312 73RD AVE NE, OLYMPIA, WA, 98506, UNITED STATES",False,False,False,
233,BOSTON HARBOR LLC,BOSTON HARBOR PTA 4.5.10,601 118 206,583631,"7300 ZANGLE RD NE, OLYMPIA, WA, 98506-9731, UNITED STATES",False,False,False,
234,BOSTON HARBOR LLC,BOSTON HARBOR SERVICES INC.,603 608 644,69897,"1449 36TH AVE NE, OLYMPIA, WA, 98506-2410, UNITED STATES",False,False,False,
235,BOSTON HARBOR LLC,"BOSTON HARBOR, LLC",602 639 327,1100831,"6626 TACOMA MALL BLVD STE B, TACOMA, WA, 98409-9002, UNITED STATES",False,False,False,
236,SIC PROJECT OWNER LLC,SIC PROJECT OWNER LLC,604 992 837,1612201,"232 7TH AVE N STE 100, SEATTLE, WA, 98109-5007, UNITED STATES",False,False,False,
237,CREF3 2326 AIRPORT WAY OWNER LLC,CREF3 2326 AIRPORT WAY OWNER LLC,604 707 826,1424837,"1345 AVENUE OF THE AMERICAS FL 46, NEW YORK, NY, 10105, UNITED STATES",False,False,False,
238,ARE SEATTLE NO 37 HOLDING LLC,"ARE-SEATTLE NO. 37 HOLDING, LLC",604 624 691,1371227,,False,True,True,
239,ARE SEATTLE NO 37 HOLDING LLC,"ARE-SEATTLE NO. 37, LLC",604 624 691,1371227,"26 N EUCLID AVE, PASADENA, CA, 91101-1961, UNITED STATES",False,True,True,
240,INS HOLDINGS LLC, THE DAVIS HOLDINGS GROUP LLC,604 140 002,835306,"1218 32ND ST NE, AUBURN, WA, 98002-2361, UNITED STATES",False,False,False,
241,INS HOLDINGS LLC,"101 EAST MAIN STREET HOLDINGS, LLC",603 064 856,603550,"7501 WISCONSIN AVE STE 500 W, BETHESDA, MD, 20814, UNITED STATES",False,False,False,
242,INS HOLDINGS LLC,"1100 & 1200 JADWIN AVENUE HOLDINGS, LLC",603 422 887,2339,"7501 WISCONSIN AVE STE 500, BETHESDA, MD, 20814-6519, UNITED STATES",False,False,False,
243,INS HOLDINGS LLC,1106 PINES HOLDINGS LLC,603 276 942,1316,"5907 S LOCHSA DR, SPOKANE, WA, 99206, UNITED STATES",False,False,False,
244,INS HOLDINGS LLC,11TH AVENUE INVESTMENT HOLDINGS LLC,604 301 968,1214802,"19223 OLYMPIC VIEW DR, EDMONDS, WA, 98020-2560, UNITED STATES",True,False,False,
245,INS HOLDINGS LLC,"11TH STREET INDUSTRIAL HOLDINGS, LLC",604 438 889,1276718,"8775 FOLSOM BLVD STE 200, SACRAMENTO, CA, 95826-3725, UNITED STATES",False,False,False,
246,INS HOLDINGS LLC,"13 COINS HOLDINGS, LLC",604 172 344,1617,"2107 ELLIOTT AVE, SUITE 304, SEATTLE, WA, 98121-2186, UNITED STATES",False,False,False,
247,INS HOLDINGS LLC,13TH STREET INVESTMENT HOLDINGS LLC,604 299 338,1214288,"19223 OLYMPIC VIEW DR, EDMONDS, WA, 98020-2560, UNITED STATES",True,False,False,
248,INS HOLDINGS LLC,"1520-1540 WILMINGTON DRIVE HOLDINGS, LLC",603 238 284,61180,"7501 WISCONSIN AVE, BETHESDA, MD, 20814-6519, UNITED STATES",False,False,False,
249,INS HOLDINGS LLC,1868 INVESTMENT HOLDINGS LLC,604 659 142,1395172,"10655 NE 4TH ST STE 611, BELLEVUE, WA, 98004-5038, UNITED STATES",False,False,False,
250,INS HOLDINGS LLC,"1901 MINOR HOLDINGS, LLC",603 426 198,2916,"2200 BISCAYNE BLVD, MIAMI, FL, 33137-5283, UNITED STATES",False,False,False,
251,INS HOLDINGS LLC,190TH STREET INVESTMENT HOLDINGS LLC,604 526 729,1315262,"917 STATE AVE, MARYSVILLE, WA, 98270-4238, UNITED STATES",False,False,False,
252,INS HOLDINGS LLC,1ST CHINOOK HOLDINGS LLC,604 049 108,58971,"2417 63RD AVE SE, MERCER ISLAND, WA, 98040, UNITED STATES",False,False,False,
253,INS HOLDINGS LLC,"3 KINGS HOLDINGS, LLC",604 046 854,3903,"6000 BROKEN SOUND PARKWAY NW, STE 200, BOCA RATON, FL, 33487, UNITED STATES",False,False,False,
254,INS HOLDINGS LLC,"302-312 NINTH ST. HOLDINGS, LLC",602 585 544,5395,"302 9TH STREET, WENATCHEE, WA, 98801, UNITED STATES",False,False,False,
255,INS HOLDINGS LLC,32ND STREET INVESTMENT HOLDINGS LLC,604 427 866,1276943,"19223 OLYMPIC VIEW DR, EDMONDS, WA, 98020, UNITED STATES",False,False,False,
256,INS HOLDINGS LLC,45TH STREET JOINT HOLDINGS LLC,603 505 502,9673,"9403 NE OAK VIEW DR, VANCOUVER, WA, 98662-6124, UNITED STATES",False,False,False,
257,INS HOLDINGS LLC,4M ADMINISTRATION AND HOLDING CO. LLC,603 587 508,11411,"5603 PLEASURE POINT LN SE, BELLEVUE, WA, 98006-2655, UNITED STATES",False,False,False,
258,INS HOLDINGS LLC,"5 POINT HOLDINGS, LLC",603 498 806,10296,"4108 S GHERING LN, SPOKANE, WA, 99223-0001, UNITED STATES",False,False,False,
259,INS HOLDINGS LLC,5333 LAMBSKIN HOLDINGS LLC,605 028 969,1636782,"5113 LACEY BLVD SE, LACEY, WA, 98503-2441, UNITED STATES",False,False,False,
260,INS HOLDINGS LLC,"5400 MARTIN WAY HOLDINGS, LLC",603 576 453,10846,"7501 WISCONSIN AVE #500W, BETHESDA, MD, 20814, UNITED STATES",False,False,False,
261,INS HOLDINGS LLC,"5403 & 5411 EAST MILL PLAIN BOULEVARD HOLDINGS, LLC",603 571 192,9462,"7501 WISCONSIN AVE #500 W, BETHESDA, MD, 20814, UNITED STATES",False,False,False,
262,INS HOLDINGS LLC,7POINT HOLDINGS LLC,604 094 646,11928,"37 ENTERPRISE LN, ELMA, WA, 98541, UNITED STATES",False,False,False,
263,INS HOLDINGS LLC,7TH STREET INVESTMENT HOLDINGS LLC,604 528 946,1315962,"19223 OLYMPIC VIEW DR, EDMONDS, WA, 98020-2560, UNITED STATES",True,False,False,
264,INS HOLDINGS LLC,"8TH & PINE HOLDING, INC.",602 804 787,361363,"4220 132ND ST SE, SUITE 201, MILL CREEK, WA, 98012-8999, UNITED STATES",False,False,False,
265,CEDARSTRAND PROPERTIES LLC,CEDARSTRAND PROPERTIES LLC,602 015 611,610726,"505 5TH AVE S STE 900, SEATTLE, WA, 98104-3821, UNITED STATES",False,False,False,
266,MSI PROVIDENT LLC,MSI PROVIDENT LLC,602 029 841,330835,"316 OCCIDENTAL AVE S, SUITE 300, SEATTLE, WA, 98104-4421, UNITED STATES",False,False,False,
267,ROEBLING SEATTLE LLC,ROEBLING SEATTLE LLC,604 132 494,927855,"901 OCCIDENTAL AVE S, SEATTLE, WA, 98134, UNITED STATES",False,False,False,
268,COMPASS BROADVIEW LLC,COMPASS BROADVIEW LLC,604 069 484,634420,"220 DEXTER AVE N, SEATTLE, WA, 98109, UNITED STATES",False,False,False,
269,LINDEN SQUARE APARTMENTS LP,LINDEN SQUARE APARTMENTS LIMITED PARTNERSHIP,604 525 904,1314259,"1518 1ST AVE S STE 500, SEATTLE, WA, 98134-1456, UNITED STATES",False,False,False,
270,10306 MERIDIAN AVENUE NORTH LLC,"10306 MERIDIAN AVENUE NORTH, LLC",603 214 072,3272,"44 MONTGOMERY ST, SUITE 610, SAN FRANCISCO, CA, 94104-4608, UNITED STATES",False,False,False,
271,10306 MERIDIAN AVENUE NORTH LLC,"BCF 10306 MERIDIAN AVENUE NORTH, LLC",602 709 935,565156,,True,False,False,
272,10306 MERIDIAN AVENUE NORTH LLC,"BVC 10306 MERIDIAN AVENUE NORTH, LLC",602 709 930,84755,,True,False,False,
273,NORTH SEATTLE AURORA PROPERTIES LLC,"NORTH SEATTLE AURORA PROPERTIES, LLC",604 078 335,894501,"13733 AURORA AVE N, SEATTLE, WA, 98133-6912, UNITED STATES",False,False,False,
274,EXTRA SPACE PROPERTIES SEVENTY ONE LLC,EXTRA SPACE PROPERTIES SEVENTY ONE LLC,603 067 407,688472,,False,True,True,
275,EXTRA SPACE PROPERTIES SEVENTY ONE LLC,EXTRA SPACE PROPERTIES SEVENTY ONE LP,603 067 407,688472,"2795 E COTTONWOOD PKWY STE 400, SALT LAKE CTY, UT, 84121, UNITED STATES",False,True,True,
276,GREENWOOD ASSOCIATES,"12536 GREENWOOD AVENUE NORTH ASSOCIATES, L.L.C.",602 607 166,759292,"THE FOUNDATION GROUP, 2621 EASTLAKE AVE E, SEATTLE, WA, 98102, UNITED STATES",False,False,False,
277,GREENWOOD ASSOCIATES,"GREENWOOD ASSOCIATES, L.L.C.",602 421 890,706282,"2825 EASTLAKE AVE E, SUITE 250, SEATTLE, WA, 98102-3013, UNITED STATES",False,False,False,
278,GREENWOOD ASSOCIATES,GREENWOOD AVENUE ASSOCIATES LIMITED PARTNERSHIP,601 743 924,140685,,True,False,False,
279,GREENWOOD ASSOCIATES,"GREENWOOD HUANG ASSOCIATES, LLC",602 388 414,724668,"901 BOREN AVE., #1700, SEATTLE, WA, 98104, UNITED STATES",False,False,False,
280,GREENWOOD ASSOCIATES,"GREENWOOD/ASHER & ASSOCIATES, INC.",603 159 865,727539,,True,True,True,
281,GREENWOOD ASSOCIATES,"GREENWOOD/ASHER & ASSOCIATES, LLC",603 159 865,727539,"42 BUSINESS CENTRE DR, SUITE 206, MIRAMAR BEACH, FL, 32550-6995, UNITED STATES",False,True,True,
282,GREENWOOD ASSOCIATES,"ROBERT H. GREENWOOD & ASSOCIATES, INC.",603 265 790,431020,"201 CALIFORNIA ST #630, SAN FRANCISCO, CA, 94111, UNITED STATES",False,False,False,
283,L & R LINDEN L L C,BELLWETHER LINDEN GP LLC,604 634 895,1373701,"433 MINOR AVE N, SEATTLE, WA, 98109-5439, UNITED STATES",True,False,False,
284,L & R LINDEN L L C,BELLWETHER LINDEN LLLP,604 629 675,1373705,"433 MINOR AVE N, SEATTLE, WA, 98109-5439, UNITED STATES",True,False,False,
285,L & R LINDEN L L C,"ELEANOR LINDEN, LLC",604 524 698,1321342,"300 E 27TH ST, VANCOUVER, WA, 98663-3006, UNITED STATES",False,False,False,
286,L & R LINDEN L L C,L & R LINDEN LLC,602 994 857,804571,"10750 AURORA AVENUE NORTH, SEATTLE, WA, 98133, UNITED STATES",False,False,False,
287,L & R LINDEN L L C,"LOWER LINDEN, LLC",602 995 331,840555,"389 WING RD, GOLDENDALE, WA, 98620-3704, UNITED STATES",False,False,False,
288,L & R LINDEN L L C,"MELISSA VANDER LINDEN, LLC",604 833 734,1506987,"5401 201ST LN SE, TENINO, WA, 98589-8905, UNITED STATES",False,False,False,
289,NORTH SEATTLE PROPERTIES III LLC,NORTH SEATTLE PROPERTIES III LLC,602 692 989,865423,"10750 AURORA AVE N, SEATTLE, WA, 98133-8883, UNITED STATES",False,False,False,
290,DAHLGREN FAMILY LLC #1,DAHLGREN FAMILY L.L.C. #1,602 115 049,643820,"701 5TH AVE STE 5500, SEATTLE, WA, 98104-7096, UNITED STATES",True,False,False,
291,DAHLGREN FAMILY LLC #1,DAHLGREN FAMILY L.L.C. #10,602 179 307,1108195,"701 5TH AVE STE 5500, SEATTLE, WA, 98104-7096, UNITED STATES",True,False,False,
292,DAHLGREN FAMILY LLC #1,DAHLGREN FAMILY L.L.C. #11,602 178 489,642929,"701 5TH AVE STE 5500, SEATTLE, WA, 98104-7096, UNITED STATES",True,False,False,
293,DAHLGREN FAMILY LLC #1,DAHLGREN FAMILY L.L.C. #12,602 178 488,648653,,False,False,False,
294,JUKEBOX CITY BUILDING LLC,JUKEBOX CITY BUILDING LLC,602 286 386,297179,,False,False,False,
295,JUKEBOX CITY BUILDING LLC,JUKEBOX CITY BUILDING LLC,604 929 820,1568367,"17622 12TH AVE SW, NORMANDY PARK, WA, 98166-3600, UNITED STATES",False,False,False,
296,STADIUM SILVER CLOUD INN LLC,"STADIUM SILVER CLOUD INN, L.L.C.",602 213 697,473239,"103 118TH AVE SE, SUITE 300, BELLEVUE, WA, 98005-3753, UNITED STATES",False,False,False,
297,MONROE COMMERCIAL PROPERTIES LLC,"MONROE COMMERCIAL PROPERTIES, LLC",603 001 881,839856,"717 S. LANDER ST., SEATTLE, WA, 98134, UNITED STATES",False,False,False,
298,CANAL BOILER LP,CANAL BOILER LIMITED PARTNERSHIP,602 712 529,600188,"270 S HANFORD ST STE 100, SEATTLE, WA, 98134, UNITED STATES",False,False,False,
299,640 SPOKANE LLC,"640 SPOKANE, LLC",603 452 157,309770,"1833 PARKSIDE DR E, SEATTLE, WA, 98112-3722, UNITED STATES",False,False,False,
300,PACIFIC INDUSTRIAL CENTER LP,PACIFIC INDUSTRIAL CENTER LIMITED PARTNERSHIP,602 668 675,917804,"270 S HANFORD ST STE 100, SEATTLE, WA, 98134, UNITED STATES",False,False,False,
301,CGA II LLC,BC GAS INTERNATIONAL (BVI-II) INC.,602 179 552,572080,,True,False,False,
302,CGA II LLC,BC GAS INTERNATIONAL (BVI-III) INC.,602 214 525,566274,,True,False,False,
303,CGA II LLC,"CGA II, L.L.C.",602 766 632,619168,"2401 4TH AVE, STE 840, SEATTLE, WA, 98121-3419, UNITED STATES",False,False,False,
304,CGA II LLC,CREEKSIDE ICG APARTMENT PORTFOLIO III LLC,602 718 857,1107307,"3101 WESTERN AVE STE 500, SEATTLE, WA, 98121-3071, UNITED STATES",True,False,False,
305,CGA II LLC,"D.C. GAGLIARDI INSURANCE SERVICES, INC.",601 446 412,1108094,,True,False,False,
306,CGA II LLC,FORT LANE SENIOR ICG APARTMENT PORTFOLIO III LLC,602 718 860,186166,"3101 WESTERN AVE STE 500, SEATTLE, WA, 98121-3071, UNITED STATES",True,False,False,
307,CGA II LLC,ICG APARTMENT PORTFOLIO III LLC,602 718 851,773265,"3101 WESTERN AVE STE 500, SEATTLE, WA, 98121-3071, UNITED STATES",True,False,False,
308,CGA II LLC,ICG APARTMENT PORTFOLIO VIII LLC,603 297 702,752490,"901 5TH AVE STE 4100, SEATTLE, WA, 98164-2001, UNITED STATES",False,False,False,
309,CGA II LLC,"MCGANN-VAUGHN INVESTMENTS II, LLC",602 856 508,310437,"201 W NORTH RIVER DR, STE 360, SPOKANE, WA, 99201, UNITED STATES",False,False,False,
310,CGA II LLC,PARKWAY COMMONS ICG APARTMENT PORTFOLIO III LLC,602 718 875,236483,"3101 WESTERN AVE #450, SEATTLE, WA, 98121, UNITED STATES",True,False,False,
311,CGA II LLC,PORTOFINO ICG APARTMENT PORTFOLIO III LLC,602 717 643,390299,"3101 WESTERN AVE #450, SEATTLE, WA, 98121, UNITED STATES",True,False,False,
312,B&E INVESTMENTS LLC,"""JACOBS PRIDE INVESTMENTS, A LIMITED PARTNERSHIP""",602 034 860,506,,False,False,False,
313,B&E INVESTMENTS LLC,100 BETHEL INVESTMENT PARTNERS LLC,604 312 409,1219989,"3711 SW FIRDRONA LN S, PORT ORCHARD, WA, 98367-6908, UNITED STATES",False,False,False,
314,B&E INVESTMENTS LLC,"101 KENWOOD, LLC",604 211 793,1176167,"101 KENWOOD ST, WALLA WALLA, WA, 99362-1627, UNITED STATES",False,False,False,
315,B&E INVESTMENTS LLC,12 BELLEVUE INTERNATIONAL INVESTMENT LLC,603 115 200,20960,"9809 NE 32ND ST, BELLEVUE, WA, 98004-1833, UNITED STATES",False,False,False,
316,B&E INVESTMENTS LLC,1201 S BAILEY INVESTMENTS LLC,604 051 907,1903,"801 BLANCHARD ST STE 400, SEATTLE, WA, 98121, UNITED STATES",False,False,False,
317,B&E INVESTMENTS LLC,121 BEECH INVESTMENT COMPANY LLC,604 411 463,1270206,"701 5TH AVE STE 2460, SEATTLE, WA, 98104-7107, UNITED STATES",False,False,False,
318,B&E INVESTMENTS LLC,126 BLUE POOL INVESTMENTS INC.,604 763 988,1470850,"11120 EVERGREEN WAY STE C, EVERETT, WA, 98204-3888, UNITED STATES",False,False,False,
319,B&E INVESTMENTS LLC,"127 BELLEVUE INVESTMENTS, LLC",604 091 097,5582,"1926 QUEEN ANNE AVE N, SEATTLE, WA, 98109, UNITED STATES",False,False,False,
320,B&E INVESTMENTS LLC,"18317 BOTHELL INVESTMENT PARTNERS, LLC",604 189 057,1166318,"18329 98TH AVE NE, SUITE 300, BOTHELL, WA, 98011, UNITED STATES",False,False,False,
321,B&E INVESTMENTS LLC,"2008 BABARE FAMILY INVESTMENTS, L.L.C.",602 857 330,66195,"6442 VIEW RIDGE DR, TACOMA, WA, 98407-1118, UNITED STATES",True,False,False,
322,B&E INVESTMENTS LLC,20107 BOTHELL INVESTMENT LLC,604 815 570,1496616,"11410 NE 124TH ST # 500, KIRKLAND, WA, 98034-4305, UNITED STATES",False,False,False,
323,B&E INVESTMENTS LLC,2018 BABARE INVESTMENTS LLC,604 256 053,1209097,"6442 VIEW RIDGE DR, TACOMA, WA, 98407-1118, UNITED STATES",True,False,False,
324,B&E INVESTMENTS LLC,2018 BEACH INVESTMENTS LLC,604 268 651,1199196,"950 PACIFIC AVE STE 1050, TACOMA, WA, 98402-4435, UNITED STATES",False,False,False,
325,B&E INVESTMENTS LLC,2018 TIMBERDOODLE COMPANY INVESTMENT GROUP LLC,604 376 741,1251736,"1510 E SPENCER LAKE RD, SHELTON, WA, 98584-9504, UNITED STATES",False,False,False,
326,B&E INVESTMENTS LLC,"321 BURNETT INVESTMENTS, LLC",602 399 945,63121,"12819 SE 38TH ST #23, BELLEVUE, WA, 98006, UNITED STATES",False,False,False,
327,B&E INVESTMENTS LLC,"3B'S SERVICES & INVESTMENTS, LLC",604 997 120,1613198,"38275 STATE ROUTE 25 N, DAVENPORT, WA, 99122-9384, UNITED STATES",False,False,False,
328,B&E INVESTMENTS LLC,3RD & BELL INVESTMENT LLC,602 633 905,62321,"1530 33RD AVE S, SEATTLE, WA, 98144, UNITED STATES",False,False,False,
329,B&E INVESTMENTS LLC,5 BARREL INVESTMENTS LLC,602 992 064,344678,"2518 SILVES CRT, EVERSON, WA, 98247, UNITED STATES",False,False,False,
330,B&E INVESTMENTS LLC,A BETTER LIVING FAMILY INVESTMENT INC,603 518 527,390993,"2508 NW 202ND ST, SHORELINE, WA, 98177-2428, UNITED STATES",False,False,False,
331,B&E INVESTMENTS LLC,"A.S. BUSINESS INVESTMENTS, INC.",602 711 290,457791,"710 SW 34TH ST, RENTON, WA, 98057-4816, UNITED STATES",False,False,False,
332,B&E INVESTMENTS LLC,AA NOBLE INVESTMENTS LLC,603 270 063,13903,"3225 MCLEOD DR STE 100, LAS VEGAS, NV, 89121-2257, UNITED STATES",False,False,False,
333,B&E INVESTMENTS LLC,AB REAL ESTATE INVESTMENTS LLC,603 272 091,12404,"6351 36TH AVE SW, SEATTLE, WA, 98126-3009, UNITED STATES",False,False,False,
334,B&E INVESTMENTS LLC,ABC REAL ESTATE INVESTMENT LLC,603 410 577,329820,"803 S 38TH CT, RENTON, WA, 98055-5895, UNITED STATES",False,False,False,
335,B&E INVESTMENTS LLC,"ABEJA INVESTMENT, LLC",604 253 664,1197375,"2200 ALASKAN WAY STE 200, SEATTLE, WA, 98121-3602, UNITED STATES",False,False,False,
336,B&E INVESTMENTS LLC,ABENROTH INVESTMENTS INC.,602 530 837,475411,"9545 2ND AVE NW, SEATTLE, WA, 98117-2014, UNITED STATES",False,False,False,
337,SC SEATTLE RE II LLC,"SAN FRANCISCO - SEATTLE VENTURES LIMITED II, A CALIFORNIALIMITED PARTNERSHIP",601 063 630,981526,,False,False,False,
338,SC SEATTLE RE II LLC,"SAN FRANCISCO SEATTLE VENTURES III, LLC",602 001 918,921852,"3860 83RD AVE SE, MERCER ISLAND, WA, 98040-3546, UNITED STATES",False,False,False,
339,SC SEATTLE RE II LLC,"SC SEATTLE RE II, LLC",604 921 267,1567206,"1611 SPRING GATE LN # 371507, LAS VEGAS, NV, 89134-6201, UNITED STATES",True,False,False,
340,SC SEATTLE RE II LLC,"SC SEATTLE RE III, LLC",604 952 447,1587921,"1611 SPRING GATE LN # 371507, LAS VEGAS, NV, 89134-6201, UNITED STATES",True,False,False,
341,1ST AVENUE SOUTH SEATTLE OWNER LLC,"1ST AVENUE SOUTH SEATTLE OWNER, LLC",604 757 395,1464721,"515 S FLOWER ST FL 49, LOS ANGELES, CA, 90071-2201, UNITED STATES",False,False,False,
342,KEY MAC LLC,KEYMAC II LIMITED PARTNERSHIP,601 155 472,268280,,True,False,False,
343,KEY MAC LLC,"KEYMAC, L.L.C.",601 952 238,811044,"5005 3RD AVE S, SEATTLE, WA, 98134-2423, UNITED STATES",False,False,False,
344,KEY MAC LLC,KEYSTONE CHOICE PHARMACY LLC,604 101 775,795545,"432 CEDARVILLE RD, EASTON, PA, 18042-6907, UNITED STATES",False,True,True,
345,KEY MAC LLC,"KEYSTONE CHOICE PHARMACY, LLC",604 101 775,795545,,True,True,True,
346,KEY MAC LLC,MARKEY MACHINE LLC,604 963 185,1590870,"7266 8TH AVE S, SEATTLE, WA, 98108-3403, UNITED STATES",True,False,False,
347,KEY MAC LLC,MARKEY MACHINERY CO. INC.,178 001 978,807099,,True,True,True,
348,KEY MAC LLC,"MMACHINERY, INC.",178 001 978,807099,"7266 8TH AVE S, SEATTLE, WA, 98108-3403, UNITED STATES",True,True,True,
349,LIBERTY RIDGE L L C,"LIBERTY CAPITAL BRIDGE MANAGEMENT, LLC",602 835 738,288147,"13206 NE 93RD ST, REDMOND, WA, 98052, UNITED STATES",True,False,False,
350,LIBERTY RIDGE L L C,"LIBERTY CAPITAL BRIDGE, LLC",602 656 680,815865,"13206 NE 93RD ST, REDMOND, WA, 98052, UNITED STATES",True,False,False,
351,LIBERTY RIDGE L L C,"LIBERTY RIDGE ADVISORS, LLC",604 174 761,830176,"500 UNION STREET, SUITE 1005, SEATTLE, WA, 98101, UNITED STATES",False,False,False,
352,LIBERTY RIDGE L L C,"LIBERTY RIDGE APARTMENTS, LLC",602 463 413,790764,"1000 2ND AVE, ATTN: KELLY NELSON, SEATTLE, WA, 98104-1022, UNITED STATES",False,False,False,
353,LIBERTY RIDGE L L C,"LIBERTY RIDGE CAPITAL, LLC",604 177 647,812856,"500 UNION ST, SUITE 1005, SEATTLE, WA, 98101-2363, UNITED STATES",False,False,False,
354,LIBERTY RIDGE L L C,"LIBERTY RIDGE EQUINE, LLC",604 327 036,1231555,"15309 SE 344TH ST, AUBURN, WA, 98092-3959, UNITED STATES",False,False,False,
355,LIBERTY RIDGE L L C,LIBERTY RIDGE ESTATES HOMEOWNER ASSOCIATION,602 646 311,816033,"6408 179TH AVE E, LAKE TAPPS, WA, 98391-8976, UNITED STATES",False,False,False,
356,LIBERTY RIDGE L L C,LIBERTY RIDGE HOMEOWNERS ASSOCIATION,602 007 997,191972,"716 W MEEKER ST STE 101, KENT, WA, 98032-5703, UNITED STATES",False,False,False,
357,LIBERTY RIDGE L L C,"LIBERTY RIDGE INVESTMENTS, LLC",604 707 175,1427149,"242 N LEGACY RIDGE DR, LIBERTY LAKE, WA, 99019-7631, UNITED STATES",False,False,False,
358,LIBERTY RIDGE L L C,LIBERTY RIDGE L.L.C.,602 026 276,302631,"5050 1ST AVE S STE 102, SEATTLE, WA, 98134-2400, UNITED STATES",False,False,False,
359,LIBERTY RIDGE L L C,LIBERTY RIDGE LAWNCARE INC.,603 291 911,296554,"229 FERNDALE AVE SE, RENTON, WA, 98056, UNITED STATES",False,False,False,
360,LIBERTY RIDGE L L C,LIBERTY RIDGE OWNERS ASSOCIATION,604 984 176,1609865,,False,False,False,
361,LIBERTY RIDGE L L C,LIBERTY RIDGE PTO,601 859 320,811746,"12202 209TH AVENUE CT E, BONNEY LAKE, WA, 98391-7766, UNITED STATES",False,False,False,
362,LIBERTY RIDGE L L C,LIBERTY RIDGE WEST LLC,604 062 021,799455,"5050 1ST AVE # 102, SEATTLE, WA, 98134, UNITED STATES",False,False,False,
363,URG OLYMPIC BUILDING LLC,URG OLYMPIC BUILDING LLC,603 247 255,499573,"1425 4TH AVE STE 200, SEATTLE, WA, 98101-2274, UNITED STATES",False,False,False,
364,EVERGREEN TREATMENT SERVICES,EVERGREEN TREATMENT SERVICES,601 138 490,117341,"4634 E MARGINAL WAY S STE C110, SEATTLE, WA, 98134-2341, UNITED STATES",False,False,False,
365,OLETA APARTMENTS LIMITED PARTNERSHIP,OLETA APARTMENTS LIMITED PARTNERSHIP,602 049 709,906259,"1620 12TH AVE STE 205, SEATTLE, WA, 98122-2568, UNITED STATES",False,False,False,
366,FOUNDRY LLC,ALKI FOUNDRY LLC,604 416 834,1270505,"3600 E MARGINAL WAY S STE 11, SEATTLE, WA, 98134-1140, UNITED STATES",False,False,False,
367,FOUNDRY LLC,"ALKI FOUNDRY, LLC",602 124 584,533838,,True,False,False,
368,FOUNDRY LLC,"ARCUS FOUNDRY, LLC",604 164 214,29413,"520 OCCIDENTAL AVE S, #1002, SEATTLE, WA, 98104-6821, UNITED STATES",False,False,False,
369,FOUNDRY LLC,"ASERO FOUNDRY, LLC",604 752 700,1453246,"522 W RIVERSIDE AVE STE N, SPOKANE, WA, 99201-0580, UNITED STATES",False,False,False,
370,FOUNDRY LLC,"ASHLAND FOUNDRY & MACHINE WORKS, LLC",604 656 469,1387812,"24 FRANK LLOYD WRIGHT DRIVE, SUITE H3225, ANN ARBOR, MI, 48105, UNITED STATES",False,False,False,
371,FOUNDRY LLC,ASTAR APP FOUNDRY LLC,604 601 153,1353042,"221 218TH PL SW, BOTHELL, WA, 98021-8296, UNITED STATES",False,False,False,
372,FOUNDRY LLC,"AUDIO VIDEO FOUNDRY, LLC",602 928 335,44742,"6041 PALATINE AVE N, SEATTLE, WA, 98103, UNITED STATES",False,False,False,
373,FOUNDRY LLC,B.A. SUNDERLIN FOUNDRY LLC,605 025 759,1639205,"22537 COLEMANS MILL RD, RUTHER GLEN, VA, 22546-3227, UNITED STATES",False,False,False,
374,FOUNDRY LLC,BELLINGHAM FOUNDRY LLC,603 420 150,54763,"1515 N FOREST ST, BELLINGHAM, WA, 98225, UNITED STATES",False,False,False,
375,FOUNDRY LLC,"BERGSTROM FOUNDRY, INC.",601 178 531,582664,"2322 WISHKAH RD, ABERDEEN, WA, 98520-1544, UNITED STATES",False,False,False,
376,FOUNDRY LLC,"BITCOIN DATA CENTER FOUNDRY, INC.",603 407 078,65391,,True,False,False,
377,FOUNDRY LLC,BLUE FLAME FOUNDRY CORPORATION,603 491 235,51507,"19001 NE 151ST ST, WOODINVILLE, WA, 98072, UNITED STATES",False,False,False,
378,FOUNDRY LLC,"BUILDERS FOUNDRY, LLC",603 277 735,592807,"1617 BOYLSTON AVE, SUITE 200, SEATTLE, WA, 98122, UNITED STATES",False,False,False,
379,FOUNDRY LLC,"CADENCE DESIGN FOUNDRY, INC.",602 155 778,609469,,True,False,False,
380,FOUNDRY LLC,"CARBON FOUNDRY, LLC",604 161 605,90687,"800 SENECA ST, APT 3004, SEATTLE, WA, 98101-1096, UNITED STATES",False,False,False,
381,FOUNDRY LLC,"CASCADE GAME FOUNDRY, SPC",602 975 073,114645,"15127 NE 24TH ST # 15, REDMOND, WA, 98052-5544, UNITED STATES",False,False,False,
382,FOUNDRY LLC,CLASSIC FOUNDRY LLC,603 345 667,100775,"9688 ML KING JR WAY S, SEATTLE, WA, 98118-5630, UNITED STATES",False,False,False,
383,FOUNDRY LLC,"CONCEPT FOUNDRY, INC.",604 224 216,1183460,,True,False,False,
384,FOUNDRY LLC,CONCRETE FOUNDRY LLC,603 556 832,85681,"4707 NE MINNEHAHA ST# 305, VANCOUVER, WA, 98661, UNITED STATES",False,False,False,
385,FOUNDRY LLC,CULINARY FOUNDRY LLC,604 289 434,1213723,"906 W 2ND AVE STE 100, SPOKANE, WA, 99201-4540, UNITED STATES",False,False,False,
386,FOUNDRY LLC,CULTURE FOUNDRY LLC,602 969 271,649673,"600 N 36TH ST STE 200, 200, SEATTLE, WA, 98103-8697, UNITED STATES",False,False,False,
387,FOUNDRY LLC,D FOUNDRY I LLC,604 167 945,152829,"322 E GRAND AVE, S SAN FRAN, CA, 94080-6210, UNITED STATES",False,False,False,
388,FOUNDRY LLC,"D&L FOUNDRY, INC.",603 103 624,131340,"5200 AIRPORT WAY SOUTH, SEATTLE, WA, 98108, UNITED STATES",False,False,False,
389,FOUNDRY LLC,"DALLESPORT FOUNDRY, INC.",601 841 288,644422,"1615 SCHURMAN WAY, WOODLAND, WA, 98674-9556, UNITED STATES",False,False,False,
390,FOUNDRY LLC,DRAGON FOUNDRY LLC,603 387 734,105940,"4720 SW EDMUNDS ST, SEATTLE, WA, 98116-4311, UNITED STATES",False,False,False,
391,NEWSOM PROPERTIES L L C,"NEWSOM PROPERTIES, LLC",602 539 732,347945,,False,False,False,
392,STAN & SHIRLEY HANDALY L L C,STAN AND SHIRLEY HANDALY L.L.C.,602 123 263,442562,"945 1ST ST S APT 201, KIRKLAND, WA, 98033-6562, UNITED STATES",False,False,False,
393,COSTCO WHOLESALE CORPORATION,COSTCO WHOLESALE CORPORATION,601 024 674,626785,"999 LAKE DR, ISSAQUAH, WA, 98027-8990, UNITED STATES",True,False,False,
394,COSTCO WHOLESALE CORPORATION,COSTCO WHOLESALE CANADA LTD.,601 898 145,634338,"999 LAKE DR, ISSAQUAH, WA, 98027-8990, UNITED STATES",True,False,False,
395,COSTCO WHOLESALE CORPORATION,COSTCO WHOLESALE EMPLOYEE CLUB,602 293 066,632448,"999 LAKE DR, ISSAQUAH, WA, 98027-8990, UNITED STATES",True,False,False,
396,COSTCO WHOLESALE CORPORATION,"COSTCO WHOLESALE MEMBERSHIP, INC.",602 074 668,629151,"999 LAKE DR, ISSAQUAH, WA, 98027-8990, UNITED STATES",True,False,False,
397,COSTCO WHOLESALE CORPORATION,"COSTCO WHOLESALE MEMBERSHIP, INC.",601 982 495,112426,,False,False,False,
398,OB SODO PROPERTIES V LLC,"OB SODO PROPERTIES IV, LLC",604 709 434,1427613,"101 116TH AVE SE, BELLEVUE, WA, 98004-6408, UNITED STATES",True,False,False,
399,OB SODO PROPERTIES V LLC,"OB SODO PROPERTIES V, LLC",603 164 209,355323,"101 116TH AVE SE, BELLEVUE, WA, 98004-6408, UNITED STATES",True,False,False,
400,TERRENO 1ST AVENUE SOUTH LLC,"TERRENO 1ST AVENUE SOUTH, LLC",604 227 204,1185716,"101 MONTGOMERY STREET, SUITE 200, SAN FRANCISCO, CA, 94104, UNITED STATES",False,False,False,
401,G S BUILDING SUPPLY INC,"G. S. BUILDING SUPPLY, INC.",602 811 963,194590,"3200 4TH AVE SO, SEATTLE, WA, 98134, UNITED STATES",False,False,False,
402,G S BUILDING SUPPLY INC,"GUOSHENG BUILDING SUPPLY, LLC",605 003 158,1620226,"3200 4TH AVE S, SEATTLE, WA, 98134-1917, UNITED STATES",False,False,False,
403,G S BUILDING SUPPLY INC,RUSTY GATE NURSERY AND BUILDING SUPPLY LLC,603 263 341,931764,"221 WOOD ST, FORKS, WA, 98331-9003, UNITED STATES",False,False,False,
404,TERRENO 4225 2ND AVENUE SOUTH LLC,TERRENO 4225 2ND AVENUE SOUTH LLC,603 552 414,296747,"101 MONTGOMERY STREET, SUITE 200, SAN FRANCISCO, CA, 94104, UNITED STATES",False,False,False,
405,BIESOLD 4100 LLC,BIESOLD 4100 LLC,602 700 653,585894,"1141 RODEO RD, CLE ELUM, WA, 98922-9061, UNITED STATES",False,False,False,
406,WSA PROPERTIES LLC,PNW SAILOR PROPERTIES LLC,605 109 570,1643147,"19520 94TH PL W, EDMONDS, WA, 98020-2554, UNITED STATES",False,False,False,
407,WSA PROPERTIES LLC,"W. SANFORD PROPERTIES, LLC",602 058 932,540696,"6219 40TH AVE NE, SEATTLE, WA, 98115, UNITED STATES",False,False,False,
408,WSA PROPERTIES LLC,"WSA PROPERTIES II, LLC",603 192 022,1057528,"1 MARKET ST STE 2625, SAN FRANCISCO, CA, 94105-1417, UNITED STATES",True,False,False,
409,WSA PROPERTIES LLC,"WSA PROPERTIES III, LLC",603 192 026,1081413,"1 MARKET ST STE 2625, SAN FRANCISCO, CA, 94105-1417, UNITED STATES",True,False,False,
410,WSA PROPERTIES LLC,"WSA PROPERTIES IV, LLC",603 192 029,536781,"1 MARKET ST STE 2625, SAN FRANCISCO, CA, 94105-1417, UNITED STATES",True,False,False,
411,WSA PROPERTIES LLC,"WSA PROPERTIES IX, LLC",603 228 382,1066722,"1 MARKET ST STE 2625, SAN FRANCISCO, CA, 94105-1417, UNITED STATES",True,False,False,
412,WSA PROPERTIES LLC,"WSA PROPERTIES V, LLC",603 192 030,536833,"1 MARKET ST STE 2625, SAN FRANCISCO, CA, 94105-1417, UNITED STATES",True,False,False,
413,WSA PROPERTIES LLC,"WSA PROPERTIES VI, LLC",603 192 032,576510,"1 MARKET ST STE 2625, SAN FRANCISCO, CA, 94105-1417, UNITED STATES",True,False,False,
414,WSA PROPERTIES LLC,"WSA PROPERTIES VII, LLC",603 228 375,1032665,"1 MARKET ST STE 2625, SAN FRANCISCO, CA, 94105-1417, UNITED STATES",True,False,False,
415,WSA PROPERTIES LLC,"WSA PROPERTIES VIII, LLC",603 228 379,1032915,"1 MARKET ST STE 2625, SAN FRANCISCO, CA, 94105-1417, UNITED STATES",True,False,False,
416,WSA PROPERTIES LLC,"WSA PROPERTIES X, LLC",603 228 388,1069608,"1 MARKET ST STE 2625, SAN FRANCISCO, CA, 94105-1417, UNITED STATES",True,False,False,
417,WSA PROPERTIES LLC,"WSA PROPERTIES XI, LLC",604 024 287,1163469,"1 MARKET ST STE 2625, SAN FRANCISCO, CA, 94105-1417, UNITED STATES",True,False,False,
418,WSA PROPERTIES LLC,"WSA PROPERTIES XII, LLC",604 028 449,1089902,"1 MARKET ST STE 2625, SAN FRANCISCO, CA, 94105-1417, UNITED STATES",True,False,False,
419,WSA PROPERTIES LLC,"WSA PROPERTIES XIII, LLC",604 231 269,1188463,"1 MARKET ST STE 2625, SAN FRANCISCO, CA, 94105-1417, UNITED STATES",True,False,False,
420,WSA PROPERTIES LLC,"WSA PROPERTIES XIV, LLC",604 487 539,1298513,"1 MARKET ST STE 2625, SAN FRANCISCO, CA, 94105-1417, UNITED STATES",True,False,False,
421,WSA PROPERTIES LLC,"WSA PROPERTIES XV, LLC",604 932 946,1571971,"1 MARKET ST STE 2325, SAN FRANCISCO, CA, 94105-1420, UNITED STATES",False,False,False,
422,WSA PROPERTIES LLC,"WSA PROPERTIES, LLC",603 161 556,1057529,"1 MARKET ST STE 2625, SAN FRANCISCO, CA, 94105-1417, UNITED STATES",True,False,False,
423,HILL INVESTMENT COMPANY,"A.C. HILLS INVESTMENTS, L.L.C.",602 693 114,212782,,True,True,True,
424,HILL INVESTMENT COMPANY,AC HILLS INVESTMENTS LLC,602 693 114,212782,"21230 STOTTLEMEYER RD NE, POULSBO, WA, 98370-8950, UNITED STATES",False,True,True,
425,HILL INVESTMENT COMPANY,ACACIA HILL INVESTMENTS LLC,604 590 306,1345214,"19643 140TH AVE SE, RENTON, WA, 98058-7725, UNITED STATES",False,False,False,
426,HILL INVESTMENT COMPANY,"AGOURA HILLS INVESTMENTS, LLC",603 605 553,25457,"3213 W WHEELER ST #170, SEATTLE, WA, 98199, UNITED STATES",False,False,False,
427,HILL INVESTMENT COMPANY,"AMERICO HOLDINGS, LLC",604 551 126,1391257,"2211 S KATY CT, SPOKANE, WA, 99224-4754, UNITED STATES",False,False,False,
428,HILL INVESTMENT COMPANY,BALD HILLS INVESTMENT CORPORATION,604 451 172,1280266,"6832 198TH AVE SW, ROCHESTER, WA, 98579-9393, UNITED STATES",False,False,False,
429,HILL INVESTMENT COMPANY,BARNHILL INVESTMENTS LLC,604 737 271,1450427,"6110 RIVERHAWK LN, PASCO, WA, 99301-3719, UNITED STATES",False,False,False,
430,HILL INVESTMENT COMPANY,BDR CLYDE HILL INVESTMENTS VII LLC,604 021 538,565446,"11100 MAIN ST STE 201, BELLEVUE, WA, 98004, UNITED STATES",False,False,False,
431,HILL INVESTMENT COMPANY,"BIG HILL INVESTMENTS, L.L.C.",601 831 029,1099741,,True,False,False,
432,HILL INVESTMENT COMPANY,BLUEHILL INVESTMENT LLC,604 199 422,1168671,,True,True,True,
433,HILL INVESTMENT COMPANY,BLUEHILL INVESTMENT LLC,604 199 422,1168671,"2805 43RD AVE W, SEATTLE, WA, 98199-2423, UNITED STATES",False,True,True,
434,HILL INVESTMENT COMPANY,"CAPITAL HILL ALLIANCE INVESTMENTS, L.L.C.",602 632 145,1102859,"801 2ND ST STE 1501, SEATTLE, WA, 98104, UNITED STATES",False,False,False,
435,HILL INVESTMENT COMPANY,"CAPITOL HILL HOUSING INVESTMENTS, LLC",603 400 710,92342,,True,False,False,
436,HILL INVESTMENT COMPANY,"CASCADE FOOTHILLS INVESTMENTS, L.L.C.",602 164 391,599124,"5312 PACIFIC HWY E, FIFE, WA, 98424-2602, UNITED STATES",False,False,False,
437,HILL INVESTMENT COMPANY,"CEDARHILL INVESTMENTS, LLC",604 860 180,1529223,"4656 MONKEY HILL RD, OAK HARBOR, WA, 98277-9761, UNITED STATES",False,False,False,
438,HILL INVESTMENT COMPANY,"CES FOOTHILLS INVESTMENTS, LLC",604 085 242,97500,"20515 E HAPPY TRAILS LN, OTIS ORCHARDS, WA, 99027-5000, UNITED STATES",False,False,False,
439,HILL INVESTMENT COMPANY,"CHILL INVESTMENTS, LLC",604 506 774,1307409,"112 KEENE RD, RICHLAND, WA, 99352, UNITED STATES",False,False,False,
440,HILL INVESTMENT COMPANY,"CHURCHILL INVESTMENTS, INC.",601 781 914,1104781,"544 N PEARL ST, CENTRALIA, WA, 98531, UNITED STATES",False,False,False,
441,HILL INVESTMENT COMPANY,"CHURCHILL SECURITY INVESTMENTS, LLC",602 415 582,611434,"1770 N BUFFALO DR STE 101, LAS VEGAS, NV, 89128, UNITED STATES",False,False,False,
442,HILL INVESTMENT COMPANY,"CLOVER HILL INVESTMENTS, LLC",604 041 016,625280,"2810 TALACHE RD, SAGLE, ID, 83860, UNITED STATES",False,False,False,
443,HILL INVESTMENT COMPANY,CLYDE HILL A & T INVESTMENT LLC,604 016 756,629239,"365 118TH AVE SE #200, BELLEVUE, WA, 98005, UNITED STATES",False,False,False,
444,HILL INVESTMENT COMPANY,CLYDE HILL INVESTMENTS LLC,603 364 189,103023,"1920 92ND AVE NE, BELLEVUE, WA, 98004, UNITED STATES",False,False,False,
445,HILL INVESTMENT COMPANY,"COLE, ROCKWELL, PHILLIPS INVESTMENTS, LLC",603 268 023,611600,"30 CHELAN KEY, BELLEVUE, WA, 98006, UNITED STATES",False,False,False,
446,HILL INVESTMENT COMPANY,COLLEGE HILL INVESTMENT LLC,603 465 938,618524,"14012 SE 20TH ST, BELLEVUE, WA, 98007-6010, UNITED STATES",False,False,False,
447,HILL INVESTMENT COMPANY,COYOTE HILLS INVESTMENTS LLC,602 407 575,630448,"23116 E BROADWAY AVE, LIBERTY LAKE, WA, 99019-7506, UNITED STATES",False,False,False,
448,6TH & HOLGATE BUILDING LLC,"6TH & HOLGATE BUILDING, LLC",602 415 152,213285,"1930 6TH AVE S, SEATTLE, WA, 98134-1620, UNITED STATES",False,False,False,
449,TUALATIN-LAKE OSWEGO LLC,"TUALATIN-LAKE OSWEGO, LLC",604 345 280,1241500,"1919 NW 19TH AVE, PORTLAND, OR, 97209-1735, UNITED STATES",False,False,False,
450,NICOLA URBANWORKS LP,NICOLA URBANWORKS LP,604 736 441,1443835,"600 UNIVERSITY ST, SUITE 2310, SEATTLE, WA, 98101-4112, UNITED STATES",False,False,False,
451,SEADRUNAR PROPERTIES,SEADRUNAR PROPERTIES,601 867 081,924741,"10344 14TH AVE S, SEATTLE, WA, 98168-1689, UNITED STATES",False,False,False,
452,PALACE INVESTMENT CO,PALACEINVESTMENT LLC,605 159 168,1650980,"5506 S SHERIDAN AVE, TACOMA, WA, 98408-3538, UNITED STATES",False,False,False,
453,PALACE INVESTMENT CO,YELLOWPALACE INVESTMENT CORP,604 204 497,1172512,"2516 263RD CT NE, REDMOND, WA, 98053, UNITED STATES",False,False,False,
454,PURPLE CHEETAH LLC,PURPLE CHEETAH LLC,602 747 975,396623,"1115 HEMLOCK AVE SW, NORTH BEND, WA, 98045-7952, UNITED STATES",False,False,False,
455,WAREHOUSE INNOVATIONS LLC,"WAREHOUSE INNOVATIONS, LLC",604 132 863,1052320,"3419 11TH AVE SW, SEATTLE, WA, 98134-1007, UNITED STATES",False,False,False,
456,2440 FIRST AVENUE SOUTH II LP,"2440 FIRST AVENUE SOUTH II, LP",604 737 625,1444597,"270 S HANFORD ST STE 100, SEATTLE, WA, 98134-1838, UNITED STATES",False,False,False,
457,EXCHANGE 54 S DAWSON LLC,EXCHANGE 54 S DAWSON LLC,603 437 998,158541,"1800 WAZEE ST, SUITE 500, DENVER, CO, 80202-2526, UNITED STATES",False,False,False,
458,B & B PARTNERS II LLC,B & B PARTNERS II LLC,602 213 881,47632,"1420 5TH AVE, 1420 FIFTH AVENUE SUITE 4200, SEATTLE, WA, 98101-2375, UNITED STATES",False,False,False,
459,B & B PARTNERS II LLC,"OBB PARTNERS, III, LLC",602 701 988,351258,"851 SW SIXTH AVE, SUITE 1400, PORTLAND, OR, 97204, UNITED STATES",False,False,False,
460,AVALON ARTISTS LLC,AVALON ARTISTS LLC,604 133 650,45341,"5021 COLORADO AVE S, SEATTLE, WA, 98134-2404, UNITED STATES",False,False,False,
461,2100 AIRPORT WAY L L C,2100 AIRPORT WAY L.L.C.,602 416 886,5788,"271 NW LINCOLN ST, WHITE SALMON, WA, 98672, UNITED STATES",False,False,False,
462,HENSON FAMILY LIMITED LIABILITY COMPANY,HENSON FAMILY LIMITED LIABILITY COMPANY,601 842 295,751864,"111 W HIGHLAND DR APT 3E, SEATTLE, WA, 98119-3585, UNITED STATES",False,False,False,
463,HENSON FAMILY LIMITED LIABILITY COMPANY,1995 STEPHENSON FAMILY LIMITED PARTNERSHIP,601 632 328,58795,"10201 74TH AVE E, PUYALLUP, WA, 98373, UNITED STATES",False,False,False,
464,HENSON FAMILY LIMITED LIABILITY COMPANY,"2017 STEPHENSON FAMILY, L.L.C.",604 093 845,75382,"9012 CECILE CT SW, LAKEWOOD, WA, 98498-5977, UNITED STATES",False,False,False,
465,HENSON FAMILY LIMITED LIABILITY COMPANY,STEPHENSON FAMILY LLC,603 064 677,1152301,"7500 ROOSEVELT WAY NE, SEATTLE, WA, 98115-4221, UNITED STATES",False,False,False,
466,FM 2323 AIRPORT WAY SOUTH LLC,FM 2323 AIRPORT WAY SOUTH LLC,604 754 156,1457238,"1191 2ND AVE STE 2000, SEATTLE, WA, 98101-3404, UNITED STATES",False,False,False,
467,TERRENO 6TH AVE LLC,TERRENO 6TH AVE LLC,604 351 712,1240354,"101 MONTGOMERY STREET, SUITE 200, SAN FRANCISCO, CA, 94104, UNITED STATES",False,False,False,
468,2724 6TH AVENUE SOUTH LP,2724 6TH AVENUE SOUTH LIMITED PARTNERSHIP,603 140 918,4197,"270 S HANFORD ST #100, SEATTLE, WA, 98134, UNITED STATES",False,False,False,
469,BNR CORPORATION,BNR CORPORATION,601 305 270,581246,"2250 OCCIDENTAL AVE. SOUTH, SEATTLE, WA, 98134, UNITED STATES",False,False,False,
470,BNR CORPORATION,ABNR GROUP LLP,603 569 840,457445,"1006 NE 146TH AVE., VANCOUVER, WA, 98684, UNITED STATES",False,False,False,
471,BNR CORPORATION,B-N-R AFFORDABLE HOUSING LLC,602 852 881,48183,"74 TROH LN, GLENWOOD, WA, 98619, UNITED STATES",False,False,False,
472,BNR CORPORATION,"B.N. REESE COMPANY, LLC",604 509 959,1309278,"2242 NW 26TH AVE, CAMAS, WA, 98607, UNITED STATES",False,False,False,
473,BNR CORPORATION,"BN RENTAL, LLC",603 175 992,578454,"25162 BLACK HORSE LN, LAGUNA HILLS, CA, 92653-5892, UNITED STATES",False,False,False,
474,BNR CORPORATION,BNR CONSTRUCTION LLC,602 121 882,52542,,True,False,False,
475,BNR CORPORATION,"BNR CONSULTING, LLC",602 407 022,568482,"6247 DELOACHE, DALLAS, TX, 75225, UNITED STATES",False,False,False,
476,BNR CORPORATION,"BNR DESIGN BUILDERS, L.L.C.",602 650 177,578375,"12998 LAKE SHORE DRIVE, POULSBO, WA, 98370, UNITED STATES",False,False,False,
477,BNR CORPORATION,BNR DEVELOPMENT LLC,602 121 881,71694,,True,False,False,
478,BNR CORPORATION,BNR EDGEWOOD MEADOWS LLC,602 722 056,583941,"2102 E MAIN #202, PUYALLUP, WA, 98372, UNITED STATES",False,False,False,
479,BNR CORPORATION,BNR EDUCATION LLC,603 120 235,594216,"32036 23RD AVE S, FEDERAL WAY, WA, 98003-6031, UNITED STATES",False,False,False,
480,BNR CORPORATION,BNR EMERALD LLC,602 678 990,590563,"1687 ROCKVIEW TRL, COLORADO SPGS, CO, 80904-5243, UNITED STATES",False,False,False,
481,BNR CORPORATION,"BNR ENTERPRISES, LLC",602 972 191,578608,"2532 NW LACAMAS DR, CAMAS, WA, 98607-9267, UNITED STATES",False,False,False,
482,BNR CORPORATION,BNR FLOORING LLC,604 063 938,52543,"10710 EVERGREEN WAY APT D205, EVERETT, WA, 98204-4315, UNITED STATES",False,False,False,
483,BNR CORPORATION,BNR FLORING LLC,603 344 498,590565,"8760 46TH PL W, MUKILTEO, WA, 98275, UNITED STATES",False,False,False,
484,BNR CORPORATION,BNR GUTTERS LLC,604 926 045,1566059,"4313 N CENTENNIAL LN, SPOKANE, WA, 99212-5800, UNITED STATES",False,False,False,
485,BNR CORPORATION,"BNR MCGILVRA, LLC",602 598 851,578609,"16330 INGLEWOOD PL NE, KENMORE, WA, 98028, UNITED STATES",True,False,False,
486,BNR CORPORATION,BNR MT. LANE LLC,602 722 055,69690,"2102 E MAIN STE 202, PUYALLUP, WA, 98372, UNITED STATES",False,False,False,
487,BNR CORPORATION,BNR PAINTING & REMODELING LLC,603 333 653,578610,"816 S PEARL ST, CENTRALIA, WA, 98531-2412, UNITED STATES",False,False,False,
488,BNR CORPORATION,BNR PROPERTIES LLC,603 593 275,67701,"11301 E RIMROCK LN, SPOKANE, WA, 99206-8438, UNITED STATES",False,False,False,
489,BNR CORPORATION,BNR PROPERTIES LLC,603 102 211,594218,"16330 INGLEWOOD PL NE, KENMORE, WA, 98028, UNITED STATES",True,False,False,
490,BNR CORPORATION,BNR SNORIDGE LLC,602 539 928,578611,"4811 354TH AVE SE, FALL CITY, WA, 98024-9753, UNITED STATES",False,False,False,
491,BNR CORPORATION,BNR SOMERSET LLC,603 024 680,594219,"1108 LAKESIDE AVE SO, SEATTLE, WA, 98144, UNITED STATES",False,False,False,
492,BNR CORPORATION,BNRTRANSPORT LLC,604 979 040,1602717,"13903 NE 102nd St, VANCOUVER, WA, 98682-1965, UNITED STATES",False,False,False,
493,BNR CORPORATION,GRUB N RUB LLC,604 948 990,1588022,"1444 SE ROSE RD, PORT ORCHARD, WA, 98367-9327, UNITED STATES",False,False,False,
494,VIC AND JACK LLC,"VIC AND JACK, LLC",602 124 836,1049258,"8451 SE 68TH ST STE 200, MERCER ISLAND, WA, 98040-5240, UNITED STATES",False,False,False,
495,CEK HOLDINGS II L L C,"CEK HOLDINGS II, LLC",602 230 299,72404,"2400 1ST AVE S, SEATTLE, WA, 98134-1422, UNITED STATES",False,False,False,
496,CEK HOLDINGS II L L C,"CEK HOLDINGS III, LLC",602 347 134,1103768,"8460 RIDGE RD, MEDINA, WA, 98039, UNITED STATES",False,False,False,
497,WES 2233 LLC,"WES 2233, LLC",603 411 881,328190,"2201 6TH AVE S, SEATTLE, WA, 98134-2060, UNITED STATES",False,False,False,
498,SIC RP LLC,"BLEED THE FIFTH, LLC",604 588 471,1345180,"1515 24TH AVE, LONGVIEW, WA, 98632-3621, UNITED STATES",False,True,True,
499,SIC RP LLC,CANCIALOSI CORPORATE LAW GROUP PLLC,603 321 871,91338,"321 HIGH SCHOOL RD NE, SUITE D3-193, BAINBRIDGE IS, WA, 98110-2647, UNITED STATES",False,False,False,
500,SIC RP LLC,"CLASSIC CARPENTRY, LLC",602 383 653,100766,"861 MYRTINE ST, ENUMCLAW, WA, 98022, UNITED STATES",False,False,False,
501,SIC RP LLC,"CLASSIC CARPET CARE, INC.",601 023 923,108257,,True,False,False,
502,SIC RP LLC,CLASSIC CARPETS LLC,603 423 534,623312,"6818 N. STEVENS ST., SPOKANE, WA, 99208, UNITED STATES",False,False,False,
503,SIC RP LLC,"CLASSIC CENTER ENTERPRISES, LLC",602 562 223,616467,"1000 SOUTH YOUNG ST, KENNEWICK, WA, 99338, UNITED STATES",False,False,False,
504,SIC RP LLC,"CLASSIC ENTERPRISES, L.L.C.",601 966 387,78931,"300 KRAY IKE CT, WENATCHEE, WA, 98801-9440, UNITED STATES",False,False,False,
505,SIC RP LLC,"CLASSIC TRAGEDY ENTERPRISES, LLC",604 588 471,1345180,,True,True,True,
506,SIC RP LLC,"CLASSIC VISIONS ENTERPRISES, INC.",601 590 164,613426,"E-2909 DEER PARK - MILAN RD, DEER PARK, WA, 99006, UNITED STATES",False,False,False,
507,SIC RP LLC,"CLASSIC WOOD FLOORS & CARPENTRY, LLC",604 288 754,1207733,"626 HOMESTEAD ST, MOSCOW, ID, 83843-2766, UNITED STATES",False,False,False,
508,SIC RP LLC,"CLASSICCARPARTSWASHINGTON, LLC",603 487 962,624792,"21716 STATE ROUTE 530 NE, ARLINGTON, WA, 98223-5351, UNITED STATES",False,False,False,
509,SIC RP LLC,CONTI MUSIC ENTERPRISES LLC,603 578 465,86993,"13000 LINDEN AVE N STE 105, SEATTLE, WA, 98133, UNITED STATES",False,False,False,
510,SIC RP LLC,DODGES CLASSIC CARPENTRY CO.,602 683 076,663825,"71620 NE OLD CASCADE HWY, SKYKOMISH, WA, 98288, UNITED STATES",False,False,False,
511,SIC RP LLC,FORENSIC WATERPROOFING CONSULTANTS LLC,602 641 773,681331,"12901 SE 97TH AVE STE 310, CLACKAMAS, OR, 97015-7906, UNITED STATES",False,False,False,
512,SIC RP LLC,GENESIS CARPENTRY LLC,605 115 704,1642542,"2511 EUCLID AVE UNIT A, EVERETT, WA, 98203-4833, UNITED STATES",False,False,False,
513,SIC RP LLC,GENESIS CARPET & MAINTENANCE LLC,604 668 026,1399226,"12428 SE 274TH ST, KENT, WA, 98030-8508, UNITED STATES",False,False,False,
514,SIC RP LLC,GENESIS CARPET CLEANING LLC,602 812 992,131903,"1303 V STREET NW, AUBURN, WA, 98001, UNITED STATES",False,False,False,
515,SIC RP LLC,"GENESIS CARPET CLEANING, LLC",604 838 441,1513431,"4711 N 31ST ST, TACOMA, WA, 98407-4717, UNITED STATES",False,False,False,
516,SIC RP LLC,GENESIS CARPET LLC,602 995 361,225984,"2445 S 222ND ST #G202, DES MOINES, WA, 98198, UNITED STATES",False,False,False,
517,SIC RP LLC,"GENSIA SICOR PHARMACEUTICALS, INC.",601 695 216,227476,,True,False,False,
518,SIC RP LLC,GL VAN SICKLE ENTERPRISES INC.,602 739 812,711324,"112 NE 16TH CT, BATTLE GROUND, WA, 98604-9202, UNITED STATES",False,False,False,
519,SIC RP LLC,INTRINSIC ENTERPRISES INC,603 570 472,164631,"6947 COAL CREEK PKWY SE, STE 186, NEWCASTLE, WA, 98059, UNITED STATES",False,False,False,
520,SIC RP LLC,"ISLAND MUSIC ENTERPRISES, LLC",603 012 860,761660,"1963 ZYLSTRA RD, OAK HARBOR, WA, 98277, UNITED STATES",False,False,False,
521,SIC RP LLC,JESSICA BARRY ENTERPRISES INC,604 896 837,1548700,"419 GOLDEN GATE AVE, FIRCREST, WA, 98466-7303, UNITED STATES",False,False,False,
522,SIC RP LLC,JESSICA ENTERPRISES LLC,602 752 206,243998,"24517 SE 199TH PL, KENT, WA, 98031, UNITED STATES",False,False,False,
523,SODO HOLGATE CENTER LLC,"SODO HOLGATE CENTER, LLC",603 415 539,991029,"1737 & 1751 AIRPORT WAY SOUTH, SEATTLE, WA, 98134, UNITED STATES",False,False,False,
524,1741 1ST SODO LLC,"1741 1ST SODO,  LLC",604 622 395,1367329,"115 DORFFEL DR E, SEATTLE, WA, 98112-5001, UNITED STATES",False,False,False,
525,GULL INDUSTRIES INC,"GULL INDUSTRIES, INC.",578 043 735,737527,"3404 4TH AVE S, SEATTLE, WA, 98134-1905, UNITED STATES",False,False,False,
526,MASSACHUSETTS L L C,19TH & MASSACHUSETTS LLC,603 157 573,58913,"5954 24TH AVENUE SOUTH, SEATTLE, WA, 98108, UNITED STATES",False,False,False,
527,MASSACHUSETTS L L C,"4TH & MASSACHUSETTS, LLC",602 365 185,344669,"2828 THORNDYKE AVE W, SUITE 545, SEATTLE, WA, 98199-2980, UNITED STATES",False,False,False,
528,MASSACHUSETTS L L C,"ALLIED NORTH AMERICA INSURANCE BROKERAGE OF MASSACHUSETTS, LLC",602 904 015,28035,"10 LINCOLN PL #116, FOXBOROUGH, MA, 02035, UNITED STATES",False,False,False,
529,MASSACHUSETTS L L C,"AON RISK SERVICES, INC. OF MASSACHUSETTS",602 236 873,35429,,True,False,False,
530,MASSACHUSETTS L L C,"ARTHUR J. GALLAGHER AND CO. OF MASSACHUSETTS, INC.",602 350 822,30686,"50 BRAINTREE HILL OFFICE PARK, BRAINTREE, MA, 02184, UNITED STATES",False,False,False,
531,MASSACHUSETTS L L C,"AVE MASSACHUSETTS, INC.",601 902 596,555319,,True,False,False,
532,MASSACHUSETTS L L C,"BROWN & BROWN OF MASSACHUSETTS, LLC",604 369 566,1245585,"980 WASHINGTON STREET, SUITE 325, DEDHAM, MA, 02026, UNITED STATES",False,False,False,
533,MASSACHUSETTS L L C,"CAREMARK MASSACHUSETTS SPECIALTY PHARMACY, L.L.C.",604 545 948,1393003,"1 CVS DRIVE, WOONSOCKET, RI, 02895, UNITED STATES",False,False,False,
534,MASSACHUSETTS L L C,"CFS OF MASSACHUSETTS, L.L.C.",602 112 597,619162,,True,False,False,
535,MASSACHUSETTS L L C,"EMPLOYEE SECURITY OF MASSACHUSETTS, INC.",601 739 906,680352,,True,False,False,
536,MASSACHUSETTS L L C,"HOME COMPANY, A MASSACHUSETTS TRUST",602 305 735,232547,"3801 W WASHINGTON AVE, YAKIMA, WA, 98903-1181, UNITED STATES",True,False,False,
537,MASSACHUSETTS L L C,"ICONGROUPE MASSACHUSETTS, LLC",602 887 715,750713,"1941 1ST AVE S #3A, SEATTLE, WA, 98134, UNITED STATES",False,False,False,
538,MASSACHUSETTS L L C,"INFOR GLOBAL SOLUTIONS (MASSACHUSETTS), INC.",601 241 005,740052,,True,False,False,
539,MASSACHUSETTS L L C,ISLAMIC ASSOCIATION OF MASSACHUSETTS INCORPORATED DBA ISLAMIC ASSOCIATION OF MASSACHUSETTS,604 614 130,1360089,"11908 110TH AVE NE, KIRKLAND, WA, 98034-7004, UNITED STATES",False,False,False,
540,MASSACHUSETTS L L C,J.L.E. MASSACHUSETTS LLC,603 537 958,766887,"600 UNIVERSITY ST, SUITE 1925, SEATTLE, WA, 98101-4162, UNITED STATES",False,False,False,
541,MASSACHUSETTS L L C,"K B TOY OF MASSACHUSETTS, INC.",601 759 212,261804,,True,False,False,
542,MASSACHUSETTS L L C,LIFT II SOUTH MASSACHUSETTS LLC,604 840 161,1514154,"180 SUTTER ST STE 400, SAN FRANCISCO, CA, 94104-4007, UNITED STATES",False,False,False,
543,MASSACHUSETTS L L C,"MANAGEMENT CONSULTANTS, A MASSACHUSETTS TRUST",602 305 731,804859,"3801 W WASHINGTON AVE, YAKIMA, WA, 98903-1181, UNITED STATES",True,False,False,
544,MASSACHUSETTS L L C,"MASON & MASON TECHNOLOGY INSURANCE SERVICES, INC., A MASSACHUSETTS INSURANCE AGENCY",602 165 898,201848,"458 SOUTH AVE, WHITMAN, MA, 02382-2056, UNITED STATES",False,False,False,
545,MASSACHUSETTS L L C,"MASSACHUSETTS GENERAL PHYSICIANS ORGANIZATION, INC. DBA MASSACHUSETTS GENERAL PHYSICIANS ORGANIZATION",604 816 154,1496976,"55 FRUIT ST, BOSTON, MA, 02114-2621, UNITED STATES",False,False,False,
546,MASSACHUSETTS L L C,MASSACHUSETTS HIGHER EDUCATION ASSISTANCE CORPORATION DBA MASSACHUSETTS HIGHER EDUCATION ASSISTANCE,602 393 035,342558,"33 ARCH ST, SUITE 2100, BOSTON, MA, 02110-1442, UNITED STATES",False,False,False,
547,MASSACHUSETTS L L C,MASSACHUSETTS INVESTMENTS LLC,602 580 534,322132,"11713 NE 99TH ST #1000 72, VANCOUVER, WA, 98682, UNITED STATES",False,False,False,
548,MASSACHUSETTS L L C,MASSACHUSETTS L.L.C.,601 677 861,833415,"600 UNIVERSITY ST, ONE UNION SQUARE, SUITE 1925, SEATTLE, WA, 98101-4162, UNITED STATES",False,False,False,
549,MASSACHUSETTS L L C,MASSACHUSETTS PLACE CONDOMINIUM,603 052 365,320941,"3040 78TH AVE SE # 81, MERCER ISLAND, WA, 98040-3098, UNITED STATES",False,False,False,
550,MASSACHUSETTS L L C,"MASSACHUSETTS PROPERTIES, LLC",603 386 769,831679,,True,False,False,
551,NICOLA SOUTH HANFORD LP,NICOLA SOUTH HANFORD LP,604 799 158,1487106,"600 UNIVERSITY ST, SUITE 2310, SEATTLE, WA, 98101-4112, UNITED STATES",False,False,False,
552,DANIEL SMITH INC,"DANIEL C. SMITH AND ASSOCIATES, INC",603 270 207,643885,,False,False,False,
553,DANIEL SMITH INC,DANIEL P. SMITH LTD,603 240 447,155289,"1100 HESSE BLVD #20, REPUBLIC, WA, 99166, UNITED STATES",False,False,False,
554,DANIEL SMITH INC,DANIEL SMITH INC.,600 383 835,645044,"4150 1ST AVE S, SEATTLE, WA, 98134-2302, UNITED STATES",True,False,False,
555,DANIEL SMITH INC,DANIEL SMITH SOCIAL MEDIA LLC,604 641 370,1380080,"4150 1ST AVE S, SEATTLE, WA, 98134-2302, UNITED STATES",True,False,False,
556,DANIEL SMITH INC,DANIEL SMITH STORES LLC,603 461 975,121458,"4150 1ST AVE S, SEATTLE, WA, 98134-2302, UNITED STATES",True,False,False,
557,DANIEL SMITH INC,"LAW OFFICE OF DANIEL J. SMITH, PLLC",603 450 558,277114,"145 NW 85TH ST, SUITE 103, SEATTLE, WA, 98117-3148, UNITED STATES",False,False,False,
558,JMDH REAL ESTATE OF SEATTLE LLC,"JMDH REAL ESTATE OF SEATTLE, LLC",602 877 236,173793,"1710 WHITESTONE EXPY, WHITESTONE, NY, 11357-3054, UNITED STATES",False,False,False,
559,BEL TEMPO LLC,BEL TEMPO LLC,604 863 718,1526799,"1380 112TH AVE NE, STE 200, BELLEVUE, WA, 98004-3759, UNITED STATES",False,False,False,
560,1000 1ST AVENUE SOUTH LIMITED PARTNERSHIP,1000 1ST AVENUE SOUTH LIMITED PARTNERSHIP,602 646 346,1629,"270 S HANFORD ST #100, SEATTLE, WA, 98134, UNITED STATES",False,False,False,
561,1016 1ST AVE SOUTH LP,1016 1ST AVENUE SOUTH LIMITED PARTNERSHIP,602 588 181,1471,"270 S HANFORD ST #100, SEATTLE, WA, 98134, UNITED STATES",False,False,False,
562,PORT SEATTLE,AIRPORT SEATTLE TRANSPORT LLC,603 401 800,26849,"8412 139TH AVE NE, REDMOND, WA, 98052-1980, UNITED STATES",False,False,False,
563,PORT SEATTLE,"AN F. IMPORTS OF SEATTLE, INC.",603 089 170,31664,"200 SW 1ST AVE 14TH FL, FORT LAUDERDALE, FL, 33301, UNITED STATES",False,False,False,
564,PORT SEATTLE,"AN IMPORTS OF SEATTLE, INC.",603 018 880,550308,"200 SW 1ST AVE, FT LAUDERDALE, FL, 33301, UNITED STATES",False,False,False,
565,PORT SEATTLE,ARENA SPORTS SEATTLE LLC,602 082 555,555198,"4636 E MARGINAL WAY S, SEATTLE, WA, 98134-2382, UNITED STATES",False,False,False,
566,PORT SEATTLE,"ESPORTS ARENA SEATTLE, LLC",604 177 204,666313,"120 W 5TH STREET, SANTA ANA, CA, 92701, UNITED STATES",False,False,False,
567,PORT SEATTLE,INDO-AMERICAN  SPORTS CLUB OF SEATTLE,604 788 866,1480407,"11804 SE 218TH PL, KENT, WA, 98031-9697, UNITED STATES",False,False,False,
568,PORT SEATTLE,INDO-AMERICAN SPORTS TRAINING CENTRE SEATTLE,602 429 358,747096,"12437 SE 297TH PL, AUBURN, WA, 98092, UNITED STATES",False,False,False,
569,PORT SEATTLE,"MCCARTHY SPORTS SEATTLE, INC.",602 260 866,203112,"10830 NE 2ND PL, BELLEVUE, WA, 98004, UNITED STATES",False,False,False,
570,PORT SEATTLE,NEWPORT WEST SEATTLE 18TH LLC,604 973 744,1598169,"4958 126TH AVE SE, BELLEVUE, WA, 98006-2939, UNITED STATES",True,False,False,
571,PORT SEATTLE,NEWPORT WEST SEATTLE LLC,604 230 415,1186818,,True,True,True,
572,PORT SEATTLE,NEWPORT WEST SEATTLE LLC,604 230 415,1186818,"4958 126TH AVE SE, BELLEVUE, WA, 98006-2939, UNITED STATES",True,True,True,
573,PORT SEATTLE,"PEAK SPORTS AND SPINE PHYSICAL THERAPY - SEATTLE, P.S.",603 132 447,1140415,,True,False,False,
574,PORT SEATTLE,PORT OF SEATTLE FIREFIGHTERS DIVERSITY ASSOCIATION,603 078 895,380540,"2400 S 170TH ST, SEATAC, WA, 98158-1112, UNITED STATES",False,False,False,
575,PORT SEATTLE,PORTABLE POWER OF SEATTLE INC.,604 574 427,1337669,,True,False,False,
576,PORT SEATTLE,PORTLAND SEATTLE EXPRESS LLC,602 106 554,385217,,True,False,False,
577,PORT SEATTLE,"PROPELLER CLUB OF THE UNITED STATES, PORT OF SEATTLE",604 755 313,1454550,"100 W HARRISON ST STE S560, SEATTLE, WA, 98119-4162, UNITED STATES",False,False,False,
578,PORT SEATTLE,"SANDBOX SPORTS SEATTLE, LLC",602 476 412,921966,"5955 AIRPORT WAY S, SEATTLE, WA, 98108-2715, UNITED STATES",False,False,False,
579,PORT SEATTLE,"SKY HIGH SPORTS SEATTLE OPERATIONS, LLC",603 018 629,986936,"1445 120TH AVE NE, BELLEVUE, WA, 98005, UNITED STATES",True,False,False,
580,PORT SEATTLE,"SKY HIGH SPORTS SEATTLE, LLC",602 924 755,430538,"1445 120TH AVE NE, BELLEVUE, WA, 98005, UNITED STATES",True,False,False,
581,PORT SEATTLE,"SPOKANE, PORTLAND & SEATTLE RAILWAY HISTORICAL SOCIETY",601 832 829,968221,"14037 NW COUNTRY WOODS LN, PORTLAND, OR, 97231-2666, UNITED STATES",False,False,False,
582,PORT SEATTLE,"SPOKANE, PORTLAND AND SEATTLE, LLC",602 918 078,441290,"5005 3RD AVE S, PO BOX 24567, SEATTLE, WA, 98134-2423, UNITED STATES",False,False,False,
583,PORT SEATTLE,"SPORT SEATTLE, LLC",602 309 788,451273,"140 4TH AVE N STE 130, SEATTLE, WA, 98109, UNITED STATES",False,False,False,
584,PORT SEATTLE,SPORTS SEOUL-SEATTLE LLC,602 688 267,982861,"33516 9TH AVE S BLDG F, FEDERAL WAY, WA, 98003, UNITED STATES",False,False,False,
585,PORT SEATTLE,"THE NATIONAL MANAGEMENT ASSOCIATION, PORT OF SEATTLE CHAPTER",601 490 891,1020015,"2711 ALASKAN WAY, SEATTLE, WA, 98121-1107, UNITED STATES",False,False,False,
586,PORT SEATTLE,THE PORT OF SEATTLE POLICE DEPARTMENT BENEVOLENT ASSOCIATION,601 157 844,475055,"17801 PACIFIC HWY S, SEATAC, WA, 98158-1202, UNITED STATES",False,False,False,
587,PREDATION LLC,PREDATION LLC,602 440 221,936426,"270 S HANFORD ST, SUITE 100, SEATTLE, WA, 98134-1926, UNITED STATES",False,False,False,
588,PREDATION LLC,PREDATION CROSSFIT LLC,603 113 650,383784,"3627 E SPRINGFIELD AVE, SPOKANE, WA, 99202-4641, UNITED STATES",False,False,False,
589,PACIFIC MILLENNIAL REALTY LLC,PACIFIC MILLENNIAL REALTY LLC,603 547 586,366935,"2343 EVERGREEN POINT RD, MEDINA, WA, 98039, UNITED STATES",False,False,False,
590,FM 1703 6TH AVE SOUTH LLC,FM 1703 6TH AVE SOUTH LLC,604 759 101,1457275,"1191 2ND AVE STE 2000, SEATTLE, WA, 98101-3404, UNITED STATES",False,False,False,
591,RS KOHLS PROPERTIES LLC,"RS KOHLS PROPERTIES CA, LLC",602 629 601,945767,"1420 5TH AVE STE 3400, SEATTLE, WA, 98101-4010, UNITED STATES",True,False,False,
592,RS KOHLS PROPERTIES LLC,"RS KOHLS PROPERTIES ID, LLC",602 629 602,960227,"1420 5TH AVE STE 3400, SEATTLE, WA, 98101-4010, UNITED STATES",True,False,False,
593,RS KOHLS PROPERTIES LLC,"RS KOHLS PROPERTIES, LLC",602 477 109,262035,"1420 5TH AVE STE 3400, SEATTLE, WA, 98101-4010, UNITED STATES",True,False,False,
