,SearchTerm,BusinessName,UBINumber,BusinessId,Address,address_match,ubi_match,id_match,IsMatch
0,ATHENAS OWL LLC,ATHENA'S OWL LLC,604 148 715,43935,"18110 96TH ST CT E, WOODINVILLE, WA, 98077, UNITED STATES",False,False,False,
1,MIRALY PATSM LLC,"MIRALY PATSM, LLC",603 329 443,353260,"2216 70TH AVE SE, MERCER ISLAND, WA, 98040, UNITED STATES",False,False,False,
2,TALL COMPANY LLC,"""ENGINEERED INSTALLATION, LLC""",603 011 501,368,"3201 E. 24TH AVE, SPOKANE, WA, 99223, UNITED STATES",False,False,False,
3,TALL COMPANY LLC,"#TALLWITITALL, LLC.  LIMITED LIABILITY COMPANY",604 652 374,1384021,"1423 E 38TH ST, TACOMA, WA, 98404, UNITED STATES",False,False,False,
4,TALL COMPANY LLC,(D.S.) DON'T STALL CONSTRUCTION AND REMODELING L.L.C.,604 227 937,1185208,"682 SW 96TH CIR, SEATTLE, WA, 98106-3804, UNITED STATES",False,False,False,
5,TALL COMPANY LLC,1 EZ SEPTIC SYSTEM INSTALLER LLC,604 628 096,1371348,"906 PARALLEL ST, MILTON FRWTR, OR, 97862-9737, UNITED STATES",False,False,False,
6,TALL COMPANY LLC,1-EPIC INSTALLATION LLC,603 416 304,4675,"2816 96TH ST E, TACOMA, WA, 98445, UNITED STATES",False,False,False,
7,TALL COMPANY LLC,"10K CRAFT INSTALL, LLC",604 633 185,1376016,"2126 E BAKERVIEW RD, BELLINGHAM, WA, 98226-8000, UNITED STATES",False,False,False,
8,TALL COMPANY LLC,"12 FEET TALL, LLC",604 782 414,1472856,"227 N MAHAFFEY RD, KELSO, WA, 98626-8904, UNITED STATES",False,False,False,
9,TALL COMPANY LLC,1277 INVESTMENT ALLIANCE LLC,604 879 247,1539911,"800 S MICHIGAN ST STE D, SEATTLE, WA, 98108-2655, UNITED STATES",True,False,False,
10,TALL COMPANY LLC,"135 KIRKSTALL, INC.",601 657 434,58919,"13118 NE 4TH ST, SUITE 101, VANCOUVER, WA, 98684-5809, UNITED STATES",False,False,False,
11,TALL COMPANY LLC,"16008 CRYSTAL LANE EAST, LLC",602 940 406,61193,"16008 CRYSTAL LN E, ENUMCLAW, WA, 98022, UNITED STATES",False,False,False,
12,TALL COMPANY LLC,1914 POST ALLEY LLC,602 780 605,61461,"1914 POST ALLEY, SEATTLE, WA, 98101, UNITED STATES",False,False,False,
13,TALL COMPANY LLC,"1ST ALLIANCE LENDING, LLC",603 195 182,4840,"111 FOUNDERS PLZ, SUITE 1300, EAST HARTFORD, CT, 06108-8315, UNITED STATES",False,False,False,
14,TALL COMPANY LLC,200 TALLEY WAY LLC,604 047 118,2673,"2912 CEDAR ST, EVERETT, WA, 98201-3722, UNITED STATES",False,False,False,
15,TALL COMPANY LLC,2209 TALLEY WAY LLC,604 970 540,1597666,"4742 42ND AVE SW # 156, SEATTLE, WA, 98116-4553, UNITED STATES",False,False,False,
16,TALL COMPANY LLC,2ND CHANCE INSTALLATIONS LLC,604 997 939,1613743,"3102 BELL RD NE STE 3, MOSES LAKE, WA, 98837-8313, UNITED STATES",False,False,False,
17,TALL COMPANY LLC,2TALL OR DIE LLC,604 775 353,1474450,"731 SW 339TH ST, FEDERAL WAY, WA, 98023-7883, UNITED STATES",False,False,False,
18,TALL COMPANY LLC,2TALL STUDIO LLC,603 424 508,62944,"6229 185TH PL SW, LYNNWOOD, WA, 98037-7231, UNITED STATES",False,False,False,
19,TALL COMPANY LLC,"3 WORLD BRIGHT ALLIANCES, LLC",603 228 460,1092166,"35 LEWIS PEAK RD, WAITSBURG, WA, 99361, UNITED STATES",False,False,False,
20,TALL COMPANY LLC,327 INSTALLATIONS LLC,603 433 120,8050,"1938 S CLOVER DR, SPOKANE VALLEY, WA, 99016, UNITED STATES",False,False,False,
21,TALL COMPANY LLC,327INSTALLATIONS LLC,604 788 521,1478620,"8915 E HARRINGTON AVE, SPOKANE VLY, WA, 99212-2807, UNITED STATES",False,False,False,
22,TALL COMPANY LLC,"360 DENTAL LABORATORY, LLC",603 416 578,8248,"7039 NE 138TH ST, KIRKLAND, WA, 98034, UNITED STATES",False,False,False,
23,TALL COMPANY LLC,"426 WEST ALLYN STREET, LLC",604 939 156,1576184,"721 NORBY LN, WHITE SALMON, WA, 98672-2115, UNITED STATES",False,False,False,
24,TALL COMPANY LLC,"4545 INVESTMENT ALLIANCE, LLC",604 942 819,1576960,"800 S MICHIGAN ST STE D, SEATTLE, WA, 98108-2655, UNITED STATES",True,False,False,
25,TALL COMPANY LLC,"48 HOUR LAMINATE INSTALLATION, LLC",602 733 752,8924,"7683 SE 27TH ST #264, MERCER ISLAND, WA, 98040, UNITED STATES",False,False,False,
26,TALL COMPANY LLC,"5 ELEMENTS ALLIANCE, L.L.C.",604 507 689,1309316,"12345 LAKE CITY WAY NE APT 2021, SEATTLE, WA, 98125-5401, UNITED STATES",False,False,False,
27,SWEENEY ORCHARDS TWO LLC,"SWEENEY ORCHARDS TWO, LLC",604 205 552,1172320,"4422 36TH AVE SW, SEATTLE, WA, 98126-2622, UNITED STATES",False,False,False,
28,FAIRWAY BUILDING LLC,FAIRWAY BUILDING LLC,603 048 672,672569,"2611 NE 113TH ST STE 300, SEATTLE, WA, 98125-6700, UNITED STATES",False,False,False,
29,BARTON COURT ASSOCIATES LLC,BARTON COURT ASSOCIATES LLC,602 064 372,569203,"1938 43RD AVE E, SEATTLE, WA, 98112-3235, UNITED STATES",False,False,False,
30,HUNTINGTON RETIREMENT HOMES,"HUNTINGTON RETIREMENT HOMES, INC.",601 117 483,745235,"2615 SW BARTON ST, SEATTLE, WA, 98126, UNITED STATES",False,False,False,
31,HILL CREST WEST SEATTLE LLC,"HILL CREST WEST SEATTLE, L.L.C.",602 258 029,230327,"219 E GARFIELD ST STE 600, SEATTLE, WA, 98102-3785, UNITED STATES",False,False,False,
32,SOCKO LLC,SOCKO LLC,603 248 284,445854,"2753 124TH AVE SE, BELLEVUE, WA, 98005-4100, UNITED STATES",False,False,False,
33,SVF LINK SEATTLE LLC,"SVF LINK SEATTLE, LLC",603 186 338,455653,"C/O AMERICAN REALTY ADVISORS, 515 S. FLOWER ST 49TH FLOOR, LOS ANGELES, CA, 90071, UNITED STATES",False,False,False,
34,CBYW WEST SEATTLE PROPCO LLC,CBYW WEST SEATTLE PROPCO LLC,604 054 510,600046,"4500 DORR ST, TOLEDO, OH, 43615, UNITED STATES",False,False,False,
35,AVALON WEST PARTNERS LLC,"AVALON WEST PARTNERS, LLC",603 459 868,46198,"19009 PARK COMMONS DR, BEND, OR, 97703-6790, UNITED STATES",False,False,False,
36,SEACLIFF WESTSIDE II LLC,"SEACLIFF WESTSIDE II, LLC",603 447 728,942513,"1000 S SEAWARD AVE, VENTURA, CA, 93001-3735, UNITED STATES",False,False,False,
37,SEACLIFF GOTHARD L L C,"SEACLIFF GOTHARD, LLC",603 365 187,958905,"133 W DE LA GUERRA ST, SANTA BARBARA, CA, 93101, UNITED STATES",False,False,False,
38,NOVA APARTMENTS LLC,"NOVA APARTMENTS, LLC",604 460 769,1285457,"6043 TAMPA AVE STE 101A, TARZANA, CA, 91356-1194, UNITED STATES",False,False,False,
39,NOVA APARTMENTS LLC,SNO-VALLEY AFFORDABLE SENIOR APARTMENTS LLC,605 113 765,1642609,"31845 W COMMERCIAL ST, CARNATION, WA, 98014, UNITED STATES",False,False,False,
40,TELFORD HOLDINGS INCORPORATED,TELFORD HOLDINGS INCORPORATED,601 215 586,467039,"6025 CARNARVON STREET, VANCOUVER, BC, V6N 1J9, CANADA",False,False,False,
41,LIFE YANCY 653 LLC,LIFE YANCY 653 LLC,604 520 247,1311578,"LIFE STORAGE 6467 MAIN ST, WILLIAMSVILLE, NY, 14221, UNITED STATES",False,False,False,
42,HULING BROS PROP LLC,HULING BROS. PROPERTIES L.L.C.,602 380 287,741858,"5025 CALIFORNIA AVE SW STE 105, SEATTLE, WA, 98136-1251, UNITED STATES",False,False,False,
43,PCK-DLK LLC,"PCK-DLK II, LLC",603 050 069,376218,"4600 37TH AVE SW, SEATTLE, WA, 98126-2720, UNITED STATES",False,False,False,
44,PCK-DLK LLC,PCK-DLK L.L.C.,604 498 616,1307775,"16340 MAPLEWILD AVE SW, BURIEN, WA, 98166-3130, UNITED STATES",False,False,False,
45,PCK-DLK LLC,"PCK-DLK, LLC",602 850 779,900921,"4600 37TH AVE SW, SEATTLE, WA, 98126, UNITED STATES",False,False,False,
46,NORTHGATE INNS INC,"NORTHGATE CINNABON, LLC",603 193 744,354014,"424 NORTHGATE MALL, SEATTLE, WA, 98125, UNITED STATES",False,False,False,
47,NORTHGATE INNS INC,"NORTHGATE INNS, INC.",601 703 546,895045,"9600 HARBOUR PL, MUKILTEO, WA, 98275-4262, UNITED STATES",False,False,False,
48,SEATTLE HOTEL INVESTMENT LLC,SEATTLE HOTEL INVESTMENT LLC,604 067 358,959493,"2628 108TH AVE NE, BELLEVUE, WA, 98004, UNITED STATES",False,False,False,
49,SEATTLE HOTEL INVESTMENT LLC,"ALASKA-SEATTLE HOTEL INVESTMENTS, INC.",601 890 646,491246,,False,False,False,
50,NORTHWAY WEST LLC,NORTHWAY WEST L.L.C.,602 351 771,347090,"433 W ROLLING HILLS LN, WENATCHEE, WA, 98801-9161, UNITED STATES",False,False,False,
51,TLK PROPERTIES LLC,TLK PROPERTIES L.L.C.,602 191 912,485350,"433 W ROLLING HILLS LN, WENATCHEE, WA, 98801-9161, UNITED STATES",False,False,False,
52,EBERHARTER/MERIDIAN LLC,EBERHARTER/MERIDIAN LLC,602 935 741,139007,"3231 MAGNOLIA BLVD W, SEATTLE, WA, 98199-2414, UNITED STATES",False,False,False,
53,MGP X AURORA LLC,"MGP X AURORA, LLC",604 026 747,848464,"425 CALIFORNIA ST FL 10, SAN FRANCISCO, CA, 94104-2102, UNITED STATES",False,False,False,
54,MGP X AURORA LLC,"MGP XII SB AURORA, LLC",604 137 851,316875,"425 CALIFORNIA ST 10TH FL, SAN FRANCISCO, CA, 94104, UNITED STATES",False,False,False,
55,TWENTY-FOUR SAC SELF-STORAGE LP,TWENTY-FOUR SAC SELF-STORAGE GP CORPORATION,602 200 105,313634,"207 E CLARENDON AVE, PHOENIX, AZ, 85012-2072, UNITED STATES",True,False,False,
56,TWENTY-FOUR SAC SELF-STORAGE LP,TWENTY-FOUR SAC SELF-STORAGE LIMITED PARTNERSHIP,602 199 578,1002154,"207 E CLARENDON AVE, PHOENIX, AZ, 85012-2072, UNITED STATES",True,False,False,
57,RISE PROPERTIES ( CITYWALK)  LP,RISE PROPERTIES (CITYWALK) HOLDINGS LLC,604 194 265,1166221,"1518 1ST AVE S STE 500, SEATTLE, WA, 98134-1456, UNITED STATES",True,False,False,
58,RISE PROPERTIES ( CITYWALK)  LP,RISE PROPERTIES (CITYWALK) LIMITED PARTNERSHIP,604 194 161,1166230,"1518 1ST AVE S STE 500, SEATTLE, WA, 98134-1456, UNITED STATES",True,False,False,
59,DDH PARTNERS L L C,DDH PARTNERS LLC,604 083 735,142971,"2039 N 78TH ST, SEATTLE, WA, 98103, UNITED STATES",False,False,False,
60,GMC LLC,AGM CONSTRUCTION LLC,604 615 647,1362472,"12330 NORTHUP WAY, BELLEVUE, WA, 98005-1915, UNITED STATES",False,False,False,
61,GMC LLC,ALL G & M CONSTRUCTION LLC,604 253 056,1202922,"32520 NE 94TH ST, CAMAS, WA, 98607-8114, UNITED STATES",False,False,False,
62,GMC LLC,"ANTHONY G. MCLAUGHLIN, P.S.",601 840 642,38665,"7530 164TH AVE NE STE A130, REDMOND, WA, 98052, UNITED STATES",False,False,False,
63,GMC LLC,"BELLEVUE BUICK-PONTIAC-GMC TRUCK, INC.",601 582 815,578938,,True,False,False,
64,GMC LLC,"BERNEBURG & MCGUINNESS, P.L.L.P.",602 898 034,79495,"207 NORTH I STREET, TACOMA, WA, 98405, UNITED STATES",False,False,False,
65,GMC LLC,"BGGMC, LLC",604 029 489,56474,"1780 HUGHES LANDING BLVD, SUITE 400, THE WOODLANDS, TX, 77380, UNITED STATES",False,False,False,
66,GMC LLC,BGM CONSTRUCTION LLC,604 721 281,1437155,"522 W RIVERSIDE AVE STE N, SPOKANE, WA, 99201-0580, UNITED STATES",False,False,False,
67,GMC LLC,"BIG.MC, INC.",602 837 427,1099790,"1426 E 3RD AVE #C-102, KENNEWICK, WA, 99337, UNITED STATES",False,False,False,
68,GMC LLC,"BRYAN G. MCWHORTER, P.S.",604 068 001,595312,"925 4TH ATE STE 2500, SEATTLE, WA, 98104, UNITED STATES",False,False,False,
69,GMC LLC,"CGM CABINETRY AND DESIGN, LLC",602 826 991,97860,"1014 N 34TH AVE STE B, YAKIMA, WA, 98902-7438, UNITED STATES",False,False,False,
70,GMC LLC,"CGM CONSULTING, INC.",602 432 218,608491,"2811 106TH PL SE, BEAUX ARTS, WA, 98004-7433, UNITED STATES",False,False,False,
71,GMC LLC,CHENG MCGLASHAN LLC,604 149 130,606558,"14312 SALAL DR, EDMONDS, WA, 98026, UNITED STATES",False,False,False,
72,GMC LLC,"CHEVROLET BUICK GMC OF BELLEVUE, INC.",602 633 396,789735,"13400 NE 20TH ST, BELLEVUE, WA, 98005-2099, UNITED STATES",False,True,True,
73,GMC LLC,"CHEVROLET BUICK GMC OF PUYALLUP, INC.",603 019 104,101551,"800 RIVER RD, PUYALLUP, WA, 98371-4149, UNITED STATES",False,False,False,
74,GMC LLC,"CHEVROLET, BUICK, GMC OF BELLEVUE, INC.",602 633 396,789735,,True,True,True,
75,GMC LLC,"CHEVROLET, BUICK, GMC OF BELLEVUE, INC.",604 078 144,625730,"430 116TH AVE NE, BELLEVUE, WA, 98004-5209, UNITED STATES",False,False,False,
76,GMC LLC,"CLINT G. MCDERMOTT CPA, PLLC",604 687 569,1413204,"10108 DISTRICT LINE RD, BURLINGTON, WA, 98233-8715, UNITED STATES",False,False,False,
77,GMC LLC,"CRAIGMC, LLC",604 427 832,1276143,"843 NE 100TH ST, SEATTLE, WA, 98125-7415, UNITED STATES",False,False,False,
78,GMC LLC,"D.S.U.-PETERBILT & GMC, INC.",409 023 579,642438,,True,True,True,
79,GMC LLC,"DESERT BUICK-GMC, INC.",034 005 526,1109253,"2910 W CLEARWATER, KENNEWICK, WA, 99336, UNITED STATES",False,False,False,
80,GMC LLC,DGMC LLP,602 066 113,654563,"5102 MCNEILLY RD, COLFAX, WA, 99111-9663, UNITED STATES",False,False,False,
81,GMC LLC,DOUG MCCOLLUM INC,604 890 485,1549355,"3817 LAKERIDGE DR E, LAKE TAPPS, WA, 98391-6700, UNITED STATES",False,False,False,
82,GMC LLC,DOUG MCGEE MINISTRIES,601 758 056,658271,"805 32ND AVE, LONGVIEW, WA, 98632, UNITED STATES",False,False,False,
83,GMC LLC,"DSU-PETERBILT & GMC, INC.",409 023 579,642438,"2408 TALLEY WAY, KELSO, WA, 98626-5515, UNITED STATES",False,True,True,
84,GMC LLC,E.G. MCGUIRE & ASSOCIATES LLC,602 930 724,674329,"2814 NARROWS PLACE, TACOMA, WA, 98407, UNITED STATES",False,False,False,
85,COUCH INVESTMENTS IV,COUCH INVESTMENTS IV LLC,604 211 222,1179320,"650 OXFORD STREET, SUITE 3, PALO ALTO, WA, 94306, UNITED STATES",False,False,False,
86,1011 E TERRACE ST OWNER LLC,"1011 E TERRACE ST OWNER, LLC",604 795 740,1484822,"15 LAKE BELLEVUE DR STE 200, BELLEVUE, WA, 98005-2485, UNITED STATES",False,False,False,
87,SPRUCE APARTMENTS LLC,SPRUCE APARTMENTS LLC,601 987 042,1001031,"6305 79TH AVE SE, MERCER ISLAND, WA, 98040-4830, UNITED STATES",False,False,False,
88,SPRUCE APARTMENTS LLC,"VBC SPRUCE STREET APARTMENTS, INC.",602 570 883,1084081,"1911 65TH AVE W, TACOMA, WA, 98466-6225, UNITED STATES",False,False,False,
89,SPRUCE APARTMENTS LLC,"VBC SPRUCE STREET II APARTMENTS, INC.",602 698 043,1077705,"1911 65TH AVE W, TACOMA, WA, 98466, UNITED STATES",False,False,False,
90,JBJ ALDERVIEW LLC,JBJ ALDERVIEW LLC,603 121 318,792510,"2001 WESTERN AVE STE 330, SEATTLE, WA, 98121-2133, UNITED STATES",False,False,False,
91,EQR-CHLOE LLC,EQR-CHLOE LLC,604 238 904,1191420,"TWO NORTH RIVERSIDE PLAZA, SUITE 400, CHICAGO, IL, 60606, UNITED STATES",False,False,False,
92,BRYSON PROPERTIES L L C,"BRYSON PROPERTIES, LLC",602 132 007,586418,"6518 RAVENNA AVE NE, SEATTLE, WA, 98115-7041, UNITED STATES",False,False,False,
93,MOUNT ZION MADISON STREET PROPERTIES,MOUNT ZION MADISON STREET PROPERTIES,601 682 270,825988,"12729 NORTHUP WAY STE 20, BELLEVUE, WA, 98005-1935, UNITED STATES",False,False,False,
94,EQR-320 PINE LLC,"EQR-320 PINE, LLC",603 401 449,190555,"TWO NORTH RIVERSIDE PLAZA, SUITE 400, CHICAGO, IL, 60606, UNITED STATES",False,False,False,
95,BELLEVUE TERRACE L L C,"BELLEVUE CEDAR TERRACE PARTNERS, LTD., L.P.",601 211 193,556072,,False,False,False,
96,BELLEVUE TERRACE L L C,BELLEVUE TERRACE APARTMENTS LLC,603 088 161,569722,"320 172 PL NE, BELLEVUE, WA, 98008, UNITED STATES",False,False,False,
97,BELLEVUE TERRACE L L C,BELLEVUE TERRACE LLC,602 849 926,569723,"320 172ND PL NE, BELLEVUE, WA, 98008, UNITED STATES",False,False,False,
98,BELLEVUE TERRACE L L C,SMARTCAP BELLEVUE TERRACE OFFICE PARK LLC,604 799 929,1486278,"8201 164TH AVE NE STE 105, BELLEVUE, WA, 98006, UNITED STATES",False,False,False,
99,CAPITOL STEPS L.L.C,"CAPITOL STEPS, L.L.C.",601 675 552,1102898,"11747 NE 1ST ST STE 220, BELLEVUE, WA, 98005-3054, UNITED STATES",False,False,False,
100,BELLEVUE OLIVE LLC,BELLEVUE OLIVE LLC,603 038 451,63800,"433 MINOR AVE N, SEATTLE, WA, 98109-5439, UNITED STATES",False,False,False,
101,BELLEVUE OLIVE LLC,BELLEVUE/OLIVE APARTMENTS LIMITED PARTNERSHIP,601 490 202,1099163,,False,False,False,
102,BATTERY STREET LTD,"BATTERY STREET BLUES, L.L.C.",601 788 867,1098586,,False,False,False,
103,BATTERY STREET LTD,"BATTERY STREET ENERGY, INC.",602 956 829,573742,"309 S CLOVERDALE ST STE C10, SEATTLE, WA, 98108-4570, UNITED STATES",False,False,False,
104,BATTERY STREET LTD,"BATTERY STREET PROPERTIES, LLC",604 659 044,1387063,"2701 ARIZONA ST NE, ALBUQUERQUE, UT, 87110-3330, UNITED STATES",False,False,False,
105,BATTERY STREET LTD,"BATTERY STREET, LTD.",601 811 395,563335,"14410 NE BEL RED RD, BELLEVUE, WA, 98007-3953, UNITED STATES",False,False,False,
106,BURLINGAME PARTNERS L P,BURLINGAME PARTNERS LP,602 721 446,597418,"720 SENECA ST #B, SEATTLE, WA, 98101, UNITED STATES",False,False,False,
107,BOYLSTON HOWELL APARTMENTS LLC,BOYLSTON HOWELL APARTMENTS LLC,604 667 948,1401838,"1620 12TH AVE, STE 205, SEATTLE, WA, 98122-2568, UNITED STATES",False,False,False,
108,SUMMIT ARMS LLC,SUMMIT ARMS LLC,602 071 021,1010962,"1200 ALKI AVE SW, UNIT 1, SEATTLE, WA, 98116-4883, UNITED STATES",False,False,False,
109,SUMMIT ARMS LLC,SUMMIT ARMORY INC.,603 228 048,452083,"15300 WOODINVILLE REDMOND RD, SUITE C2, WOODINVILLE, WA, 98072, UNITED STATES",False,False,False,
110,SUMMIT ARMS LLC,"SUMMIT FARM, LLC",604 062 739,992526,"9616 52ND AVE E, TACOMA, WA, 98466, UNITED STATES",False,False,False,
111,SUMMIT ARMS LLC,"SUMMIT FARMS FRESH PRODUCE & MEAT, LLC",603 407 685,978387,,False,False,False,
112,SUMMIT ARMS LLC,SUMMIT FARMS LLC,604 726 592,1445547,"11815 WHITEHALL LN SE, OLYMPIA, WA, 98501-3089, UNITED STATES",False,False,False,
113,SUMMIT ARMS LLC,SUMMIT HEIGHTS FARM LLC,604 127 374,449367,"15618 S MOUNTAIN RIDGE CT, KENNEWICK, WA, 99338, UNITED STATES",False,False,False,
114,SUMMIT ARMS LLC,"SUMMIT PHARMACY, INC.",604 185 587,449474,"100 N HOWARD ST STE R, SPOKANE, WA, 99201-0508, UNITED STATES",False,False,False,
115,MANCHESTER SERIES 1 LLC,MANCHESTER SERIES 1 LLC,604 883 990,1546437,"3458 SW DOSCHVIEW COURT, PORTLAND, OR, 97239, UNITED STATES",False,False,False,
116,SUMMIT HOUSE APARTMENTS REAL ESTATE INVESTMENTS LLC,SUMMIT HOUSE APARTMENTS REAL ESTATE INVESTMENT LIMITEDLIABILITY COMPANY,602 322 780,978393,"417 NW 163RD ST, SHORELINE, WA, 98177-3725, UNITED STATES",False,False,False,
117,CHARBERN L L C,"CHARBERN APTS., L.L.C.",602 046 134,101490,"219 E GARFIELD ST STE 600, SEATTLE, WA, 98102-3785, UNITED STATES",False,False,False,
118,BOYLSTON FLATS LLC,BOYLSTON FLATS LLC,603 409 342,70638,"506 2ND AVE, SUITE 1020, SEATTLE, WA, 98104-2328, UNITED STATES",False,False,False,
119,MADISON PLACE AT 19TH L L C,MADISON PLACE AT 19TH LLC,601 863 275,1130932,"8117 SE 76TH ST, MERCER ISLAND, WA, 98040, UNITED STATES",False,False,False,
120,OLYMPIAN LLC,"ACADEMIC OLYMPIANS, LLC",603 120 308,12957,"7825 HARGIS ST NW, OLYMPIA, WA, 98502, UNITED STATES",False,False,False,
121,OLYMPIAN LLC,EAST OLYMPIA NEIGHBORHOOD ASSOCIATION,602 098 690,154633,"PO BOX 796, EAST OLYMPIA, WA, 98540, UNITED STATES",False,False,False,
122,OLYMPIAN LLC,GCD OLYMPIAN MACHINERY LLC,603 146 147,1116464,,True,False,False,
123,OLYMPIAN LLC,GCD OLYMPIAN MACHINERY LLC,604 959 804,1587289,"32207 83RD DR NW, STANWOOD, WA, 98292-5800, UNITED STATES",False,False,False,
124,OLYMPIAN LLC,"HG OLYMPIAN PROPERTIES, LLC",604 758 552,1458683,"130 OLYMPIAN WAY, PORT ANGELES, WA, 98362-9175, UNITED STATES",False,False,False,
125,OLYMPIAN LLC,INSIDE OUT FITNESS BY OLYMPIAN JULIA RUSSELL LLC,604 949 186,1588115,"788 110TH AVE NE APT N2601, BELLEVUE, WA, 98004-4201, UNITED STATES",False,False,False,
126,OLYMPIAN LLC,KELLY'S OLYMPIAN LLC,604 801 671,1489553,"301 N 5TH ST, TACOMA, WA, 98403-3207, UNITED STATES",False,False,False,
127,OLYMPIAN LLC,NORTHWEST OLYMPIA NEIGHBORHOOD ASSOCIATION,602 044 588,346767,"PO BOX 12378, OLYMPIA, WA, 98508, UNITED STATES",False,False,False,
128,OLYMPIAN LLC,"OLYMPIA NATUROPATHIC CARE, L.L.C.",602 866 917,357712,"6326 MARTIN WAY E STE 205, LACEY, WA, 98516, UNITED STATES",False,False,False,
129,OLYMPIAN LLC,OLYMPIA NATUROPATHIC MEDICINE LLC,604 884 595,1547667,"1212 4TH AVE E, OLYMPIA, WA, 98506-4212, UNITED STATES",False,False,False,
130,OLYMPIAN LLC,OLYMPIA NEUROLOGY PLLC,602 098 189,1138209,"3724 PIFER CT SE, OLYMPIA, WA, 98501-4160, UNITED STATES",False,False,False,
131,OLYMPIAN LLC,"OLYMPIA NEUROMUSCULAR MASSAGE THERAPY, INC., P.S.",601 489 234,352984,"9722 DEMPSEY LN SW, OLYMPIA, WA, 98512-9370, UNITED STATES",False,False,False,
132,OLYMPIAN LLC,"OLYMPIA NEUROTHERAPY, PLLC",604 297 895,1219387,"2118 CATON WAY SW, OLYMPIA, WA, 98502-1105, UNITED STATES",False,False,False,
133,OLYMPIAN LLC,"OLYMPIA NOISE COMPANY, LLC",603 569 565,228152,"1930 EASTWOOD DR SE, OLYMPIA, WA, 98501-3038, UNITED STATES",False,False,False,
134,OLYMPIAN LLC,"OLYMPIA NORTHWEST FLOOR COVERINGS, LLC",602 060 440,1138211,"3341 STIKES DR SE, LACEY, WA, 98503, UNITED STATES",False,False,False,
135,OLYMPIAN LLC,OLYMPIA NURSING SERVICES LLC,603 343 351,878826,"11815 110TH AVE E, PUYALLUP, WA, 98374-2132, UNITED STATES",False,False,False,
136,OLYMPIAN LLC,OLYMPIA NW LLC,604 866 991,1535469,"7250 RAINIER AVE S, SEATTLE, WA, 98118-3884, UNITED STATES",False,False,False,
137,OLYMPIAN LLC,"OLYMPIAN BODY, LLC",603 016 693,357723,"7910 114TH LN SW, OLYMPIA, WA, 98512, UNITED STATES",False,False,False,
138,OLYMPIAN LLC,OLYMPIAN CARE,603 175 941,360770,,True,False,False,
139,OLYMPIAN LLC,OLYMPIAN CARE L.L.C.,603 019 025,228164,"1212 W 11TH ST, PORT ANGELES, WA, 98363, UNITED STATES",False,False,False,
140,OLYMPIAN LLC,"OLYMPIAN DIGITAL MARKETING, LLC",604 605 710,1353017,"4029 MUIRFIELD LN SE, OLYMPIA, WA, 98501-5188, UNITED STATES",False,False,False,
141,OLYMPIAN LLC,OLYMPIAN FINANCIAL CORPORATION,602 929 661,353105,"33305 1ST WAY S STE B207, FEDERAL WAY, WA, 98003, UNITED STATES",False,False,False,
142,OLYMPIAN LLC,OLYMPIAN FRESH FOODS LLC,603 479 424,362936,"4640 88TH AVE SW UNIT A, OLYMPIA, WA, 98512-8586, UNITED STATES",False,False,False,
143,OLYMPIAN LLC,OLYMPIAN FURNITURE SERVICE LLC,604 532 115,1318779,"7013 34TH AVE SE, LACEY, WA, 98503-3990, UNITED STATES",False,False,False,
144,OLYMPIAN LLC,"OLYMPIAN GAMING, LLC",602 782 752,864339,"13380 STREAMSIDE CT, LAKE OSWEGO, OR, 97035-1332, UNITED STATES",False,False,False,
145,MELROSE & OLIVE LLC,MELROSE & OLIVE LLC,602 420 900,1132708,"1122 E PIKE ST STE 775, SEATTLE, WA, 98122-3916, UNITED STATES",False,False,False,
146,EQR-PACKARD LLC,EQR-PACKARD LLC,603 587 060,686331,"TWO NORTH RIVERSIDE PLAZA, SUITE 400, CHICAGO, IL, 60606, UNITED STATES",False,False,False,
147,MARTIN SQUARED L L C,MARTIN SQUARED LLC,602 434 814,830913,"2719 E UNION ST, SEATTLE, WA, 98122-3633, UNITED STATES",False,False,False,
148,BOYLSTON COURT ASSOCIATES,"BOYLSTON COURT ASSOCIATES, LLC",604 842 512,1513395,"2500 36TH AVE W, SEATTLE, WA, 98199-3706, UNITED STATES",False,False,False,
149,1630 LLC,1630 LLC,602 445 046,58888,"9625 SE 71 ST, MERCER ISLAND, WA, 98040, UNITED STATES",False,False,False,
150,1630 LLC,"11630 SE 89TH ST, LLC",604 272 640,1206608,"16432 SE 22ND ST, BELLEVUE, WA, 98008-5310, UNITED STATES",False,False,False,
151,1630 LLC,1630 15TH AVE W LLC,602 423 615,58886,"1141 NW 50TH ST, SEATTLE, WA, 98107, UNITED STATES",False,False,False,
152,1630 LLC,"1630 316TH ST. NW, LLC",603 320 085,58887,"4123 259TH PL NW, STANWOOD, WA, 98292-4927, UNITED STATES",False,False,False,
153,1630 LLC,"1630 35TH AVE, LLC",604 657 920,1386636,"602 W HIGHLAND DR, SEATTLE, WA, 98119-3447, UNITED STATES",False,False,False,
154,1630 LLC,"1630 BETTE LANE, LLC",604 808 238,1493515,"1630 BETTE LN NE, OLYMPIA, WA, 98506, UNITED STATES",False,False,False,
155,1630 LLC,"1630 HAIR ARTISANS, LLC",602 663 455,32522,"1630 DUVALL AVE NE, STE E, RENTON, WA, 98059-3977, UNITED STATES",False,False,False,
156,1630 LLC,1630 VENTURE LLC,604 467 508,1287254,"3202 S 36TH ST, TACOMA, WA, 98409-5725, UNITED STATES",False,False,False,
157,1630 LLC,1630 W PACIFIC AVE LLC,604 925 456,1568200,"1630 W PACIFIC AVE, SPOKANE, WA, 99201-6845, UNITED STATES",False,False,False,
158,1630 LLC,"16300 MOTOR PLACE, LLC",604 632 111,1369177,"4957 LAKEMONT BLVD SE, STE C4 #226, BELLEVUE, WA, 98006-7801, UNITED STATES",False,False,False,
159,1630 LLC,16300 NE 32ND STREET LLC,602 737 063,33015,"4600 NW 199TH ST, RIDGEFIELD, WA, 98642, UNITED STATES",False,False,False,
160,1630 LLC,16305 16307 72ND LLC,603 030 863,2602,"5825 TACOMA MALL BLVD #103, TACOMA, WA, 98409, UNITED STATES",False,False,False,
161,1630 LLC,"16307 BOTHELL, LLC",604 207 067,1173370,"16307 2ND DRIVE SOUTHEAST, BOTHELL, WA, 98012, UNITED STATES",False,False,False,
162,1630 LLC,16308 LLC,602 836 459,61221,"6622 WOLLOCHET DR, GIG HARBOR, WA, 98335-8325, UNITED STATES",False,False,False,
163,1630 LLC,ACTS 16:30 PROPERTY LLC,604 915 625,1559286,"11602 42ND AVE S, TUKWILA, WA, 98168-1976, UNITED STATES",False,False,False,
164,1630 LLC,SANDONI LLC 16309,604 228 785,1186089,"16309 E TRENT AVE, SPOKANE VLY, WA, 99216-1552, UNITED STATES",False,False,False,
165,OLIVE TERRACE APARTMENTS LLC,"OLIVE TERRACE APARTMENTS, L.L.C.",601 677 809,855598,"420 E HOWELL ST, SEATTLE, WA, 98122-6949, UNITED STATES",False,False,False,
166,ABONITA LLC,ABONITA PARTNERS LIMITED PARTNERSHIP,601 581 503,361315,"10001 NE 8TH ST #201, BELLEVUE, WA, 98004, UNITED STATES",False,False,False,
167,ABONITA LLC,"ABONITA, LLC",602 557 412,16353,"2940 FAIRVIEW AVE E, SEATTLE, WA, 98102-3016, UNITED STATES",False,False,False,
168,ABONITA LLC,ABONITA725 LLC,602 337 157,12944,"4008 138TH ST SE, MILL CREEK, WA, 98012-8973, UNITED STATES",False,False,False,
169,ABONITA LLC,"BESABONITA, LLC",604 071 289,570073,"24139 W GREYSTONE LN, WOODWAY, WA, 98020-5227, UNITED STATES",False,False,False,
170,ABONITA LLC,"CARNICERIA LA BONITA, INC.",603 293 656,112499,"4215-A CLEARWATER AVE, KENNEWICK, WA, 99336, UNITED STATES",False,False,False,
171,ABONITA LLC,CASA BONITA CONSTRUCTION INC.,603 614 898,622462,"517 ALDER ST, EDMONDS, WA, 98020, UNITED STATES",False,False,False,
172,ABONITA LLC,"CASA BONITA DISTRIBUTOR, INC",604 306 225,1216552,"3326 170TH PL SE, BOTHELL, WA, 98012, UNITED STATES",False,False,False,
173,ABONITA LLC,"CASA BONITA DISTRIBUTOR, LLC",603 390 028,93520,"3326 170TH PLACE SE, BOTHELL, WA, 98012, UNITED STATES",False,False,False,
174,ABONITA LLC,CASA BONITA GRUP LLC,604 917 432,1562484,"26828 MAPLE VALLEY BLACK DIAMOND RD SE, MAPLE VALLEY, WA, 98038-8309, UNITED STATES",False,False,False,
175,ABONITA LLC,"CASA BONITA HOME CARE, INC.",601 831 358,87524,"8315 216TH ST SE, WOODINVILLE, WA, 98072-8060, UNITED STATES",False,False,False,
176,ABONITA LLC,"CASA BONITA MZT, LLC",602 738 852,606536,"321 BURNETT AVE SOUTH, RENTON, WA, 98057, UNITED STATES",False,False,False,
177,ABONITA LLC,"CASA BONITA PROPERTIES, LLC",602 242 695,93521,"516 E HIGHLAND, MOUNT VERNON, WA, 98273, UNITED STATES",False,False,False,
178,ABONITA LLC,"CASA BONITA, INC.",601 720 733,598705,"17623 100TH AVE SW, VASHON, WA, 98070, UNITED STATES",False,False,False,
179,ABONITA LLC,FUNDACION EDUCATIVO DE COSTA BONITA,604 180 059,705078,"13921 SE 38TH ST, VANCOUVER, WA, 98683, UNITED STATES",False,False,False,
180,ABONITA LLC,"KELLITABONITA, INC.",601 380 131,806404,,True,False,False,
181,ABONITA LLC,LA BONITA PERMANENT MAKEUP LLC,604 890 720,1544405,"533 VILLARD ST, CHENEY, WA, 99004-1217, UNITED STATES",False,False,False,
182,ABONITA LLC,"LA INDIA BONITA, LLC",602 757 109,1127843,"20 SIMPSON PARKWAY, CHENEY, WA, 99004, UNITED STATES",False,False,False,
183,ABONITA LLC,MARIA BONITA COLLEGE OF BEAUTY LLC,604 013 427,848082,"214 SW 152ND ST, BURIEN, WA, 98166-2308, UNITED STATES",False,False,False,
184,ABONITA LLC,MARIA BONITA CORPORATION,602 596 769,318605,"3502 C STREET NE, AUBURN, WA, 98002, UNITED STATES",False,False,False,
185,ABONITA LLC,"MARIA BONITA KITCHEN GOURMET, LLC",604 162 971,307879,"20626 31ST DR SE, BOTHELL, WA, 98012, UNITED STATES",False,False,False,
186,ABONITA LLC,MARIA BONITA LLC,604 870 563,1539995,"12311 AMBAUM BLVD SW APT 302, BURIEN, WA, 98146-2683, UNITED STATES",False,False,False,
187,ABONITA LLC,"MULTISERVICIOS LA BONITA, LLC",603 222 908,340564,"1501 W COURT STREET SUITE 101, PASCO, WA, 99301, UNITED STATES",False,False,False,
188,ABONITA LLC,RON DANZ ABONITA LIMITED LIABILTY COMPANY,601 842 968,957316,,True,False,False,
189,ABONITA LLC,"TIENDA MEXICANA""LA BONITA"", LLC",603 306 497,477805,"4111 A ST SE SUITE 101, AUBURN, WA, 98002, UNITED STATES",False,False,False,
190,ABONITA LLC,VELA BONITA BATH & HOME LLC,604 865 470,1534016,"1900 SW CAMPUS DR APT 28-205, FEDERAL WAY, WA, 98023-6495, UNITED STATES",False,False,False,
191,DK SUMMIT PLACE LLC,DK SUMMIT PLACE LLC,603 556 057,653535,"8407 NE WOODLAND COVE DR, KIRKLAND, WA, 98034, UNITED STATES",False,False,False,
192,MORRIS APARTMENTS LLC,"MORRIS APARTMENTS, LLC",602 485 583,872622,"1743 SUMMIT AVE, SEATTLE, WA, 98122-6921, UNITED STATES",False,False,False,
193,MITSUMARU ESTATE CO LTD,"MITSUMARU ESTATE CO., LTD.",603 099 739,321738,"4-45-1 SUMIYOSHI-CHO, NAKAKU, JAPAN,KANAGAWA-KEN, YOKOHAMA-CITY, 2310013, JAPAN",False,False,False,
194,CRE BUENA VISTA PARTNERS LLC,CRE BUENA VISTA PARTNERS LLC,604 674 582,1407991,"2930 WESTLAKE AVE N STE 100, SEATTLE, WA, 98109-1968, UNITED STATES",False,False,False,
195,RIALTO COURT LLC,RIALTO COURT LLC,604 654 669,1386786,"485 LAKAYUSE RD, MANSON, WA, 98831-9463, UNITED STATES",False,False,False,
196,HYCROFT INTERNATIONAL LLC,HYCROFT INTERNATIONAL LLC,604 081 038,229786,"11225 SE 6TH ST STE 100, BELLEVUE, WA, 98004-6474, UNITED STATES",False,False,False,
197,PIKE STREET TPII LLC,PIKE STREET TPII LLC,603 429 951,931333,"1816C 11TH AVE, SEATTLE, WA, 98122-2421, UNITED STATES",False,False,False,
198,ST JOHN INVESTORS LLC,ST. JOHN PROPERTIES INVESTORS LLC,603 225 129,999709,,False,False,False,
199,ST JOHN INVESTORS LLC,THE ST. JOHN INVESTORS LLC,604 805 220,1488100,"600 UNIVERSITY ST, SUITE 2915, SEATTLE, WA, 98101-1176, UNITED STATES",False,False,False,
200,PROJECT S47 LLC,PROJECT S47 LLC,604 941 595,1582291,"18605 17TH AVE NW, SHORELINE, WA, 98177-3316, UNITED STATES",False,False,False,
201,PARK ROYAL APARTMENTS LLC,PARK ROYAL APARTMENTS LLC,602 510 425,377483,"17910 142ND AVE NE OFC, WOODINVILLE, WA, 98072-6283, UNITED STATES",False,False,False,
202,UPPER PINE LLC,"UPPER PINE, LLC",602 565 039,1060814,"1620 BROADWAY STE 201, SEATTLE, WA, 98122-2564, UNITED STATES",False,False,False,
203,MADISON COURT PARTNERS LIMITED LIABILITY COMPANY,MADISON COURT PARTNERS LIMITED LIABILITY COMPANY,601 911 049,802052,"117 E LOUISA ST # 185, SEATTLE, WA, 98102-3203, UNITED STATES",False,False,False,
204,ARLLIS ARMS APARTMENTS LLC,ARLLIS ARMS APARTMENTS LLC,603 392 636,548640,"4115 ROOSEVELT WAY NE, SEATTLE, WA, 98105, UNITED STATES",False,False,False,
205,UNION 18 PARTNERS LLC,"UNION 18 PARTNERS, LLC",604 027 754,1025265,"11601 WILSHIRE BLVD STE 2110, LOS ANGELES, CA, 90025-1784, UNITED STATES",False,False,False,
206,1531 BROADWAY LLC,"1531 BROADWAY, LLC",603 614 346,33921,"1180 W PEACHTREE ST NW, SUITE 2100, ATLANTA, GA, 30309-3495, UNITED STATES",False,False,False,
207,AGNES PISTON L L C,AGNES PISTON LLC,603 300 832,535306,"1122 E PIKE ST STE 1120, SEATTLE, WA, 98122-3916, UNITED STATES",False,False,False,
208,VITALITY ON HOWELL LLC,"VITALITY ON HOWELL, LLC",604 151 885,1073149,"29328 1ST AVE S, FEDERAL WAY, WA, 98003-3638, UNITED STATES",False,False,False,
209,EQR-PEARL LLC,EQR-PEARL LLC,603 569 076,689985,"TWO NORTH RIVERSIDE PLAZA, SUITE 400, CHICAGO, IL, 60606, UNITED STATES",False,False,False,
210,1700 MADISON APARTMENTS LLC,1700 MADISON APARTMENTS LLC,603 392 475,2692,"4115 ROOSEVELT WAY NE, SEATTLE, WA, 98105-6494, UNITED STATES",False,False,False,
211,LOTS II L L C,BLAKELY HILL LARGE LOT SUBDIVISION PHASE II HOMEOWNERS ASSOCIATION,602 037 601,59873,"10468 NE BARKENTINE RD, BAINBRIDGE IS, WA, 98110-3713, UNITED STATES",False,False,False,
212,LOTS II L L C,"CAMELOT ASSOCIATES II, LLC",602 730 559,599301,"219 E GARFIELD ST STE 600, SEATTLE, WA, 98102, UNITED STATES",False,False,False,
213,LOTS II L L C,CAMELOT CONDO II OWNERS ASSOCIATION,604 780 957,1477930,,False,False,False,
214,LOTS II L L C,"CAMELOT LANE II, L.L.C.",602 879 735,85736,"8216 WARREN DR NW, GIG HARBOR, WA, 98335, UNITED STATES",False,False,False,
215,LOTS II L L C,"CYCLOTRON PARTNERS HAWAII, LLC",604 519 652,1314090,"5001 25TH AVE NE STE 202, SEATTLE, WA, 98105-5661, UNITED STATES",False,False,False,
216,LOTS II L L C,"FLOTEN INVESTMENTS II, LLC",602 510 665,167549,"8668 ISLAND DR S, SEATTLE, WA, 98118, UNITED STATES",False,False,False,
217,LOTS II L L C,HELLO! THIS IS DOG! ENTERTAINMENT LLC,603 250 134,734796,"12615 NE 90TH ST., KIRKLAND, WA, 98033, UNITED STATES",False,False,False,
218,LOTS II L L C,JOSH CULOTTI INSURANCE AND FINANCIAL SERVICES INC,603 343 183,251150,"22000 64TH AVE W STE C, MOUNTLAKE TER, WA, 98043-2500, UNITED STATES",False,False,False,
219,LOTS II L L C,LIBERTY LOTS II LLC,604 552 511,1328898,"8421 N GOVERNMENT WAY, HAYDEN, ID, 83835-1478, UNITED STATES",False,False,False,
220,LOTS II L L C,"LIVINGSTON LOTS II, LLC",602 906 121,305277,"4946 LASALLE AVE, BELLINGHAM, WA, 98229-2748, UNITED STATES",False,False,False,
221,LOTS II L L C,"LOTS II, LLC",602 403 055,297018,"1620 BROADWAY, SUITE 200, SEATTLE, WA, 98122-2564, UNITED STATES",False,False,False,
222,LOTS II L L C,PILOT MEIKLE REAL ESTATE II LLC,604 009 303,1141212,"14030 SE 139TH ST, RENTON, WA, 98059, UNITED STATES",True,False,False,
223,LOTS II L L C,PILOT REAL ESTATE II LLC,603 353 953,904925,"14030 SE 139TH ST, RENTON, WA, 98059, UNITED STATES",True,False,False,
224,LOTS II L L C,"PILOT TECHNOLOGY SERVICES II, LLC",604 781 071,1476374,"2003 WESTERN AVE STE 200, SEATTLE, WA, 98121-3121, UNITED STATES",False,False,False,
225,LOTS II L L C,"ROCIO LUNA-CULOTTI INSURANCE AGENCY, INC",604 868 859,1534018,"22020 17TH AVE SE STE 220, BOTHELL, WA, 98021-8435, UNITED STATES",False,False,False,
226,BELLWETHER VIEWS LLC,BELLWETHER VIEWS LLC,604 298 582,1212795,"433 MINOR AVE N, SEATTLE, WA, 98109-5439, UNITED STATES",False,False,False,
227,CAPITAL HILL PARTNERS,"CAPITAL HILL PARTNERS, A LIMITED PARTNERSHIP",601 032 919,110651,"701 WESTERN AVE, 2ND FL, GLENDALE, CA, 91201-2349, UNITED STATES",False,False,False,
228,STORAGE EQUITIES INC,NATIONAL SELF STORAGE EQUITIES LIMITED PARTNERSHIP,601 044 763,882503,,False,False,False,
229,SPTSUN II PROPERTIES TRUST,SPTSUN II PROPERTIES TRUST,601 966 745,988174,"TWO NEWTON PL, 255 WASHINGTON ST., STE 300, NEWTON, MA, 02458, UNITED STATES",False,False,False,
230,JAMES TOWER LLC,JAMES TOWER LLC,602 311 887,764142,"12201 TUKWILA INTERNATIONAL BLVD # 4, 4TH FLOOR, TUKWILA, WA, 98168-5121, UNITED STATES",False,False,False,
231,JAMES TOWER LLC,"JAMESTOWN TOWER, LLC",604 414 313,1270867,"92 LONE FIR LN, SEQUIM, WA, 98382-7917, UNITED STATES",False,False,False,
232,JAMES TOWER LLC,ST. JAMES TOWER ASSOCIATES  LLC,601 534 877,970261,"9757 NE JUANITA DRIVE #300, KIRKLAND, WA, 98034, UNITED STATES",False,False,False,
233,INVESTMENTS PROPERTY AQUISITIONS LLC,INVESTMENTS PROPERTY AQUISITIONS LLC,602 619 315,1123064,"255 SW 152ND AVE, BURIEN, WA, 98166, UNITED STATES",False,False,False,
234,CHSW HOLDINGS NORTHWEST LLC,"CHSW HOLDINGS NORTHWEST, LLC",604 829 081,1509286,"12360 LAKE CITY WAY NE STE 450, SEATTLE, WA, 98125-5452, UNITED STATES",False,False,False,
235,BRFII NORTHGATE LLC,"BRFII NORTHGATE, LLC",604 757 305,1455915,"11611 SAN VICENTE BLVD STE 900, LOS ANGELES, CA, 90049, UNITED STATES",False,False,False,
236,PAN WASHINGTON LLC,PAN WASHINGTON LLC,603 536 211,367547,"6200 OAK TREE BLVD #250, INDEPENDENCE, OH, 44131, UNITED STATES",False,False,False,
237,PAN WASHINGTON LLC,AMERICAN COUNCIL OF ENGINEERING COMPANIES OF WASHINGTON,600 407 935,535663,"5413 80TH AVENUE CT W, UNIVERSITY PL, WA, 98467-3975, UNITED STATES",False,False,False,
238,PAN WASHINGTON LLC,"BETHANY LUTHERAN CHURCH OF SPANAWAY, WASHINGTON",601 155 778,60119,"26418 MOUNTAIN HWY E, SPANAWAY, WA, 98387, UNITED STATES",False,False,False,
239,PAN WASHINGTON LLC,"BREWSTER PROPANE, A WASHINGTON LIMITED PARTNERSHIP",601 288 800,598694,"25 UNGER RD, PO BOX 775, BREWSTER, WA, 98812, UNITED STATES",False,False,False,
240,PAN WASHINGTON LLC,"COMPANION PET CLINIC OF SOUTHWEST WASHINGTON, P.S.",602 353 166,120031,"211 NE CRESTWOOD CT, VANCOUVER, VANCOUVER, WA, 98684-5106, UNITED STATES",False,False,False,
241,PAN WASHINGTON LLC,HISPANIC WOMEN'S NETWORK OF WASHINGTON,602 597 390,742438,"5442 FOXGLOVE CT SE, LACEY, WA, 98513, UNITED STATES",False,False,False,
242,PAN WASHINGTON LLC,JAPAN KARATE ASSOCIATION OF WASHINGTON,603 068 955,288547,"2608 SHEPARD ST, STEILACOOM, WA, 98388, UNITED STATES",False,False,False,
243,PAN WASHINGTON LLC,JAPAN KARATE ASSOCIATION WESTERN FEDERATION OF WASHINGTON,604 917 025,1562048,,True,False,False,
244,PAN WASHINGTON LLC,JAPAN KARATE FEDERATION NORTHWEST WASHINGTON,601 793 769,261905,"6814 241ST AVE E, BUCKLEY, WA, 98321-9497, UNITED STATES",False,False,False,
245,PAN WASHINGTON LLC,"JAPAN KARATE FEDERATION RYOBUKAI-WASHINGTON, LLC",603 205 357,790115,"27215 103RD PL SE, KENT, WA, 98030-7060, UNITED STATES",False,False,False,
246,PAN WASHINGTON LLC,JAPAN-AMERICA SOCIETY OF THE STATE OF WASHINGTON,601 138 598,769373,"3010 77TH AVE SE STE 102, MERCER ISLAND, WA, 98040-2829, UNITED STATES",False,False,False,
247,PAN WASHINGTON LLC,JAPANESE AMERICAN CITIZENS LEAGUE-LAKE WASHINGTON CHAPTER,601 855 927,1124126,"377 122ND PL NE, BELLEVUE, WA, 98005, UNITED STATES",False,False,False,
248,PAN WASHINGTON LLC,JAPANESE SCHOLARSHIP ORGANIZATION OF WASHINGTON,602 042 581,288554,"8409 32ND AVE SW, SEATTLE, WA, 98126, UNITED STATES",False,False,False,
249,PAN WASHINGTON LLC,JAPANESE-AMERICAN CHAMBER OF COMMERCE OF WASHINGTON,601 389 555,783775,"1416 S JACKSON ST, SEATTLE, WA, 98144-2023, UNITED STATES",False,False,False,
250,PAN WASHINGTON LLC,"LAKE UNION EXPANSION ASSOCIATES, L.P., A WASHINGTON LIMITEDPARTNERSHIP",601 309 815,785458,,True,False,False,
251,PAN WASHINGTON LLC,"NORI JAPAN WASHINGTON, INC",603 195 847,841526,"3000 184TH ST SW #836, LYNNWOOD, WA, 98037, UNITED STATES",False,False,False,
252,PAN WASHINGTON LLC,PACER PROPANE (WASHINGTON) L.L.C.,601 592 454,370718,,True,False,False,
253,PAN WASHINGTON LLC,PAN ASIA ENGINEERS (WASHINGTON) INC.,601 112 212,1139753,,True,False,False,
254,PAN WASHINGTON LLC,"PANORAMIC INVESTORS, A WASHINGTON LIMITED PARTNERSHIP",601 123 053,375864,,True,False,False,
255,PAN WASHINGTON LLC,PRINTING: CAMPANELLA & ROME (WASHINGTON) CORP.,601 888 488,946596,"158 CHANNEL HEIGHTS WAY, FRIDAY HARBOR, WA, 98250-8938, UNITED STATES",False,False,False,
256,PAN WASHINGTON LLC,R. D. PANKRATZ RANCH FOR MOBILE HOMES A WASHINGTON LIMITEDPARTNERSHIP,602 038 107,251261,,True,False,False,
257,PAN WASHINGTON LLC,"SPANAWAY, WASHINGTON CONGREGATION OF JEHOVAH'S WITNESSES",601 798 264,438201,"14002 C ST S, TACOMA, WA, 98444-4560, UNITED STATES",False,False,False,
258,PAN WASHINGTON LLC,"SPANISH CONGREGATION OF JEHOVAH'S WITNESSES, OROVILLE, WASHINGTON",603 321 696,663718,"32501 HIGHWAY 97, OROVILLE, WA, 98844-9774, UNITED STATES",False,False,False,
259,PAN WASHINGTON LLC,"SPANISH LANGUAGE BROADCASTERS OF WASHINGTON, L.P.",601 608 247,439128,,True,False,False,
260,PAN WASHINGTON LLC,"THE JAPANESE GARDEN SOCIETY OF SEATTLE, WASHINGTON",601 603 107,1033498,"233 HARVARD AVE E, SEATTLE, WA, 98102-5725, UNITED STATES",False,False,False,
261,MGP XIV LLC,"MGP XIV, LLC",602 092 949,815215,"4500 DORR ST, TOLEDO, OH, 43615-4040, UNITED STATES",False,False,False,
262,MGP XIV LLC,"MGP XXIV, LLC",602 220 772,1133085,,False,False,False,
263,GRE FOUNDATION HOUSE LLC,GRE FOUNDATION HOUSE LLC,604 145 395,702633,"2801 ALASKAN WAY STE 310, SEATTLE, WA, 98121-1135, UNITED STATES",False,False,False,
264,NORTHAVEN DEVELOPMENT,NORTHAVEN DEVELOPMENT,601 380 350,874828,"11045 8TH AVE NE, SEATTLE, WA, 98125-6163, UNITED STATES",False,False,False,
265,ALJOYA THORNTON PLACE LLC,"ALJOYA THORNTON PLACE, LLC",602 743 018,26070,"400 UNION ST, SEATTLE, WA, 98101-2502, UNITED STATES",False,False,False,
266,WELL CA WA LANDLORD LLC,WELL CA WA LANDLORD LLC,604 750 965,1458025,"4500 DORR ST, TOLEDO, OH, 43615-4040, UNITED STATES",False,False,False,
267,SAINT ANNE CORPORATION,SAINT ANNE CORPORATION,602 080 805,264441,"22232 17TH AVE SE, SUITE 310, BOTHELL, WA, 98021-7425, UNITED STATES",False,False,False,
268,SAINT ANNE CORPORATION,DEBRE TSIGE SAINT URAEL WOMETMIKE MELEKOT SAINT YOHANNES EOTC,604 540 842,1323165,,False,True,True,
269,SAINT ANNE CORPORATION,HAMERE NOAH KIDANE MIHRET WOKIDUS URAEL ETHIOPIAN ORTHODOX TEWAHEDO CHURCH IN SEATTLE ,604 540 842,1323165,"22460 24TH AVE S, SEATTLE, WA, 98198, UNITED STATES",False,True,True,
270,5TH AVE MEDICAL ASSOCIATES LLC,5TH AVE MEDICAL ASSOCIATES LLC,602 380 808,98054,"10564 5TH AVE NE, SEATTLE, WA, 98125-7200, UNITED STATES",False,False,False,
271,PACMED CLINICS,PACMED CLINICS,602 233 190,919773,"1200 12TH AVE S, SEATTLE, WA, 98144-2712, UNITED STATES",False,False,False,
272,BILLINGS MIDDLE SCHOOL,BILLINGS MIDDLE SCHOOL,600 374 005,83524,"12351 8TH AVE NE, SEATTLE, WA, 98125-4805, UNITED STATES",False,False,False,
273,NG 295 DEVELOPMENT LLC,NG 295 DEVELOPMENT LLC,604 760 876,1461271,"411 1ST AVE S STE 650, SEATTLE, WA, 98104-3807, UNITED STATES",False,False,False,
274,WORKSHOPS SEATTLE LAKE CITY WAY,"WORKSHOPS SEATTLE LAKE CITY WAY, L.L.C.",601 846 886,1056750,"819 N 49TH ST, #400, SEATTLE, WA, 98103-6577, UNITED STATES",False,False,False,
275,LIBERTY BANK COMMERCIAL LLC,LIBERTY BANK COMMERCIAL LLC,604 164 406,829920,"1620 12TH AVE STE 205, SEATTLE, WA, 98122-2568, UNITED STATES",False,False,False,
276,HYCROFT INTERNATIONAL,HYCROFT INTERNATIONAL LLC,604 081 038,229786,"11225 SE 6TH ST STE 100, BELLEVUE, WA, 98004-6474, UNITED STATES",False,False,False,
277,SORENTO ON YESLER OWNER LLC,SORENTO ON YESLER OWNER LLC,604 358 595,1246599,"1414 E YESLER WAY, SEATTLE, WA, 98122-5953, UNITED STATES",False,False,False,
278,BOREN AND SPRUCE LLC,BOREN AND SPRUCE LLC,603 546 436,69732,"11624 SE 5TH ST STE 210, BELLEVUE, WA, 98005-3642, UNITED STATES",False,False,False,
279,1222 EAST MADISON L L C,"1222 EAST MADISON, LLC",603 068 376,5263,"330 112TH AVE NE STE 200, BELLEVUE, WA, 98004-5800, UNITED STATES",False,False,False,
280,JEFFERSON & 12TH LLC,JEFFERSON & 12TH LLC,603 091 810,753135,"1620 12TH AVE STE 205, SEATTLE, WA, 98122-2568, UNITED STATES",False,False,False,
281,19TH AND MADISON LLC,"19TH & MADISON DEVELOPMENT, LLC",603 408 305,36585,"4200 196TH ST SW #201, LYNNWOOD, WA, 98036, UNITED STATES",False,False,False,
282,19TH AND MADISON LLC,19TH & MADISON LLC,602 169 164,61908,"159 S JACKSON ST STE 320, SEATTLE, WA, 98104-3097, UNITED STATES",False,False,False,
283,PINE & BELMONT LLC,PINE & BELMONT LLC,602 688 246,906620,"14410 NE BEL RED RD, BELLEVUE, WA, 98007-3953, UNITED STATES",True,False,False,
284,PINE & BELMONT LLC,"PINE & BELMONT ASSOCIATES, INC.",602 688 561,241456,"14410 NE BEL RED RD, BELLEVUE, WA, 98007-3953, UNITED STATES",True,False,False,
285,PINE & BELMONT LLC,PINE & BELMONT II LLC,603 128 661,399958,"14410 BEL REDROAD, BELLEVUE, WA, 98007, UNITED STATES",False,False,False,
286,BARCLAY 118 LLC,"BARCLAY 118, LLC",603 491 373,51053,"2033 6TH AVE, SUITE 600, SEATTLE, WA, 98121-2591, UNITED STATES",False,False,False,
287,ENGELMANNII HOUSE LLC,ENGELMANNII HOUSE LLC,604 807 963,1492250,"121 11TH AVE E, SEATTLE, WA, 98102-5709, UNITED STATES",False,False,False,
288,ASB SUNSET ELECTRIC LLC,"ASB SUNSET ELECTRIC, LLC",603 483 976,44277,"C/O ASB CAPITAL MANAGEMENT LLC, 7501 WISCONSIN AVENUE, SUITE 1300W, BETHESDA, MD, 20814, UNITED STATES",False,False,False,
289,SEATTLE MADISON LLC,"BROADSTONE SEATTLE MADISON ALLIANCE, LLC",603 216 408,72391,"2415 E CAMELBACK ROAD STE 600, PHOENIX, AZ, 85016, UNITED STATES",False,False,False,
290,SEATTLE MADISON LLC,"SEATTLE MADISON, L.L.C.",603 226 910,445387,"1900 WEST LOOP S, SUITE 1300, HOUSTON, TX, 77027-3214, UNITED STATES",False,False,False,
291,954 EAST UNION LLC,954 EAST UNION LLC,603 135 948,8515,"13120 NE 70TH PL, KIRKLAND, WA, 98033-8570, UNITED STATES",False,False,False,
292,ASB REO FLATS LLC,"ASB REO FLATS, LLC",603 483 950,1096982,"C/O ASB CAPITAL MANAGEMENT LLC, 7501 WISCONSIN AVENUE, SUITE 1300W, BETHESDA, MD, 20814, UNITED STATES",False,False,False,
293,CWS ANTHEM LP,"CWS ANTHEM, L.P.",604 018 194,645378,"14 CORPORATE PLAZA #210, NEWPORT BEACH, CA, 92660, UNITED STATES",False,False,False,
294,CWS ANTHEM LP,"CWSFG 16 ANTHEM, LLC",604 028 410,131633,"14 CORPORATE PLAZA STE 210, NEWPORT BEACH, CA, 92660, UNITED STATES",False,False,False,
295,TRPF 1525 HARVARD AVENUE LLC,TRPF 1525 HARVARD AVENUE LLC,604 024 302,1056243,"730 3RD AVE, MS: 730/12/02, NEW YORK, NY, 10017-3206, UNITED STATES",False,False,False,
296,WHITE HEATHER APARTMENTS LLC,"WHITE HEATHER APARTMENTS, LLC",601 877 328,1024751,"1231 NW 121ST ST, SEATTLE, WA, 98177-4638, UNITED STATES",False,False,False,
297,TA PIKE MOTORWORKS LLC,"TA PIKE MOTORWORKS, LLC",604 424 168,1276709,"1 FEDERAL ST FL 17, BOSTON, MA, 02110-2003, UNITED STATES",False,False,False,
298,RISE-CG CAPITOL HILL LP,"RISE-CG CAPITOL HILL, LP",604 312 438,1220449,"C/O RISE PROPERTIES, 1518 1ST AVE S, SEATTLE, WA, 98134, UNITED STATES",False,False,False,
299,PINE & MELROSE LLC,PINE & MELROSE LLC,603 170 179,888948,"141 FRONT ST N, ISSAQUAH, WA, 98027, UNITED STATES",False,False,False,
300,DECIBEL APARTMENTS LLC,DECIBEL APARTMENTS LLC,604 309 758,1219165,"301 12TH AVE, SEATTLE, WA, 98122-6353, UNITED STATES",False,False,False,
301,REVERB APARTMENTS LLC,REVERB APARTMENTS LLC,604 306 591,1219163,"1023 E ALDER ST, SEATTLE, WA, 98122-6775, UNITED STATES",False,False,False,
302,MAD FLATS LLC,MAD FLATS LLC,603 279 724,801620,"506 2ND AVE, SUITE 1020, SEATTLE, WA, 98104-2328, UNITED STATES",False,False,False,
303,MAD FLATS LLC,"GLENMONT MADRONA REO FLATS, LLC",603 267 573,134468,"1320 E PIKE ST, SEATTLE, WA, 98122, UNITED STATES",False,False,False,
304,MAD FLATS LLC,MADISON VIEW FLATS LLC,603 519 801,802142,"114 24TH AVE E, 301, SEATTLE, WA, 98112-5458, UNITED STATES",False,False,False,
305,MAD FLATS LLC,"MADSEN, FLATHMANN, DAMERON & BABCOCK ARCHITECTS DBA MADSEN,FLATHMANN, DAMERON & BABCOCK ARCHITECTS INC.",601 824 574,314878,"111 SCRIPPS DR, SACRAMENTO, CA, 95825",False,False,False,
306,GS ZIG LLC,BIG ZIG LLC,604 861 468,1525918,"5205 BOULEVARD EXTENSION RD SE, 5205 BOULEVARD EXTENSION RD SE, OLYMPIA, WA, 98501-4967, UNITED STATES",False,False,False,
307,GS ZIG LLC,"GS ZIG, LLC",604 209 573,1177383,"465 MEETING STREET STE.500, CHARLESTON, SC, 29403, UNITED STATES",False,False,False,
308,GS ZIG LLC,MAZIGAZI GROUP LLC,604 123 070,859544,"3432 CHERRY BLOSSOM DR NE, OLYMPIA, WA, 98506-3692, UNITED STATES",False,False,False,
309,GS ZIG LLC,"MIGIZI GROUP, INC.",603 230 212,318364,"17921 BOTHELL EVERETT HWY, SUITE 102, BOTHELL, WA, 98012-0013, UNITED STATES",False,False,False,
310,GS ZIG LLC,MODA STAGING INC,604 477 498,1293024,"3415 LOMBARD AVE, EVERETT, WA, 98201-5034, UNITED STATES",False,True,True,
311,GS ZIG LLC,RIDGE DEZIGNS LLC,604 009 492,964539,"22226 126TH STREET E, BONNEY LAKE, WA, 98391, UNITED STATES",False,False,False,
312,GS ZIG LLC,SIGNDEZIGN LLC,602 264 015,1011722,"2407 HARRISON AVE NW STE A, OLYMPIA, WA, 98502-0000, UNITED STATES",False,False,False,
313,GS ZIG LLC,STAGEDBYDEZIGN INC,604 477 498,1293024,,False,True,True,
314,GS ZIG LLC,THE GIZZI GROUP LLC,603 364 107,1049126,"5958 APRIL LN, FERNDALE, WA, 98248-8865, UNITED STATES",False,False,False,
315,GS ZIG LLC,THE ZIG ZIGLAR CORPORATION,602 501 660,475876,"15303 DALLAS PKWY STE 550, ADDISON, TX, 75001, UNITED STATES",False,False,False,
316,GS ZIG LLC,WASHINGTON STATE ZIMBABWE GOLF ASSOCIATION (WAZIGA),602 580 070,549394,"2529 144TH ST SE, MILL CREEK, WA, 98012-5745, UNITED STATES",False,False,False,
317,2051 MADISON STREET PARTNERS LLC,"2051 MADISON STREET PARTNERS, LLC",603 371 500,3561,"11601 WILSHIRE BLVD STE 2110, LOS ANGELES, CA, 90025-1784, UNITED STATES",False,False,False,
318,1420 EAST MADISON STREET LLC,1420 EAST MADISON STREET LLC,603 391 403,2656,"5312 PACIFIC HWY E, FIFE, WA, 98424-2602, UNITED STATES",False,False,False,
319,PIKE FLATS LLC,PIKE FLATS LLC,603 504 648,1141188,"506 2ND AVE, SUITE 1020, SEATTLE, WA, 98104-2328, UNITED STATES",False,False,False,
320,EAST UNION 22 LLC,"EAST UNION 22, LLC",603 447 479,672944,"401 N 36TH ST STE 104, SEATTLE, WA, 98103-8630, UNITED STATES",False,False,False,
321,YESLER INVESTORS 2 LLC,YESLER INVESTORS 2 LLC,603 431 514,1091474,"505 5TH AVE S STE 900, SEATTLE, WA, 98104-3821, UNITED STATES",False,False,False,
322,YESLER INVESTORS 3 LLC,YESLER INVESTORS 3 LLC,603 431 516,1035153,"505 5TH AVE S #900, SEATTLE, WA, 98104, UNITED STATES",False,False,False,
323,FIRENZE LLC,FIRENZE LLC,603 262 160,122450,"2371 EASTLAKE AVE E, SUITE 100, SEATTLE, WA, 98102-3305, UNITED STATES",False,False,False,
324,FIRENZE LLC,ANAFIRENZE LLC,604 376 993,1253107,"701 17TH AVE APT 201, SEATTLE, WA, 98122-4667, UNITED STATES",False,False,False,
325,FIRENZE LLC,FIRENZE FRENZY INC,604 960 685,1593060,"5106 TRUMAN LN, PASCO, WA, 99301-8457, UNITED STATES",False,False,False,
326,FIRENZE LLC,FIRENZE PROPERTY MANAGEMENT INC,603 583 813,690500,"2608 S BRANDON ST STE A, SEATTLE, WA, 98108-3057, UNITED STATES",False,False,False,
327,FIRENZE LLC,"FIRENZE RISTORANTE, LTD.",601 672 337,177103,"15600 NE 8TH ST STE 0-15, BELLEVUE, WA, 98008-3927, UNITED STATES",False,False,False,
328,FIRENZE LLC,VILLA FIRENZE CONDOMINIUM OWNERS ASSOCIATION,602 115 085,1072611,"2010 156TH AVE NE STE 100, BELLEVUE, WA, 98007-3826, UNITED STATES",False,False,False,
329,FIRENZE LLC,VILLA FIRENZE PROPERTY ENTERPRISE LLC,602 551 922,1047992,"1106 108TH AVE NE #501, BELLEVUE, WA, 98004, UNITED STATES",False,False,False,
330,MERIDIAN TERRACE APARTMENTS LLC,MERIDIAN TERRACE APARTMENTS LLC,604 541 529,1327192,"2825 EASTLAKE AVE E STE 200, SEATTLE, WA, 98102-3085, UNITED STATES",False,False,False,
331,CEDRUS PROPERTIES LLC,"CEDRUS PROPERTIES, LLC",603 356 543,119435,"2229 112TH AVE NE STE 200, BELLEVUE, WA, 98004-2981, UNITED STATES",False,False,False,
332,YU JUDY,BYUNGKYU SON & JUDY YI DDS PLLC,603 201 689,607680,"34410 16TH AVE S STE 103, FEDERAL WAY, WA, 98003-8381, UNITED STATES",False,False,False,
333,BIG RIG LLC,BIG RIG LLC,604 494 263,1301295,"3326 160TH AVE SE STE 150, BELLEVUE, WA, 98008-6419, UNITED STATES",False,False,False,
334,BIG RIG LLC,"BIG BANK ORIGINALS, LLC",604 248 417,1196765,"19226 34TH AVE S, SEATAC, WA, 98188-5310, UNITED STATES",False,False,False,
335,BIG RIG LLC,"BIG CREEK WATER RIGHT, L.L.C.",603 489 970,575146,"304 W 1ST ST, CLE ELUM, WA, 98922-1002, UNITED STATES",False,False,False,
336,BIG RIG LLC,BIG RIG & TRAILER SERVICES LLP,604 735 076,1446280,"13001 NE 44TH ST, VANCOUVER, WA, 98682-6410, UNITED STATES",False,False,False,
337,BIG RIG LLC,BIG RIG CELEBRATES,603 051 494,575498,"4000 SE HARMONY PL, CAMAS, WA, 98607, UNITED STATES",True,False,False,
338,BIG RIG LLC,BIG RIG CELEBRATES LLC,603 157 181,57056,"4000 SE HARMONY PL, CAMAS, WA, 98607, UNITED STATES",True,False,False,
339,BIG RIG LLC,BIG RIG PEDAL TOURS LLC,603 404 905,67309,"4411 CALIFORNIA AVE SW, SEATTLE, WA, 98116-4108, UNITED STATES",False,False,False,
340,BIG RIG LLC,"BIG RIG TRUCK REPAIR, LLC",602 906 365,67310,"13604 246TH ST E, GRAHAM, WA, 98338, UNITED STATES",False,False,False,
341,BIG RIG LLC,BIG RIG TRUCKING LLC,603 208 199,572303,"6706 S BARTHOLOMEW RD, MEDICAL LAKE, WA, 99022-9515, UNITED STATES",False,False,False,
342,BIG RIG LLC,BIG RIGS INC DBA BIG RIGS INC NW,604 691 499,1428904,"532 TONYA CT SE, OLYMPIA, WA, 98513-6821, UNITED STATES",False,False,False,
343,BIG RIG LLC,BIG RIGS SERVICE LLC,603 528 184,57057,"3421 60TH PL NE, MARYSVILLE, WA, 98271, UNITED STATES",False,False,False,
344,BIG RIG LLC,"BIG RIGS TANKER SERVICE, INC.",601 757 718,562414,"14501 MILITARY RD E, PUYALLUP, WA, 98374-2456, UNITED STATES",False,False,False,
345,BIG RIG LLC,"BIG SKY DEVELOPMENT IRRIGATION COMPANY, LLC",603 518 301,562426,"9825 SANDIFUR PKWY, SUITE B1, PASCO, WA, 99301, UNITED STATES",False,False,False,
346,BIG RIG LLC,"BIG SKY DEVELOPMENT IRRIGATION POND, LLC",604 212 310,1176012,"5810 MIDLAND LN, UNIT 65, PASCO, WA, 99301-6099, UNITED STATES",False,False,False,
347,BIG RIG LLC,BIGG RIGG'S SMOKE & SAUCE LLC,602 939 034,59612,"13511 91ST PL NE, KIRKLAND, WA, 98034, UNITED STATES",False,False,False,
348,BIG RIG LLC,"BIGG WRIGG TRUCKING & LOGISTICS, LLC",603 383 730,48124,"11308 CLOVER PARK DR SW, LAKEWOOD, WA, 98499, UNITED STATES",False,False,False,
349,BIG RIG LLC,BIGG WRIGGS LLC,605 169 628,1652504,"2903 N 12TH ST, TACOMA, WA, 98406-6811, UNITED STATES",False,False,False,
350,BIG RIG LLC,BIGGE CRANE AND RIGGING CO.,409 005 424,57203,"10700 BIGGE ST, SAN LEANDRO, CA, 94577-1032, UNITED STATES",False,False,False,
351,BIG RIG LLC,GILMAN'S BIG RIG REPAIR LLC,603 406 587,722542,"23603 NE JEHNSEN RD UNIT A, YACOLT, WA, 98675-4826, UNITED STATES",False,False,False,
352,BIG RIG LLC,O-LAW BIG RIGS  DIESEL REPAIR LLC,603 323 451,1137760,"144 BIRCH BAY LYNDEN RD, LYNDEN, WA, 98264, UNITED STATES",False,False,False,
353,6312 CALIFORNIA AVENUE LLC,"6312 CALIFORNIA AVENUE, LLC",604 443 551,1277352,"6043 TAMPA AVE STE 101A, TARZANA, CA, 91356-1194, UNITED STATES",False,False,False,
354,FITZ L L C,"2020 FITZPATRICK FAMILY, L.L.C.",604 650 971,1386591,"465 RAINIER BLVD N, ISSAQUAH, WA, 98027-2826, UNITED STATES",True,False,False,
355,FITZ L L C,2020 FITZPATRICK INVESTMENTS LLC,604 667 066,1403105,"465 RAINIER BLVD N, ISSAQUAH, WA, 98027-2826, UNITED STATES",True,False,False,
356,FITZ L L C,2020 FITZPATRICK PROPERTY LLC,604 674 416,1402585,"465 RAINIER BLVD N, ISSAQUAH, WA, 98027-2826, UNITED STATES",True,False,False,
357,FITZ L L C,"4414 FITZ DR, LLC",604 762 532,1462068,"3225 MCLEOD DR STE 100, LAS VEGAS, NV, 89121-2257, UNITED STATES",False,False,False,
358,FITZ L L C,AC FITZPATRICK PROPERTIES LLC,604 613 274,1360188,"12413 160TH ST E, PUYALLUP, WA, 98374-9256, UNITED STATES",False,False,False,
359,FITZ L L C,"ANDY FITZGERALD CONSULTING, LLC",604 066 186,544399,"603 N 65TH ST, SEATTLE, WA, 98103, UNITED STATES",False,False,False,
360,FITZ L L C,ANNE FITZGERALD LLC,603 468 753,35481,"3022 NW 66TH ST, SEATTLE, WA, 98117-6213, UNITED STATES",False,False,False,
361,FITZ L L C,"ANNE FITZGERALD, LLC",602 712 534,38384,"3022 NW 66TH ST, SEATTLE, WA, 98117, UNITED STATES",False,False,False,
362,FITZ L L C,"ANNETTE T. FITZSIMMONS, P.S.",602 094 723,1096182,"4744 PANTHER LAKE RD W, BREMERTON, WA, 98312-8705, UNITED STATES",False,False,False,
363,FITZ L L C,BEN FITZPATRICK CONSULTING INC,604 065 879,1099257,"11710 NE 101 ST PL, KIRKLAND, WA, 98033, UNITED STATES",False,False,False,
364,FITZ L L C,BENEFITS ZONE LLC,604 598 307,1349880,"105 CENTRAL WAY STE 205, KIRKLAND, WA, 98033-6162, UNITED STATES",False,False,False,
365,FITZ L L C,BEVA FITZGERALD LLC,603 275 056,570257,"SUITE 705, 1055 W. BROADWAY, VANCOUVER, BC, V6H 1E2, CANADA",False,False,False,
366,FITZ L L C,BORFITZ AERO SOLUTIONS LLC,604 026 786,73332,"3745 S 188TH LANE, SEATTLE, WA, 98188, UNITED STATES",False,False,False,
367,FITZ L L C,BREMERTON WA 4418 4420 FITZ DRIVE LLC,603 346 698,582186,"21009 99TH AVE S, KENT, WA, 98031, UNITED STATES",False,False,False,
368,FITZ L L C,BRITZFITZ LLC,604 933 282,1574017,"2337 48TH AVE, LONGVIEW, WA, 98632-5091, UNITED STATES",False,False,False,
369,FITZ L L C,"BURGESS FITZER, P.S.",600 359 205,589562,,True,False,False,
370,FITZ L L C,CHRISTY FITZHUGH LLC,604 153 521,627470,"3820 E DALKE AVE, SPOKANE, WA, 99217, UNITED STATES",False,False,False,
371,FITZ L L C,DANA FITZPATRICK CONSULTING LLC,604 002 595,136885,"14154 HENDERSON RD NE, BAINBRIDGE ISLAND, WA, 98110, UNITED STATES",False,False,False,
372,FITZ L L C,DANA FITZPATRICK REAL ESTATE LLC,604 530 042,1321397,"10058 NE LAFAYETTE AVE, BAINBRIDGE IS, WA, 98110-1152, UNITED STATES",False,False,False,
373,FITZ L L C,"DEE FITZGERALD INSURANCE AGENCY, INC.",601 797 250,645520,"4273 SE MILE HILL DR, PORT ORCHARD, WA, 98366-3920, UNITED STATES",False,False,False,
374,FITZ L L C,DEVIOUS MISFITZ PERFORMANCE INC,604 662 264,1399372,,True,False,False,
375,FITZ L L C,FELDMAN/FITZHUGH 617 LLC,603 250 158,175464,"1210 E CROCKETT ST, SEATTLE, WA, 98102-4138, UNITED STATES",False,False,False,
376,FITZ L L C,FIT ZONE CLEANING LLC,604 184 629,1164531,"PO BOX 257, OLYMPIA, WA, 98507-0257, UNITED STATES",False,False,False,
377,FITZ L L C,FITZ AND CHIP INVESTMENTS LLC,604 491 802,1301311,"20620 SE 256TH ST, COVINGTON, WA, 98042-6204, UNITED STATES",False,False,False,
378,FITZ L L C,FITZ AND FOOL LLC,604 080 457,123492,"4621 N 28TH ST, TACOMA, WA, 98407, UNITED STATES",False,False,False,
379,HALCYON APARTMENTS LLC,"HALCYON APARTMENTS CC4R, LLC",602 959 026,221665,"10605 NE 26TH ST, BELLEVUE, WA, 98004-2223, UNITED STATES",False,False,False,
380,HALCYON APARTMENTS LLC,"HALCYON APARTMENTS, LLC",604 542 182,1395401,"25505 SE ISSAQUAH FALL CITY RD, ISSAQUAH, WA, 98029-5749, UNITED STATES",False,False,False,
381,WEST SEATTLE APARTMENTS & HOMES LLC,"WEST SEATTLE APARTMENTS & HOMES, LLC",603 234 438,1022391,"9345 FAUNTLEROY WAY SW, SEATTLE, WA, 98136, UNITED STATES",False,False,False,
382,BLAKE ASSOCIATES LLC,"BLAKEANA ASSOCIATES, LLC",603 292 309,70789,"29329 NE 16TH PL, CARNATION, WA, 98014, UNITED STATES",False,False,False,
383,BLAKE ASSOCIATES LLC,BLAKELY ASSOCIATES,601 113 778,565553,"13036 SE KENT KANGLEY RD, #514, KENT, WA, 98030-7965, UNITED STATES",False,False,False,
384,BLAKE ASSOCIATES LLC,THE BLAKE ASSOCIATES LLC,603 240 027,995263,"17786 DES MOINES MEMORIAL DR, BURIEN, WA, 98148, UNITED STATES",False,False,False,
385,JORVE INVESTMENTS LLC,"JORVE INVESTMENTS, LLC",601 876 730,271495,"1564 SAN JUAN DR, FRIDAY HARBOR, WA, 98250-6987, UNITED STATES",False,False,False,
386,MADISONIAN MANAGER LLC,"MADISONIAN MANAGER, LLC",602 710 706,312818,"1421 34TH AVE, SUITE 300, SEATTLE, WA, 98122-3333, UNITED STATES",False,False,False,
387,2100 BUILDING LLC,2100 BUILDING LLC,604 856 112,1521247,"2100 24TH AVE S STE 200, SEATTLE, WA, 98144-4643, UNITED STATES",False,False,False,
388,2100 BUILDING LLC,"2100 BUILDING, LLC",601 872 279,62281,,False,False,False,
389,2100 BUILDING LLC,"ABOSSEIN 2100 BUILDING, LLC",602 708 461,15333,"18465 NE 68TH ST STE 200, REDMOND, WA, 98052-3325, UNITED STATES",False,False,False,
390,1130 RAINIER PROPERTIES LLC,"1130 RAINIER PROPERTIES, LLC",604 913 264,1560500,"159 S JACKSON ST STE 300, SEATTLE, WA, 98104-4435, UNITED STATES",False,False,False,
391,22ND AVE S LLC,108 22ND AVENUE SW LLC,603 575 193,1681,"108 22ND AVE SW STE 16, OLYMPIA, WA, 98501, UNITED STATES",False,False,False,
392,22ND AVE S LLC,11105 22ND AVENUE EAST LLC,604 184 109,4826,"19950 SE GREEN VALLEY RD, AUBURN, WA, 98092-1505, UNITED STATES",False,False,False,
393,22ND AVE S LLC,12004 22ND AVE NE CONDOMINIUM OWNERS' ASSOCIATION,604 644 992,1381452,,True,False,False,
394,22ND AVE S LLC,122 22ND AVENUE SOUTHEAST FAMILY LIMITED PARTNERSHIP,601 435 586,2808,"3615 HOLLYWOOD DR NE, OLYMPIA, WA, 98516-1161, UNITED STATES",False,False,False,
395,22ND AVE S LLC,13726 22ND AVE NE OWNERS' ASSOCIATION,605 102 704,1642092,,True,False,False,
396,22ND AVE S LLC,22ND AVE NE OWNERS' ASSOCIATION,605 136 830,1646152,,True,False,False,
397,22ND AVE S LLC,22ND AVE SOUTH LLC,604 057 847,3421,"700 HARRIS ST STE 201, CHARLOTTESVILLE, VA, 22903, UNITED STATES",False,False,False,
398,22ND AVE S LLC,"22ND AVE. STUDIO, LLC",603 517 652,62518,"503 E 22ND AVE, SPOKANE, WA, 99203-2333, UNITED STATES",False,False,False,
399,22ND AVE S LLC,"22ND AVENUE CRAFTSMAN, LLC",602 356 042,3422,"943 22ND AVE, BEHIND 941, SEATTLE, WA, 98122-4807, UNITED STATES",False,False,False,
400,22ND AVE S LLC,"22ND AVENUE DESIGNS, LLC",603 268 222,36986,"12402 N DIVISION ST # 322, SPOKANE, WA, 99218-1930, UNITED STATES",False,False,False,
401,22ND AVE S LLC,"22ND AVENUE INVESTORS, LLC",603 505 070,1092016,"601 UNION ST #5300, SEATTLE, WA, 98101-1356, UNITED STATES",False,False,False,
402,22ND AVE S LLC,"22ND AVENUE SHARED UTILITY, L.L.C.",602 449 983,62503,,True,False,False,
403,22ND AVE S LLC,22ND AVENUE SOUTH LLC,602 743 322,6183,"2203 23RD AVE S STE 201, SEATTLE, WA, 98144, UNITED STATES",False,False,False,
404,22ND AVE S LLC,"22ND AVENUE SW, LLC",602 509 041,3912,"12519 134TH STREET CT E, PUYALLUP, WA, 98374-3238, UNITED STATES",False,False,False,
405,22ND AVE S LLC,"2336 22ND AVE S, LLC",603 369 031,37072,"2336 22ND AVE S, SEATTLE, WA, 98144, UNITED STATES",False,False,False,
406,22ND AVE S LLC,3645 - 3657 22ND AVENUE W HOMEOWNERS ASSOCIATION,604 539 722,1390551,,True,False,False,
407,22ND AVE S LLC,4015 22ND AVE SW LLC,603 142 522,59291,"4017 22ND AVE SW, SEATTLE, WA, 98106-1227, UNITED STATES",False,False,False,
408,22ND AVE S LLC,"4201 22ND AVE WEST STP, LLC",604 044 185,9008,"4201 22ND AVE W, SEATTLE, WA, 98199-1206, UNITED STATES",False,False,False,
409,22ND AVE S LLC,5573 22ND AVE S OWNERS ASSOCIATION,605 031 939,1636685,,True,False,False,
410,22ND AVE S LLC,6327 22ND AVE SW LLC,604 258 999,1197715,"6315 22ND AVE SW, SEATTLE, WA, 98106-1647, UNITED STATES",False,False,False,
411,22ND AVE S LLC,"6330 22ND AVENUE SW, LLC",603 263 175,212796,"4209 ERLANDS POINT RD NW, BREMERTON, WA, 98312, UNITED STATES",False,False,False,
412,22ND AVE S LLC,7341 122ND AVE NE OWNERS' ASSOCIATION,605 094 741,1641095,,True,False,False,
413,22ND AVE S LLC,7747-77492 2ND AVE NE CONDOMINIUM OWNERS ASSOCIATION,604 994 908,1611719,,True,False,False,
414,WELLSPRING FAMILY SERVICES,WELLSPRING FAMILY SERVICES,600 351 881,512315,"1900 RAINIER AVE S, SEATTLE, WA, 98144-4606, UNITED STATES",False,False,False,
415,1225 MAR LLC,"1225 MAR, LLC",604 234 370,1188544,"1225 S WELLER ST STE 550, SEATTLE, WA, 98144-1905, UNITED STATES",False,False,False,
416,IFO & ASSOCIATES LLC,"CALIFORNIA APARTMENT ASSOCIATES, INC.",603 198 816,84109,"1201 PACIFIC AVE STE 1200, TACOMA, WA, 98402, UNITED STATES",False,False,False,
417,IFO & ASSOCIATES LLC,"CALIFORNIA APARTMENT ASSOCIATES, LLC",604 285 159,1208434,"915 N SHERIDAN AVE, TACOMA, WA, 98403, UNITED STATES",False,False,False,
418,IFO & ASSOCIATES LLC,"CALIFORNIA ASSOCIATED INSURANCE BROKERS, INC.",601 118 084,88092,,True,False,False,
419,IFO & ASSOCIATES LLC,"CALIFORNIA ASSOCIATES, A LIMITED PARTNERSHIP",601 110 566,593503,,True,False,False,
420,IFO & ASSOCIATES LLC,"CALIFORNIA GROUP ASSOCIATES, INC.",604 919 650,1564957,"7050 WINDSTAR DR, RENO, NV, 89523-2071, UNITED STATES",False,False,False,
421,IFO & ASSOCIATES LLC,"CALIFORNIA TELEMEDICINE ASSOCIATES, P.C.",604 653 685,1393778,"7111 N. FRESNO ST., STE. 200, FRESNO, CA, 93720, UNITED STATES",False,False,False,
422,IFO & ASSOCIATES LLC,"CENTRAL CALIFORNIA ANESTHESIA AND PAIN MEDICAL ASSOCIATES, INCORPORATED",604 127 345,97644,"23876-1 NE 112TH CIRCLE, REDMOND, WA, 98053, UNITED STATES",False,False,False,
423,IFO & ASSOCIATES LLC,"IFO & ASSOCIATES, LLC",602 811 024,751302,"9416 MARTIN LUTHER KING JR WAY S, SEATTLE, WA, 98118-5418, UNITED STATES",False,False,False,
424,IFO & ASSOCIATES LLC,"SOUTHERN CALIFORNIA STROKE REHABILITATION ASSOCIATES, INC.",603 217 318,1010292,"5126 CLARETON DRIVE, SUITE 120, AGOURA HILLS, CA, 91301, UNITED STATES",False,False,False,
425,C J & J PACIFIC L L C,C.J. & J PACIFIC LLC,602 119 515,598253,"1618 S LANE ST STE 203, SEATTLE, WA, 98144-2829, UNITED STATES",False,False,False,
426,HAMLIN ROBINSON SCHOOL,HAMLIN ROBINSON SCHOOL,601 139 051,732291,"1701 20TH AVE S, SEATTLE, WA, 98144, UNITED STATES",False,False,False,
427,ASIAN PACIFIC PROPERTIES L.L.C,"ASIAN PACIFIC PROPERTIES, L.L.C.",601 973 661,536149,"4504 16TH AVE NE APT A101, SEATTLE, WA, 98105-4285, UNITED STATES",False,False,False,
428,RAINIER ELECTRONIS LLC,RAINIER ELECTRONICS PARK L.L.C.,602 738 774,418225,"1200 5TH AVE, SUITE 1925, SEATTLE, WA, 98101-1127, UNITED STATES",False,False,False,
429,JACKSON INVESTORS NORTH LLC,JACKSON INVESTORS NORTH LLC,603 574 512,761877,"505 5TH AVE S STE 900, SEATTLE, WA, 98104-3821, UNITED STATES",False,False,False,
430,WCC REALTY LLC,WCC REALTY LLC,604 528 871,1317819,"1168 EVERGREEN AVE, LAKEWOOD, NJ, 08701-5815, UNITED STATES",False,False,False,
431,ACRS COMMUNITY SERVICE CENTER L L C,"ACRS COMMUNITY SERVICE CENTER, LLC",602 652 942,479945,"3639 MARTIN LUTHER KING JR WAY S, SEATTLE, WA, 98144-6847, UNITED STATES",False,False,False,
432,SEATTLE INDIAN HEALTH BOARD,SEATTLE INDIAN HEALTH BOARD,600 440 936,962119,"611 12TH AVE S, SEATTLE, WA, 98144-2007, UNITED STATES",False,False,False,
433,ORE 6525 CALIFORNIA LLC,ORE 6525 CALIFORNIA LLC,604 805 478,1493491,"6520 EARL AVE NW, SEATTLE, WA, 98117-5927, UNITED STATES",False,False,False,
434,2001 PLUM LLC,"2001 PLUM, L.L.C.",602 742 605,3792,"2001 PLUM ST, SEATTLE, WA, 98144, UNITED STATES",False,False,False,
435,BRIDGES ANNEX LLC,BRIDGE'S ANNEX LLC,604 301 843,1215791,"3326 160TH AVE SE STE 150, BELLEVUE, WA, 98008-6419, UNITED STATES",False,False,False,
436,BRIDGES ANNEX LLC,"STOCKBRIDGE EVERETT VILLAGE ANNEX, LLC",603 531 387,458214,"4 EMBARCADERO CENTER, SUITE 3300, SAN FRANCISCO, CA, 94111, UNITED STATES",False,False,False,
437,ATALANTA 5631 CALIFORNIA AVE LLC,ATALANTA 5631 CALIFORNIA AVE LLC,604 046 346,552690,"115 E 87TH ST APT 6, APARTMENT 6 E, NEW YORK, NY, 10128-1136, UNITED STATES",False,False,False,
438,CREF3 3RD AVE OWNER LLC,CREF3 3RD AVE OWNER LLC,604 937 772,1575819,"1345 AVENUE OF THE AMERICAS FL 46, NEW YORK, NY, 10105-4302, UNITED STATES",False,False,False,
439,FM 151 SOUTH LANDER LLC,FM 151 SOUTH LANDER LLC,604 754 970,1457270,"1191 2ND AVE STE 2000, SEATTLE, WA, 98101-3404, UNITED STATES",False,False,False,
440,A2A LLC,A(2) AIKI-PUNCTURE LLC,604 040 100,355797,"9730 THIRD AVE, SEATTLE, WA, 98115, UNITED STATES",False,False,False,
441,A2A LLC,"A2 - ANISOGLU ARCHITECTURE, LLC",602 933 826,17369,"291 MADISON AVE. S, BAINBRIDGE ISLAND, WA, 98110, UNITED STATES",False,False,False,
442,A2A LLC,A2 ACREAGE LLC,604 343 782,1239497,"3627 S CARSTENS RD, REARDAN, WA, 99029-8657, UNITED STATES",False,False,False,
443,A2A LLC,"A2 ARCHITECTS, LLC",603 359 517,11166,"8513 NE HAZEL DELL AVE STE 106, VANCOUVER, WA, 98665-8068, UNITED STATES",False,False,False,
444,A2A LLC,A2 ATHLETICS PLLC,604 632 515,1370749,"5005 MAIN ST STE 119, TACOMA, WA, 98407-3177, UNITED STATES",False,False,False,
445,A2A LLC,"A2A INTEGRATED LOGISTICS, INC.",605 025 265,1633401,"1830 OWEN DR STE 102, FAYETTEVILLE, NC, 28304-3412, UNITED STATES",False,False,False,
446,A2A LLC,"A2A, L.L.C.",603 090 222,11401,"2710 1ST AVE S STE 100, SEATTLE, WA, 98134-1831, UNITED STATES",False,False,False,
447,A2A LLC,"ALPHA 2 ADULT FAMILY HOME, LLC",604 424 347,1270235,"30026 13TH AVE S, FEDERAL WAY, WA, 98003-4130, UNITED STATES",False,False,False,
448,A2A LLC,"DAKOTA 2A, LLC",604 678 315,1404530,"6771 SAN JUAN HILL LN, ANACORTES, WA, 98221-8367, UNITED STATES",False,False,False,
449,A2A LLC,"KA-2 ASSOCIATES, LLC",603 056 758,803107,"5335 SW MEADOWS RD #190, LAKE OSWEGO, OR, 97035, UNITED STATES",False,False,False,
450,A2A LLC,MARIA 2 APTS LLC,604 296 636,1213412,"1425 MCGILVRA BLVD E, SEATTLE, WA, 98112-3815, UNITED STATES",False,False,False,
451,A2A LLC,PAULLA 2 AFH HOME LLC,604 450 773,1278422,"20126 78TH AVENUE CT E, SPANAWAY, WA, 98387-5360, UNITED STATES",False,False,False,
452,R & S INVESTMENTS LLC,"1530 CENTER ST. INVESTMENTS, LLC",604 416 983,1284431,"5 BROOKSIDE DR, GREENWOOD VLG, CO, 80121-1219, UNITED STATES",False,False,False,
453,R & S INVESTMENTS LLC,"1924 N CRESTLINE INVESTMENT, LLC",604 572 382,1337814,,True,False,False,
454,R & S INVESTMENTS LLC,1ST AVENUE REAL ESTATE INVESTMENTS LLC,604 969 592,1601982,"208 JAMES ST, SEATTLE, WA, 98104-2220, UNITED STATES",True,False,False,
455,R & S INVESTMENTS LLC,"2003 ARMSTRONG INVESTMENTS, L.L.C.",602 343 363,4720,"805 S MARINE HILLS WAY, FEDERAL WAY, WA, 98003-3183, UNITED STATES",False,False,False,
456,R & S INVESTMENTS LLC,2018 STROHSCHEIN INVESTMENTS LLC,604 306 565,1218880,"14715 SE 145TH PL, RENTON, WA, 98059-7336, UNITED STATES",False,False,False,
457,R & S INVESTMENTS LLC,"2018 SUNCREST FAMILY INVESTMENTS, L.L.C.",604 366 751,1247972,"5616 71ST AVENUE CT W, UNIVERSITY PL, WA, 98467-2179, UNITED STATES",False,False,False,
458,R & S INVESTMENTS LLC,2475HARKSELL INVESTMENT INC.,604 339 360,1237543,"288 MARTIN ST # 313, BLAINE, WA, 98230-4045, UNITED STATES",False,False,False,
459,R & S INVESTMENTS LLC,2490 REAL ESTATE INVESTMENT'S LLC,604 513 982,1317928,"2490 DEXTER AVE N, SEATTLE, WA, 98109-2224, UNITED STATES",False,False,False,
460,R & S INVESTMENTS LLC,2ND AVENUE REAL ESTATE INVESTMENTS LLC,603 162 861,83173,"208 JAMES ST, SUITE C, SEATTLE, WA, 98104-2220, UNITED STATES",False,False,False,
461,R & S INVESTMENTS LLC,"30036 BARAJAS INVESTMENT GROUP, LLC",604 657 967,1388694,,True,False,False,
462,R & S INVESTMENTS LLC,3RD AVENUE REAL ESTATE INVESTMENTS LLC,604 981 335,1601978,"208 JAMES ST, SEATTLE, WA, 98104-2220, UNITED STATES",True,False,False,
463,R & S INVESTMENTS LLC,4 HORSEMAN INVESTMENTS,602 918 405,269195,"1032 U OF PUGET SOUND 1500 N WARNER, TACOMA, WA, 98416-0001, UNITED STATES",False,False,False,
464,R & S INVESTMENTS LLC,"4 LEAF CLOVER REAL ESTATE INVESTMENTS, L.L.C.",603 045 787,8208,"7350 CIRQUE DR W STE 201, UNIVERSITY PL, WA, 98467-2241, UNITED STATES",False,False,False,
465,R & S INVESTMENTS LLC,4105 FIRST AVENUE SOUTH INVESTMENTS LLC,602 812 824,75532,"159 S JACKSON ST, SUITE 320, SEATTLE, WA, 98104-3097, UNITED STATES",False,False,False,
466,R & S INVESTMENTS LLC,"423 TERRY D&S INVESTMENTS, LLC",604 408 079,1265498,"12522 NE 4TH PL, BELLEVUE, WA 98005, BELLEVUE, WA, 98005, UNITED STATES",False,False,False,
467,R & S INVESTMENTS LLC,4TH AVE REAL ESTATE INVESTMENT LLC,604 054 981,215546,"6955 SE 33RD ST, MERCER ISLAND, WA, 98040-3323, UNITED STATES",False,False,False,
468,R & S INVESTMENTS LLC,"5 STAR REAL ESTATE INVESTMENTS, LLC",602 624 571,90835,"5617 AUBURN WAY S, AUBURN, WA, 98092-7348, UNITED STATES",False,False,False,
469,R & S INVESTMENTS LLC,509 REAL ESTATE INVESTMENTS LLC,604 872 524,1535628,"7811 VENDOVI DR, PASCO, WA, 99301-9031, UNITED STATES",False,False,False,
470,R & S INVESTMENTS LLC,88 REAL ESTATE INVESTMENT LLC,604 000 544,9424,"12414 HWY 99 #208, EVERETT, WA, 98204, UNITED STATES",False,False,False,
471,R & S INVESTMENTS LLC,995 MARKET STREET SF INVESTMENT LLC,603 292 705,360456,"1910 FAIRVIEW AVE E #200, SEATTLE, WA, 98102, UNITED STATES",False,False,False,
472,R & S INVESTMENTS LLC,A PLAN REAL ESTATE INVESTMENT LLC,604 231 442,1190663,"2415 130TH AVE NE, BELLEVUE, WA, 98005-1740, UNITED STATES",False,False,False,
473,R & S INVESTMENTS LLC,A&R REAL ESTATE INVESTMENTS LLC,604 077 684,1093037,"14105 56TH AVE NW, GIG HARBOR, WA, 98332, UNITED STATES",False,False,False,
474,R & S INVESTMENTS LLC,"A&Y FORESTRY & PROPERTY INVESTMENTS, LLC",604 723 082,1436991,"100 N HOWARD ST STE R, SPOKANE, WA, 99201-0508, UNITED STATES",False,False,False,
475,R & S INVESTMENTS LLC,A+E REAL ESTATE INVESTMENTS LLC,604 756 386,1460646,"583 BATTERY ST APT 2804, SEATTLE, WA, 98121-1990, UNITED STATES",False,False,False,
476,R & S INVESTMENTS LLC,A.W. LARSON INVESTMENTS LLC,602 946 367,408425,"423 PACIFIC AVE STE 402, BREMERTON, WA, 98337-1948, UNITED STATES",False,False,False,
477,WSA PROPERTIES II LLC,"WSA PROPERTIES II, LLC",603 192 022,1057528,"1 MARKET ST STE 2625, SAN FRANCISCO, CA, 94105-1417, UNITED STATES",True,False,False,
478,WSA PROPERTIES II LLC,"WSA PROPERTIES III, LLC",603 192 026,1081413,"1 MARKET ST STE 2625, SAN FRANCISCO, CA, 94105-1417, UNITED STATES",True,False,False,
479,WSA PROPERTIES II LLC,"WSA PROPERTIES VII, LLC",603 228 375,1032665,"1 MARKET ST STE 2625, SAN FRANCISCO, CA, 94105-1417, UNITED STATES",True,False,False,
480,WSA PROPERTIES II LLC,"WSA PROPERTIES VIII, LLC",603 228 379,1032915,"1 MARKET ST STE 2625, SAN FRANCISCO, CA, 94105-1417, UNITED STATES",True,False,False,
481,WSA PROPERTIES II LLC,"WSA PROPERTIES XII, LLC",604 028 449,1089902,"1 MARKET ST STE 2625, SAN FRANCISCO, CA, 94105-1417, UNITED STATES",True,False,False,
482,WSA PROPERTIES II LLC,"WSA PROPERTIES XIII, LLC",604 231 269,1188463,"1 MARKET ST STE 2625, SAN FRANCISCO, CA, 94105-1417, UNITED STATES",True,False,False,
483,QG SEATTLE LLC,QG SEATTLE LLC,603 199 916,384736,"1251 1ST AVE S., SEATTLE, WA, 98134, UNITED STATES",False,False,False,
484,1701 FIRST AVENUE SOUTH LLC,1701 FIRST AVENUE SOUTH LLC,602 642 763,2952,"1701 1ST AVE S., SEATTLE, WA, 98134, UNITED STATES",False,False,False,
485,UV-2225 1ST AVE SOUTH LLC,UV  2225 1ST AVE SOUTH LLC,603 529 116,1064755,"701 5TH AVE STE 6400, SEATTLE, WA, 98104-7100, UNITED STATES",False,False,False,
486,4800 DENVER LLC,"4800 DENVER, LLC",602 656 579,161307,"5005 3RD AVE S, SEATTLE, WA, 98134-2423, UNITED STATES",False,False,False,
