,SearchTerm,BusinessName,UBINumber,BusinessId,Address,address_match,ubi_match,id_match,IsMatch
0,JULIUS HORTON BUILDING L L C,JULIUS HORTON BUILDING LLC,602 286 559,801991,"2914 SW AVALON WAY STE A, SEATTLE, WA, 98126-2375, UNITED STATES",False,False,False,
1,EAGLE RIDGE PLAZA LLC,"EAGLE RIDGE PLAZA, LLC",602 367 071,668719,"1444 185TH AVE NE, BELLEVUE, BELLEVUE, WA, 98008-3309, UNITED STATES",False,False,False,
2,RAINIER VISTA BLOCK 43 OWNER LP,RAINIER VISTA BLOCK 43 OWNER LP,603 038 624,935993,"1600 BROADWAY STE 2000, DENVER, CO, 80202-4929, UNITED STATES",False,False,False,
3,BDR SONATA EAST LLC,BDR SONATA EAST LLC,603 536 910,552308,"989 112TH AVE NE STE 207, BELLEVUE, WA, 98004-8579, UNITED STATES",False,False,False,
4,SUN FO LLC,ABIGAIL RUTH SUNG FOUNDATION,604 865 664,1532129,"15760 NE 4TH ST, BELLEVUE, WA, 98008-4318, UNITED STATES",False,False,False,
5,SUN FO LLC,ASTRIA SUNNYSIDE FOUNDATION,603 310 136,1045643,"1016 TACOMA AVE, SUNNYSIDE, WA, 98944-2263, UNITED STATES",False,False,False,
6,SUN FO LLC,B.A. SUNDERLIN FOUNDRY LLC,605 025 759,1639205,"22537 COLEMANS MILL RD, RUTHER GLEN, VA, 22546-3227, UNITED STATES",False,False,False,
7,SUN FO LLC,BELLEVUE SUNRISE ROTARY FOUNDATION,601 353 859,1099156,"7963 139TH AVE SE, NEWCASTLE, WA, 98059-3228, UNITED STATES",False,False,False,
8,SUN FO LLC,BELLINGHAM SUNRISE ROTARY FOUNDATION,604 177 841,43695,"119 N COMMERCIAL ST STE 1120, BELLINGHAM, WA, 98225-4453, UNITED STATES",False,False,False,
9,SUN FO LLC,"BLUE SUN TERRAFORMING, LLC",603 062 168,580938,"5233 UNIVERSITY WAY NE, SEATTLE, WA, 98105-3546, UNITED STATES",False,False,False,
10,SUN FO LLC,CHASING SUNSHINE TOGETHER FOUNDATION,604 820 632,1498744,"10800 NE 8TH ST STE 150, BELLEVUE, WA, 98004-8546, UNITED STATES",False,False,False,
11,SUN FO LLC,CHINA SUN FOOT MASSAGE LLC,603 165 798,610421,"7903 W GRAND RIDGE BLVD STE#L, KENNEWICK, WA, 98336, UNITED STATES",False,False,False,
12,SUN FO LLC,"CLINISYS, INC",602 314 577,453901,"3300 E SUNRISE DR, TUCSON, AZ, 85718-3208, UNITED STATES",False,False,False,
13,SUN FO LLC,DR. SUN YAT SEN MEMORIAL STATUE FOUNDATION,603 444 544,659369,"4884 BEACON AVE S, SEATTLE, WA, 98108-1501, UNITED STATES",False,False,False,
14,SUN FO LLC,"ESSEX SUNPOINTE LTD., A CALIFORNIA LIMITED PARTNERSHIP",601 166 738,167494,,False,False,False,
15,SUN FO LLC,"EVENTSUNFOLD, INC.",603 115 875,116720,"385 SW MT BAKER DR., ISSAQUAH, WA, 98027, UNITED STATES",False,False,False,
16,SUN FO LLC,FAO SUNSHINE FOUNDATION,602 879 952,1113918,"11101 NE 37TH CIRCLE, VANCOUVER, WA, 98682, UNITED STATES",False,False,False,
17,SUN FO LLC,FEDERAL WAY SUNRISE ROTARY FOUNDATION,602 195 963,1114112,"1617 S 325TH ST, FEDERAL WAY, WA, 98003, UNITED STATES",False,False,False,
18,SUN FO LLC,FERRY COUNTY SUNRISE FOUNDATION,604 554 566,1333723,"147 N CLARK ST STE 6, REPUBLIC, WA, 99166-5153, UNITED STATES",False,False,False,
19,SUN FO LLC,HOWLING SUN FOOD AND BEVERAGE LLC,604 157 887,236251,"9401 NW 28TH CT, VANCOUVER, WA, 98665-6181, UNITED STATES",False,False,False,
20,SUN FO LLC,JESUS NAME TABERNACLE OF ORCHARDS,601 822 755,172492,"5708 NE 105TH AVE, VANCOUVER, WA, 98662-5721, UNITED STATES",False,False,False,
21,SUN FO LLC,JSUN FOOD 4 GOOD LLC,604 987 767,1611330,"6940 MARTIN LUTHER KING JR WAY S, SEATTLE, WA, 98118-3559, UNITED STATES",False,False,False,
22,SUN FO LLC,KARLSVIK/WOOD TIMBER ESTATES,601 631 489,473785,"1215 11TH AVE, FOX ISLAND, WA, 98333, UNITED STATES",False,False,False,
23,SUN FO LLC,KATY STRAALSUND MEMORIAL FOUNDATION,604 008 433,1126099,"19625 81ST PL W, EDMONDS, WA, 98026, UNITED STATES",False,False,False,
24,SUN FO LLC,KITSUNE FOX LLC,603 450 765,812209,"193 SW 2ND ST., STEVENSON, WA, 98648, UNITED STATES",False,False,False,
25,SUN FO LLC,KIWANIS CLUB OF ANACORTES SUNRISERS CHARITABLE FOUNDATION,603 506 960,790974,"1703 TARTAN PL, ANACORTES, WA, 98221-3129, UNITED STATES",False,False,False,
26,SUN FO LLC,KRISUN INFORMATION SYSTEMS LLC,603 086 912,784004,"8201 164TH AVE NE, SUITE 200, REDMOND, WA, 98052, UNITED STATES",False,False,False,
27,SUN FO LLC,LA CONNER SUNRISE FOOD BANK,603 142 827,805543,"602 S 3RD ST, LA CONNER, WA, 98257, UNITED STATES",False,False,False,
28,SUN FO LLC,LACEY SUNRISE LIONS FOUNDATION,602 943 247,286945,"2402 ABERNETHY RD NE, OLYMPIA, WA, 98516-3782, UNITED STATES",False,False,False,
29,ELEVATE PROPCO IX LLC,"ELEVATE PROPCO IX, LLC",604 751 954,1456405,"301 COMMERCE ST STE 3300, FORT WORTH, TX, 76102-4133, UNITED STATES",False,False,False,
30,LEVINSON MAYO LLC,"LEVINSON MAYO, LLC",602 778 024,798165,"601 S NEVADA ST, SEATTLE, WA, 98108, UNITED STATES",False,False,False,
31,BRIDGE POINT SEATTLE 130 LLC,"BRIDGE POINT SEATTLE 130 MEMBER, LLC",604 729 701,1437084,"9525 BRYN MAWR AVE STE 700, SUITE 700, ROSEMONT, IL, 60018-5250, UNITED STATES",True,False,False,
32,BRIDGE POINT SEATTLE 130 LLC,"BRIDGE POINT SEATTLE 130 VENTURE, LLC",604 727 132,1437093,,False,True,True,
33,BRIDGE POINT SEATTLE 130 LLC,"BRIDGE POINT SEATTLE 130 VENTURE, LP",604 727 132,1437093,"9525 BRYN MAWR AVE STE 700, SUITE 700, ROSEMONT, IL, 60018-5250, UNITED STATES",True,True,True,
34,BRIDGE POINT SEATTLE 130 LLC,"BRIDGE POINT SEATTLE 130, LLC",604 723 371,1437076,"9525 BRYN MAWR AVE STE 700, SUITE 700, ROSEMONT, IL, 60018-5250, UNITED STATES",True,False,False,
35,SOUTH ALASKA STREET REAL ESTATE INVESTMENTS LLC,SOUTH ALASKA STREET REAL ESTATE INVESTMENTS LLC,604 976 250,1601984,"208 JAMES ST, SEATTLE, WA, 98104-2220, UNITED STATES",False,False,False,
36,5950 BUILDING LLC,"5950 BUILDING, LLC",602 495 903,237713,"1325 4TH AVE STE 1530, SEATTLE, WA, 98101-2546, UNITED STATES",False,False,False,
37,3601 W MARGINAL WAY SW LIMITED PS,3601 W. MARGINAL WAY S.W. LIMITED PARTNERSHIP,602 547 866,5260,"270 S HANFORD ST STE 100, SEATTLE, WA, 98134, UNITED STATES",False,False,False,
38,SEATTLE HATHAWAY 75 LLC,"SEATTLE HATHAWAY 75, LLC",604 283 546,1205117,"113 CHERRY ST # 83202, SEATTLE, WA, 98104-2205, UNITED STATES",False,False,False,
39,TRUPANION-APIC LLC,"6100 BUILDING, LLC",604 271 077,1212000,"6100 4TH AVE S, SUITE 200, SEATTLE, WA, 98108-3234, UNITED STATES",False,True,True,
40,TRUPANION-APIC LLC,"TRUPANION-APIC, LLC",604 271 077,1212000,,False,True,True,
41,LANDMARK BUILDING & HOLDING CO LLC,LANDMARK BUILDING AND HOLDING COMPANY LLC,603 222 332,188450,"7525 SE 24TH ST STE 600, MERCER ISLAND, WA, 98040-2300, UNITED STATES",False,False,False,
42,BALLARD APARTMENTS LLC,BALLARD APARTMENTS LLC,602 675 166,564138,"400 HOWARD ST, SAN FRANCISCO, CA, 94105-9876, UNITED STATES",False,False,False,
43,BALLARD APARTMENTS LLC,"BALLARD 63RD APARTMENT, LLC",604 749 406,1451148,"4120 NE SURBER DR, SEATTLE, WA, 98105-5411, UNITED STATES",False,False,False,
44,BALLARD APARTMENTS LLC,BALLARD APARTMENT DEVELOPERS LLC,604 994 552,1613035,"310 MADISON AVE S STE A, BAINBRIDGE IS, WA, 98110-2594, UNITED STATES",False,False,False,
45,BALLARD APARTMENTS LLC,BALLARD APARTMENTS HOLDINGS LP,603 472 429,560704,"7 GIRALDA FARMS, 3RD FLOOR, MADISON, NJ, 07940, UNITED STATES",True,False,False,
46,BALLARD APARTMENTS LLC,"BALLARD COURT APARTMENTS, LLC",603 104 009,54451,"18682 FJORD DRIVE, POULSBO, WA, 98370, UNITED STATES",False,False,False,
47,BALLARD APARTMENTS LLC,BALLARD COURTYARD APARTMENTS LLC,603 372 886,50703,"2616 NW 59TH ST, SEATTLE, WA, 98107, UNITED STATES",False,False,False,
48,BALLARD APARTMENTS LLC,ROBINSON BALLARD APARTMENT LLC,603 152 759,411450,"1748 56TH NW, SEATTLE, WA, 98107, UNITED STATES",False,False,False,
49,BALLARD APARTMENTS LLC,USPF BALLARD APARTMENTS GP LLC,603 493 136,1044565,"7 GIRALDA FARMS, 3RD FLOOR, MADISON, NJ, 07940, UNITED STATES",True,False,False,
50,GALLAGHER 1521 LLC,GALLAGHER 1521 LLC,604 069 430,707504,"9515 31ST AVE NW, SEATTLE, WA, 98117-2616, UNITED STATES",False,False,False,
51,BALLARD LANDMARK INN LLC,"BALLARD LANDMARK INN, LLC",602 467 702,571377,"2001 WESTERN AVE STE 330, SEATTLE, WA, 98121, UNITED STATES",False,False,False,
52,HLI KOI LLC,"HLI KOI, LLC",603 401 603,231308,"601 S. FIGUEROA STREET, 49TH FLOOR, LOS ANGELES, CA, 90017, UNITED STATES",False,False,False,
53,EQR-MARKET STREET LANDING L L C,"EQR-MARKET STREET LANDING, LLC",603 056 864,675686,"TWO NORTH RIVERSIDE PLAZA, SUITE 400, CHICAGO, IL, 60606, UNITED STATES",False,False,False,
54,PPF AMLI 2428 NW MARKET STREET LLC,"PPF AMLI 2428 NW MARKET STREET, LLC",603 156 556,942722,"2428 NW MARKET ST, SEATTLE, WA, 98107-4162, UNITED STATES",False,False,False,
55,EQR -TALLMAN LLC,"EQR-TALLMAN, LLC",603 286 951,163493,"TWO NORTH RIVERSIDE PLAZA, SUITE 400, CHICAGO, IL, 60606, UNITED STATES",False,False,False,
56,SOREN APARTMENTS LLC,SOREN APARTMENTS LLC,603 565 900,447364,"5711 24TH AVE NW, SEATTLE, WA, 98107-3456, UNITED STATES",False,False,False,
57,FHF I BALLARD LOFTS LLC,"FHF I BALLARD LOFTS, LLC",604 064 636,689528,"1 FEDERAL ST FL 17, BOSTON, MA, 02110-2003, UNITED STATES",False,False,False,
58,VIVE APARTMENTS LLC,VIVE APARTMENTS LLC,604 064 388,509047,"9757 NE JUANITA DR STE 300, KIRKLAND, WA, 98034, UNITED STATES",False,False,False,
59,SS MARKET STREET LLC,"ANDERSON MARKET STREET, LLC",604 052 457,545282,"505 MARKET ST, SUITE A, KIRKLAND, WA, 98033-6152, UNITED STATES",False,False,False,
60,SS MARKET STREET LLC,ASC BALLARD LLC,604 258 494,1196586,"415 118TH AVE SE, BELLEVUE, WA, 98005-3518, UNITED STATES",False,True,True,
61,SS MARKET STREET LLC,ASC MARKET STREET LLC,604 258 494,1196586,,False,True,True,
62,SS MARKET STREET LLC,"PROSSER MARKET STREET, LLC",603 427 048,385037,"912 YAKIMA AVE, PROSSER, WA, 99350-1375, UNITED STATES",False,False,False,
63,SS MARKET STREET LLC,SOUTH MARKET STREET LOFTS CONDOMINIUM ASSOCIATION,604 540 198,1393561,"2800 THORNDYKE AVE W, SEATTLE, WA, 98199-2934, UNITED STATES",False,False,False,
64,SS MARKET STREET LLC,"SS MARKET STREET, LLC",604 155 727,948701,"4901 VINELAND RD, Suite 350, ORLANDO, FL, 32811-7192, UNITED STATES",False,False,False,
65,4722 BALLARD AVENUE NW LLC,4722 BALLARD AVENUE NW LLC,604 836 784,1515115,"4722 BALLARD AVE NW, SEATTLE, WA, 98107, UNITED STATES",False,False,False,
66,1515 LEARY WAY ASSOCIATES LLC,1515 LEARY WAY ASSOCIATES LLC,603 182 355,61178,"5807 KENWOOD PL N, SEATTLE, WA, 98103, UNITED STATES",False,False,False,
67,RRDS LLC,123 N BROWER RD LLC,604 997 677,1617244,"3010 E FRUITVALE AVE, GILBERT, AZ, 85297-5261, UNITED STATES",False,False,False,
68,RRDS LLC,12TH AVENUE RIVER RD LLC,603 129 467,21066,"1310/1312 12TH AVE NW, PUYALLUP, WA, 98371, UNITED STATES",False,False,False,
69,RRDS LLC,1802 MINOR RD LLC,604 624 127,1364515,"1802 MINOR RD, KELSO, WA, 98626-0000, UNITED STATES",False,False,False,
70,RRDS LLC,"2106 NE PARKER RD COUPEVILLE, WA 98239 LLC",604 120 910,63388,"2106 NE PARKER RD, COUPEVILLE, WA, 98239, UNITED STATES",False,False,False,
71,RRDS LLC,"2604 CENTER RD, LLC",603 476 194,7209,"906 W. 2ND AVE, STE 100, SPOKANE, WA, 99201, UNITED STATES",False,False,False,
72,RRDS LLC,"36196 OEHLSCHLAEGER RD N, LLC",604 969 712,1594272,"10019 E KNOX AVE, SPOKANE VLY, WA, 99206-4156, UNITED STATES",False,False,False,
73,RRDS LLC,"3882 CLEARWATER RD., LLC",603 601 805,62037,"3212 COVE LN NW, OLYMPIA, WA, 98502-3934, UNITED STATES",False,False,False,
74,RRDS LLC,"4617 CARPENTER RD SE, LLC",604 672 635,1406011,"3923 38TH AVE NW, GIG HARBOR, WA, 98335-8231, UNITED STATES",False,False,False,
75,RRDS LLC,5048 BYERS RD LLC,605 002 646,1618430,"5341 MYERS DR, FERNDALE, WA, 98248-8982, UNITED STATES",False,False,False,
76,RRDS LLC,"8316 JOHN DOWER RD SW, LLC",602 581 813,8374,"6414 76TH ST CT W, LAKEWOOD, WA, 98499, UNITED STATES",False,False,False,
77,RRDS LLC,98 SCHOUWEILER RD LLC,604 539 074,1322114,"3607 197TH AVENUE CT E, LAKE TAPPS, WA, 98391-9042, UNITED STATES",False,False,False,
78,RRDS LLC,9917 SAUNDERS RD LLC,604 125 465,1092795,"9917 SAUNDERS RD PESHASTIN, WA 98847, PESHASTIN, WA, 98847, UNITED STATES",False,False,False,
79,RRDS LLC,"ABBY BARR DESIGN, LLC",604 232 239,1187610,"1413 QUEEN ANNE AVE N APT 6, SEATTLE, WA, 98109-5726, UNITED STATES",False,False,False,
80,RRDS LLC,"ALAN R. CARR, D.D.S., P.S.",600 583 736,21348,"4717 153RD AVE SE, BELLEVUE, WA, 98006-3245, UNITED STATES",False,False,False,
81,RRDS LLC,ALEXANDER RD LLC,602 910 688,28858,"3025 LAKE DR, LAKE STEVENS, WA, 98258, UNITED STATES",False,False,False,
82,RRDS LLC,"BEN BURR DEVELOPMENT, LLC",603 420 108,557206,"225 W MAIN AVE, STE 200, SPOKANE, WA, 99201, UNITED STATES",False,False,False,
83,RRDS LLC,BLERRDVISION MEDIA COMPANY,604 708 528,1425945,"301 UNION ST # 21867, SEATTLE, WA, 98111-1637, UNITED STATES",False,False,False,
84,RRDS LLC,"BRIAN KERR, D.M.D., P.S.",600 214 608,574328,"8520 STEILACOOM BLVD SW STE 202, LAKEWOOD, WA, 98498-4773, UNITED STATES",False,False,False,
85,RRDS LLC,"BRIAN V. KERR, D.M.D. AND RAYMOND E. IANNIELLI, D.D.S., PLLC",603 238 331,795820,"59 NE FAIRGROUNDS RD, BREMERTON, WA, 98311-8609, UNITED STATES",False,False,False,
86,RRDS LLC,CARR DEVELOPMENT GROUP LLC,604 861 501,1524810,"689 DOLPHIN AVE NE # 363, OCEAN SHORES, WA, 98569-9901, UNITED STATES",False,False,False,
87,RRDS LLC,CARTER RD APARTMENTS LLC,604 008 763,603641,"326 240TH ST SE, BOTHELL, WA, 98021-8716, UNITED STATES",False,False,False,
88,RRDS LLC,"CHRISTOPHER KERR, D.D.S., PLLC",603 182 164,108682,"55 NE FAIRGROUNDS RD STE 104, BREMERTON, WA, 98311-8629, UNITED STATES",False,False,False,
89,RRDS LLC,"COLUMBIA RIVER RDP, LLC",604 534 396,1320796,"2431 BASALT DR NW, QUINCY, WA, 98848-9638, UNITED STATES",False,False,False,
90,RRDS LLC,CORR DEMOLITION LLC,604 549 732,1393199,"4127 S SHERIDAN AVE, TACOMA, WA, 98418-2504, UNITED STATES",False,False,False,
91,RRDS LLC,CORR DOWNS MOUNTAIN LLC,604 634 858,1372697,"1912 5TH AVE W, SEATTLE, WA, 98119-2808, UNITED STATES",False,False,False,
92,ALISUE LLC,ALISUE LLC,604 624 908,1364287,"185 NW SPANISH RIVER BLVD STE 100, BOCA RATON, FL, 33431-4230, UNITED STATES",False,False,False,
93,SHILSHOLE CFA LLC,SHILSHOLE CFA LLC,604 658 671,1388823,"1400 HUBBELL PL APT 1510, SEATTLE, WA, 98101-1910, UNITED STATES",False,False,False,
94,NW INDUSTRIAL MARINE,NW INDUSTRIAL MARINE A WASHINGTON LIMITED LIABILITY COMPANY,602 057 989,349922,"5656 39TH AVE W, SEATTLE, WA, 98199-1031, UNITED STATES",False,False,False,
95,BUILDINGS A & A EAST AT 1118 NW LEARY WAY L L C,BUILDINGS A & A EAST AT 1118 NW LEARY WAY LLC,602 423 581,597053,"1141 NW 50TH ST, SEATTLE, WA, 98107-5120, UNITED STATES",False,False,False,
96,HATCH FAMILY PROPERTIES LLC,"HATCH FAMILY PROPERTIES, LLC",604 383 320,1253943,"1337 LOWER MARINE DR, BREMERTON, WA, 98312-2437, UNITED STATES",False,False,False,
97,GEORGETOWN INC LLC,"5813 W GEORGETOWN, LLC",604 871 171,1536979,"3225 MCLEOD DR STE 100, LAS VEGAS, NV, 89121-2257, UNITED STATES",True,False,False,
98,GEORGETOWN INC LLC,"5817 W GEORGETOWN, LLC",604 876 225,1536995,"3225 MCLEOD DR STE 100, LAS VEGAS, NV, 89121-2257, UNITED STATES",True,False,False,
99,GEORGETOWN INC LLC,ATLANTA GEORGETOWN RETIREMENT RESIDENCE LLC,602 691 341,552746,"3121 MICHELSON DR STE 175, IRVINE, CA, 92612-5678, UNITED STATES",False,False,False,
100,GEORGETOWN INC LLC,BLOGGING GEORGETOWN L.L.C.,603 027 966,579328,"6232 CARLETON AVE S, SEATTLE, WA, 98108, UNITED STATES",False,False,False,
101,GEORGETOWN INC LLC,BUILT IN GEORGETOWN LLC,604 081 056,79261,"308 E REPUBLICAN ST, UNIT 104, SEATTLE, WA, 98102-4757, UNITED STATES",False,False,False,
102,GEORGETOWN INC LLC,ELLIS GEORGETOWN LLC,602 646 688,672060,"2014 30TH AVE S, SEATTLE, WA, 98144, UNITED STATES",False,False,False,
103,GEORGETOWN INC LLC,FRIENDS OF GEORGETOWN HISTORY,603 568 376,219838,"6601 CARLETON AVE S UNIT A, SEATTLE, WA, 98108-3554, UNITED STATES",False,False,False,
104,GEORGETOWN INC LLC,"GEORGETOWN 7, LLC",604 676 767,1407610,"6234 STANLEY AVE S, SEATTLE, WA, 98108, UNITED STATES",False,False,False,
105,GEORGETOWN INC LLC,"GEORGETOWN APOTHECARY, LLC",603 356 106,132209,"316 S BRANDON, SEATTLE, WA, 98108, UNITED STATES",False,False,False,
106,GEORGETOWN INC LLC,"GEORGETOWN ARTS, LLC",604 024 174,1116695,"115 DORFFEL DR E, SEATTLE, WA, 98112-5001, UNITED STATES",False,False,False,
107,GEORGETOWN INC LLC,GEORGETOWN ASSOCIATES LLP,601 816 552,708970,"1200 ALKI AVE SW UNIT 1, SEATTLE, WA, 98116-4883, UNITED STATES",False,False,False,
108,GEORGETOWN INC LLC,GEORGETOWN AUTO BROKERS LLC,603 480 742,721651,"4140 52ND AVE SW, SEATTLE, WA, 98116, UNITED STATES",False,False,False,
109,GEORGETOWN INC LLC,GEORGETOWN BALLROOM SEATTLE LLC,602 692 287,204454,"5625 AIRPORT WAY S, 5625 AIRPORT WAY S, SEATTLE, WA, 98108-2763, UNITED STATES",False,False,False,
110,GEORGETOWN INC LLC,"GEORGETOWN BIERGARTEN, LLC",604 788 838,1478239,"717 S MICHIGAN ST, SEATTLE, WA, 98108-2636, UNITED STATES",False,False,False,
111,GEORGETOWN INC LLC,GEORGETOWN BOTTLING LLC,604 135 211,204455,,True,True,True,
112,GEORGETOWN INC LLC,GEORGETOWN BOTTLING SPC,604 135 211,204455,"6932 CARLETON AVE S, SEATTLE, WA, 98108-3551, UNITED STATES",False,True,True,
113,GEORGETOWN INC LLC,"GEORGETOWN BREWERY, LLC",604 779 591,1478238,,True,False,False,
114,GEORGETOWN INC LLC,GEORGETOWN BUILDING LLC,605 010 937,1622268,"2914 SW AVALON WAY STE A, SEATTLE, WA, 98126-2375, UNITED STATES",False,False,False,
115,GEORGETOWN INC LLC,GEORGETOWN CANNABIS COMPANY LLC,603 350 076,194108,,True,True,True,
116,GEORGETOWN INC LLC,"GEORGETOWN CAPITAL, LLC",602 972 898,710010,"8413 375TH AVE SE, SNOQUALMIE, WA, 98065-9323, UNITED STATES",False,False,False,
117,GEORGETOWN INC LLC,GEORGETOWN CC LLC,603 350 076,194108,"6111 12TH AVE S, SEATTLE, WA, 98108-2703, UNITED STATES",False,True,True,
118,GEORGETOWN INC LLC,"GEORGETOWN CENTER INVESTMENT GROUP, INC.",602 601 292,720905,"865 S FIGUEROA ST STE 3500, LOS ANGELES, CA, 90017, UNITED STATES",False,False,False,
119,GEORGETOWN INC LLC,GEORGETOWN COLLECTION LLC,604 746 364,1454717,"6930 FLORA AVE S, SEATTLE, WA, 98108-3541, UNITED STATES",False,False,False,
120,GEORGETOWN INC LLC,GEORGETOWN COMMUNITY CHURCH,601 144 856,199524,,True,False,False,
121,GEORGETOWN INC LLC,GEORGETOWN COMMUNITY DEVELOPMENT AUTHORITY,604 496 509,1307543,"6555 5TH AVE S, SEATTLE, WA, 98108-3433, UNITED STATES",False,False,False,
122,HISTORICAL SOCIETY OF SEATTLE & KING COUNTY,HISTORICAL SOCIETY OF SEATTLE AND KING COUNTY,178 072 575,757036,"860 TERRY AVE N, SEATTLE, WA, 98109-4330, UNITED STATES",False,False,False,
123,GEORGETOWN REAL ESTATE LLC,"GEORGETOWN REAL ESTATE, LLC",603 019 955,712142,"5614 7TH AVE S, SEATTLE, WA, 98108-2644, UNITED STATES",False,False,False,
124,NW CORPORATE PARK LLC,"NW CORPORATE PARK, LLC",603 223 982,902119,"1145 PARKSIDE DR E, SEATTLE, WA, 98112-3715, UNITED STATES",False,False,False,
125,NW CORPORATE PARK LLC,NWB RIDGEWOOD CORPORATE PARK LLC,604 326 170,1231388,"10230 NE POINTS DR STE 410, KIRKLAND, WA, 98033-7897, UNITED STATES",False,False,False,
126,FREEWAY PROPERTIES LLC,"FREEWAY PROPERTIES, L.L.C.",602 081 460,195302,"18251 13TH AVENUE NW, SHORELINE, WA, 98177, UNITED STATES",False,False,False,
127,KAPPA ALPHA THETA FRATERNITY HOUSING CORPORATION,KAPPA ALPHA THETA FRATERNITY HOUSING CORPORATION DBA KAPPA ALPHA THETA FHC A NONPROFIT CORPORATION,604 304 574,1221425,"8740 FOUNDERS RD, INDIANAPOLIS, IN, 46268-1337, UNITED STATES",False,False,False,
128,JLW UNIVERSITY INVESTMENTS LLC,"JLW UNIVERSITY INVESTMENTS, LLC",603 474 054,267463,"103 118TH AVE SE STE 300, BELLEVUE, WA, 98005-3753, UNITED STATES",False,False,False,
129,SPRINGTREE PROFESSIONAL LLC,SPRINGTREE PROFESSIONAL LLC,604 529 574,1389634,"4026 NE 55TH ST STE D200, SEATTLE, WA, 98105-2220, UNITED STATES",False,False,False,
130,THOMAS NORTHLAKE LLC,"THOMAS NORTHLAKE, LLC",602 006 438,1009982,"100 NE NORTHLAKE WAY, SEATTLE, WA, 98105-6869, UNITED STATES",False,False,False,
131,MRM UNION BAY LLC,"MRM UNION BAY, LLC",603 259 582,875312,"4625 UNION BAY PL NE, SEATTLE, WA, 98105-4026, UNITED STATES",False,False,False,
132,VILLA ACADEMY,VILLA ACADEMY,601 059 386,1072608,"5001 NE 50TH ST, SEATTLE, WA, 98105-2801, UNITED STATES",False,False,False,
133,VILLA ACADEMY,DISCOVERY VILLAGE ACADEMY LLC,604 083 764,644626,"4835 BORGEN BLVD, GIG HARBOR, WA, 98332, UNITED STATES",False,False,False,
134,VILLA ACADEMY,GLOBAL VILLAGE PREPARATORY ACADEMY LLC,603 528 588,725499,"130 HERRON CREEK RD, REPUBLIC, WA, 99166-9500, UNITED STATES",False,False,False,
135,VILLA ACADEMY,"LITTLE VILLAGE ACADEMY, LLC",602 815 743,1129679,,False,True,True,
136,VILLA ACADEMY,"LITTLE VILLAGE CHILD ENRICHMENT CENTER, LLC",602 815 743,1129679,"2901 S 12TH ST, TACOMA, WA, 98405-2540, UNITED STATES",False,True,True,
137,VILLA ACADEMY,VILLA ACADEMY VIKING CLUB,603 260 611,504259,"701 5TH AVE STE 7000, SEATTLE, WA, 98104, UNITED STATES",False,False,False,
138,VILLA ACADEMY,VILLA VISTA LANGUAGE ACADEMY LLC,602 566 285,1072624,"724 E HASTINGS RD, SPOKANE, WA, 99218, UNITED STATES",False,False,False,
139,VILLA ACADEMY,VILLAGE SCHOOLHOUSE ACADEMY,602 950 906,1082465,"860 FRONT ST S, ISSAQUAH, WA, 98027-4204, UNITED STATES",False,False,False,
140,US ALLIANCE BROADSTONE NE SEATTLE LLC,"US ALLIANCE BROADSTONE NE SEATTLE, LLC",604 541 667,1394258,"7135 E CAMELBACK ROAD, SUITE 360, SCOTTSDALE, AZ, 85251, UNITED STATES",False,False,False,
141,GARFIELD FAMILY LLC,GARFIELD FAMILY LLC,602 208 944,196342,"324 NE 45TH ST, SEATTLE, WA, 98105-6134, UNITED STATES",False,False,False,
142,GARFIELD FAMILY LLC,THE RICHARD & LILY GARFIELD FAMILY LIMITED PATNERSHIP,602 025 164,1037913,"1001 FOURTH AVE PLZ STE 4333, SEATTLE, WA, 98154, UNITED STATES",False,False,False,
143,RIVENDELL PROPCO LLC,RIVENDELL PROPCO LLC,604 683 858,1408666,"250 FILLMORE ST, SUITE 150, DENVER, CO, 80206-5029, UNITED STATES",False,False,False,
144,LOTHLORIEN PROPCO LLC,LOTHLORIEN PROPCO LLC,604 680 928,1408665,"250 FILLMORE ST, SUITE 150, DENVER, CO, 80206, UNITED STATES",False,False,False,
145,LAKEVIEW MEDICAL BUILDING LLC,"LAKEVIEW MEDICAL BUILDING, LLC",602 456 711,287254,"1421 34TH AVE # 300, SEATTLE, WA, 98122, UNITED STATES",False,False,False,
146,LAKEVIEW MEDICAL BUILDING LLC,"LAKEVIEW MEDICAL DENTAL BUILDING ASSOCIATES, A LIMITEDPARTNERSHIP",601 986 619,822936,,False,False,False,
147,BLUME 45TH LLC,BLUME 45TH LLC,602 017 630,88809,"617 EASTLAKE AVE E, #340, SEATTLE, WA, 98109-5681, UNITED STATES",False,False,False,
148,SEATTLE COMMUNITY CHURCH,SEATTLE COMMUNITY CHURCH,601 900 617,422673,"4501 46TH AVE NE, SEATTLE, WA, 98105-3811, UNITED STATES",False,False,False,
149,SEATTLE COMMUNITY CHURCH,SEATTLE COVENANT COMMUNITY CHURCH,603 387 993,961620,"7465 S 112TH ST, SEATTLE, WA, 98178-3102, UNITED STATES",False,False,False,
150,SEATTLE COMMUNITY CHURCH,SEATTLE GRATIA COMMUNITY CHURCH,603 288 672,429479,"4500 9TH AVE NE STE 300, SEATTLE, WA, 98105-4762, UNITED STATES",False,False,False,
151,SEATTLE COMMUNITY CHURCH,SEATTLE SARANG COMMUNITY CHURCH,603 158 470,988681,"3102 52ND PL NE, TACOMA, WA, 98422-4564, UNITED STATES",False,False,False,
152,NORTHCUT HOLDINGS LLC,NORTHCUT HOLDINGS LLC,603 241 231,875014,"2811 E MADISON ST, SUITE 300, SEATTLE, WA, 98112-4869, UNITED STATES",False,False,False,
153,RUSSELL PARTNERS,"RUSSELL AND PARTNERS, LLC",602 990 714,406569,"3115 E. LK SAMMAMISH SH LN SE, SAMMAMISH, WA, 98075, UNITED STATES",False,False,False,
154,RUSSELL PARTNERS,RUSSELL PARTNERS LLC,604 004 289,918128,"232 AURORA AVE N, SEATTLE, WA, 98109, UNITED STATES",False,False,False,
155,YOUTHCARE,YOUTHCARE,600 535 205,1035763,"2500 NE 54TH ST # 100, SEATTLE, WA, 98105-3142, UNITED STATES",False,False,False,
156,YOUTHCARE,CHILD AND YOUTH CARE ORGANIZATION,604 589 228,1344335,"14729 NE 8TH STREET APT 2, BELLEVUE, WA, 98007, UNITED STATES",False,False,False,
157,SPBS LLC,"2819 SPB, LLC",604 273 503,1199506,"3225 MCLEOD DR STE 100, LAS VEGAS, NV, 89121-2257, UNITED STATES",False,False,False,
158,SPBS LLC,BALFOUR/SPBC L.P.,601 572 531,547293,"1101 N NORTHLAKE WAY #106, SEATTLE, WA, 98103, UNITED STATES",False,False,False,
159,SPBS LLC,BSPB LLC,604 090 505,80035,"7826 NE 140TH PL, KIRKLAND, WA, 98034-5353, UNITED STATES",False,False,False,
160,SPBS LLC,"CINNAMON TWISP BAKERY, INC.",601 546 670,624092,"116 N GLOVER ST, TWISP, WA, 98856, UNITED STATES",False,False,False,
161,SPBS LLC,"CRYSTAL VIEW RASPBERRY FARMS, INC.",601 684 473,150374,"536 W. HEMMI ROAD, BELLINGHAM, WA, 98226, UNITED STATES",False,False,False,
162,SPBS LLC,CSPB LLC,603 029 323,638956,"702 EASY ST, WENATCHEE, WA, 98801, UNITED STATES",False,False,False,
163,SPBS LLC,ELI KSP BELMONT LP,604 600 584,1355340,"1700 WESTLAKE AVE N STE 200, SEATTLE, WA, 98109-6212, UNITED STATES",False,False,False,
164,SPBS LLC,"ESP-BC VENTURES, LLC",604 861 021,1526483,"1019 39TH AVE SE STE 220, PUYALLUP, WA, 98374-2116, UNITED STATES",False,False,False,
165,SPBS LLC,"HAUGEN'S RASPBERRIES, INC.",603 568 151,737056,"507 BROOKFIELD COURT, LYNDEN, WA, 98264, UNITED STATES",False,False,False,
166,SPBS LLC,IDEAL WELLNESS PB LLC,604 182 332,240895,"17101 FREESTAD RD, ARLINGTON, WA, 98223-5407, UNITED STATES",False,False,False,
167,SPBS LLC,"ISP BELLEVUE, INC.",601 422 306,978591,"14640 NE 24TH ST, BELLEVUE, WA, 98007-3723, UNITED STATES",False,False,False,
168,SPBS LLC,"JSP BRIDGE CREEK, LLC",604 196 035,1168410,"655 MONTGOMERY ST STE 1700, SAN FRANCISCO, CA, 94111-2633, UNITED STATES",False,False,False,
169,SPBS LLC,KROMA WELLNESS PBC DBA KROMA WELLNESS INC,604 843 555,1516442,"2683 VIA DE LA VALLE STE G254, DEL MAR, CA, 92014-1911, UNITED STATES",False,False,False,
170,SPBS LLC,"MARKWELL RASPBERRY, L.L.C.",601 771 899,830458,"1492 PANGBORN RD, LYNDEN, WA, 98264-9394, UNITED STATES",False,False,False,
171,SPBS LLC,MILE POST 19 RASPBERRY FARM LLC,603 337 540,332785,"18997 SR 20, COUPEVILLE, WA, 98239, UNITED STATES",False,False,False,
172,SPBS LLC,MLSP BELLEVUE HOME LLC,603 547 129,208725,"155 108TH AVE NE #400, BELLEVUE, WA, 98004, UNITED STATES",False,False,False,
173,SPBS LLC,"MSP BRIDGE, LLC",605 086 479,1641054,"2832 MACKENZIE CT, RICHLAND, WA, 99352-8725, UNITED STATES",False,False,False,
174,SPBS LLC,MYOGRASP BODYWORK LLC,604 982 614,1602335,"900 W ROBERT BUSH DR, SOUTH BEND, WA, 98586, UNITED STATES",False,False,False,
175,SPBS LLC,NOTORIOUSPB CORPORATION,603 173 740,901142,"1034 S 230TH ST, DES MOINES, WA, 98198, UNITED STATES",False,False,False,
176,SPBS LLC,PSP BASEBALL CLUB,604 033 594,950016,"29726 NE CHERRY VALLEY RD, DUVALL, WA, 98019, UNITED STATES",False,False,False,
177,SPBS LLC,PSP BUILDERS LLC,605 028 537,1634317,"12107 25TH PL W, EVERETT, WA, 98204-6107, UNITED STATES",False,False,False,
178,SPBS LLC,"PSS PBS NORTHWEST, INC.",601 712 503,382957,,False,False,False,
179,SPBS LLC,R&TSP-BOTHELL LLC,603 102 347,922562,"501 10TH AVE W, KIRKLAND, WA, 98033-4839, UNITED STATES",False,False,False,
180,SPBS LLC,RAINY DAY RASPBERRY FARM LLC,602 849 784,393638,"14707 BROADWAY AVE # B, SNOHOMISH, WA, 98296-7040, UNITED STATES",False,False,False,
181,SPBS LLC,RASPBERRY ACRES LLC,604 704 434,1424376,"18114 N AUSTIN RD, SPOKANE, WA, 99208-8874, UNITED STATES",False,False,False,
182,TYLEE II LLC,BETTY LEE III LLC,602 883 955,573595,"1703 OLYMPIC ST, ABERDEEN, WA, 98520-2219, UNITED STATES",False,False,False,
183,TYLEE II LLC,"TYLEE II, L.L.C.",603 436 724,1002586,"10608 NE 2ND ST, STE 202, BELLEVUE, WA, 98004-5281, UNITED STATES",False,False,False,
184,LEWISON APARTMENTS LLC,LEWISON APARTMENTS LLC,604 535 410,1329027,"3414 97TH AVE SE, MERCER ISLAND, WA, 98040-3128, UNITED STATES",False,False,False,
185,DLK LIMITED LIABILITY COMPANY,DLK LIMITED LIABILITY COMPANY,601 678 194,147329,"14432 JIM CREEK RD, ARLINGTON, WA, 98223-6851, UNITED STATES",False,False,False,
186,DLK LIMITED LIABILITY COMPANY,411 DLK MANAGEMENT LLC,604 786 434,1477403,"6504 94TH ST SW, LAKEWOOD, WA, 98499-1508, UNITED STATES",False,False,False,
187,DLK LIMITED LIABILITY COMPANY,CDLK PROPERTIES LLC,603 526 460,96149,"54 WALLACE ST, STEILACOOM, WA, 98388, UNITED STATES",False,False,False,
188,DLK LIMITED LIABILITY COMPANY,"CHAD L. KLEVEN, D.D.S., P.S.",602 426 941,99445,"870 11TH AVENUE, LONGVIEW, WA 98632, LONGVIEW, WA, 98632, UNITED STATES",False,False,False,
189,DLK LIMITED LIABILITY COMPANY,"D. L.KING CONSTRUCTION, INC.",602 138 473,153190,,True,False,False,
190,DLK LIMITED LIABILITY COMPANY,"D.L.K. ENTERPRISES, INC.",601 208 860,1108119,,True,False,False,
191,DLK LIMITED LIABILITY COMPANY,"D.L.K. MOTORS, INC.",600 633 223,652830,"5001 SOUTH TACOMA WAY, TACOMA, WA, 98409, UNITED STATES",False,False,False,
192,DLK LIMITED LIABILITY COMPANY,"DAVID L. KEMP, MD, P.C.",604 831 341,1507337,"401 GOODING ST N STE 201, TWIN FALLS, ID, 83301-6177, UNITED STATES",False,False,False,
193,DLK LIMITED LIABILITY COMPANY,DL KAYSER CONSTRUCTION LLC,603 147 797,664835,"4815 137TH ST SE, SNOHOMISH, WA, 98296, UNITED STATES",False,False,False,
194,DLK LIMITED LIABILITY COMPANY,"DL KETTLE RIVER FARMS, LLC",604 892 074,1548312,"29 LANCASTER RD, CURLEW, WA, 99118-9661, UNITED STATES",False,False,False,
195,DLK LIMITED LIABILITY COMPANY,DL KIMS LEASING LLC,604 665 213,1396805,"32204 51ST AVE S, AUBURN, WA, 98001-3613, UNITED STATES",False,False,False,
196,DLK LIMITED LIABILITY COMPANY,"DLK CONSTRUCTION, LLC",603 060 791,645753,"1310 FARRAGUT DR, COUPEVILLE, WA, 98239, UNITED STATES",False,False,False,
197,DLK LIMITED LIABILITY COMPANY,DLK COUNSELING PLLC,604 126 816,645754,"1903 NE 124TH ST, SEATTLE, WA, 98125, UNITED STATES",False,False,False,
198,DLK LIMITED LIABILITY COMPANY,"DLK ENGINEERING, LLC",603 529 195,129527,"1300 PLAZA CT N STE 103, LAFAYETTE, CO, 80026-1467, UNITED STATES",False,False,False,
199,DLK LIMITED LIABILITY COMPANY,"DLK EXPORTS, LLC",604 140 569,152292,"4917 LEWIS AVE, BELLINGHAM, WA, 98229, UNITED STATES",False,False,False,
200,DLK LIMITED LIABILITY COMPANY,DLK INVESTMENTS LLC,603 334 935,658940,"4024 OLD HIGHWAY 99, BURLINGTON, WA, 98233-8571, UNITED STATES",False,False,False,
201,DLK LIMITED LIABILITY COMPANY,"DLK INVESTMENTS, LLC",602 722 746,167619,"20917 NE 169TH STREET, WOODINVILLE, WA, 98077, UNITED STATES",False,False,False,
202,DLK LIMITED LIABILITY COMPANY,"DLK MOVING & STORAGE, INC.",601 576 726,653716,"26394 NW PIONEER WAY, POULSBO, WA, 98370, UNITED STATES",False,False,False,
203,DLK LIMITED LIABILITY COMPANY,"DLK ONLINE, LLC",604 235 736,1192163,"335 NW 178TH ST, SHORELINE, WA, 98177-3516, UNITED STATES",False,False,False,
204,DLK LIMITED LIABILITY COMPANY,"DLK, INC. DBA THE CLOSET FACTORY",602 026 580,664845,,True,False,False,
205,DLK LIMITED LIABILITY COMPANY,"DONALD L. KALSO, LLC",602 306 583,148603,,True,False,False,
206,DLK LIMITED LIABILITY COMPANY,EDWARD L. KELLY FAMILY LIMITED PARTNERSHIP,601 979 565,157789,,True,False,False,
207,DLK LIMITED LIABILITY COMPANY,HALE DLK 'OHANA LIMITED PARTNERSHIP,601 589 259,244198,,True,False,False,
208,DLK LIMITED LIABILITY COMPANY,KDLK PROPERTIES LLC,604 926 333,1567176,"5614 7TH ST NW APT 2, WASHINGTON, DC, 20011-3024, UNITED STATES",False,False,False,
209,DLK LIMITED LIABILITY COMPANY,"KINGFISHER - NSDLK, LLC",604 847 822,1517346,"241 RAFT ISLAND DR NW, GIG HARBOR, WA, 98335-5600, UNITED STATES",False,False,False,
210,FORTY TWO THIRTY ONE LLC,FORTY TWO THIRTY ONE LLC,601 934 523,1115245,"4223 12TH AVE NE, SEATTLE, WA, 98105-4223, UNITED STATES",False,False,False,
211,CROSS & CROWN CHURCH,CROSS AND CROWN CHURCH,603 452 575,637838,"4554 12TH AVE NE, SEATTLE, WA, 98105-4524, UNITED STATES",False,False,False,
212,CROSS & CROWN CHURCH,CROSS AND CROWN LUTHERAN CHURCH,601 593 048,636398,"10940 SE 168TH ST, RENTON, WA, 98055-5916, UNITED STATES",False,False,False,
213,SPIRE UDB LP,SPIRE UDB LP,603 622 860,445228,"1420 5TH AVE STE 3650, SEATTLE, WA, 98101-4011, UNITED STATES",False,False,False,
214,GRADUATE SEATTLE OWNER LLC,GRADUATE SEATTLE OWNER LLC,604 076 056,717999,"133 N JEFFERSON ST FL 4, CHICAGO, IL, 60614, UNITED STATES",False,False,False,
215,UNIVERSITY SILVER CLOUD INN,UNIVERSITY SILVER CLOUD INN LIMITED PARTNERSHIP,601 368 728,1042851,"103 118TH AVE SE STE 300, BELLEVUE, WA, 98005-3753, UNITED STATES",False,False,False,
216,PL FIRTH LLC,PL FIRTH LLC,602 508 898,932627,"6747-266TH CT SE, ISSAQUAH, WA, 98029, UNITED STATES",False,False,False,
217,1000 MADISON LLC,"1000 MADISON, LLC",602 573 874,3028,"1100 9TH AVE, SEATTLE, WA, 98101-2756, UNITED STATES",False,False,False,
218,TERRY DENNY BUILDING LLC,"TERRY DENNY BUILDING, LLC",603 050 813,461854,"208 JAMES ST, SUITE C, SEATTLE, WA, 98104-2220, UNITED STATES",False,False,False,
219,OK HOTEL APARTMENTS LLC,OK HOTEL APARTMENTS LLC,604 826 163,1507726,"300 LENORA ST # 246, SEATTLE, WA, 98121-2411, UNITED STATES",False,False,False,
220,SEATTLE 316 FIRST LLC,"SEATTLE 316 FIRST, LLC",604 495 855,1302438,"2448 76TH AVE SE STE 220, MERCER ISLAND, WA, 98040-2744, UNITED STATES",False,False,False,
221,ARDA LLC,1027 ORCHARD AVE LLC,604 663 786,1401673,"1105 COLUMBINE ST, WENATCHEE, WA, 98801-3362, UNITED STATES",False,False,False,
222,ARDA LLC,120 HARVARD AVENUE E LLC,603 284 802,755600,"1200 WESTLAKE AVE N STE 608, SEATTLE, WA, 98109-3529, UNITED STATES",False,False,False,
223,ARDA LLC,1217 LOMBARD AVE OWNERS' ASSOCIATION,604 892 771,1551190,"5663 W TAPPS HWY E, BONNEY LAKE, WA, 98391-8820, UNITED STATES",False,False,False,
224,ARDA LLC,"1970 HARVARD AVENUE EAST, L.L.C.",602 775 670,4563,"1970 HARVARD AVE E #2, SEATTLE, WA, 98102, UNITED STATES",False,False,False,
225,ARDA LLC,"2026 LOMBARD AVE, LLC",605 149 765,1646713,"23107 86TH PL W, EDMONDS, WA, 98026-8279, UNITED STATES",False,False,False,
226,ARDA LLC,"203 WEST ORCHARD AVE, LLC",604 467 975,1303829,"203 W ORCHARD AVE, SELAH, WA, 98942-1331, UNITED STATES",False,False,False,
227,ARDA LLC,"206 HARVARD APT, LLC",603 255 217,62168,"349 16TH AVE E, 100, SEATTLE, WA, 98112, UNITED STATES",False,False,False,
228,ARDA LLC,2218 CEDARDALE LLC,604 691 408,1413149,"522 W RIVERSIDE AVE STE N, SPOKANE, WA, 99201-0580, UNITED STATES",False,False,False,
229,ARDA LLC,"2312 LOMBARD AVE, LLC",602 738 008,6366,"26023 178TH ST SE, MONROE, WA, 98272, UNITED STATES",False,False,False,
230,ARDA LLC,320 HARVARD AVE E LLC,604 319 664,1225804,"2312 2ND AVE N, SEATTLE, WA, 98109-2005, UNITED STATES",False,False,False,
231,ARDA LLC,3202 LOMBARD AVENUE LLC,602 659 518,1092208,"3103 262ND AVE SE, SAMMAMISH, WA, 98075, UNITED STATES",False,False,False,
232,ARDA LLC,"3401 LOMBARD AVE, LLC",604 633 074,1374478,"3225 MCLEOD DR STE 100, LAS VEGAS, NV, 89121-2257, UNITED STATES",False,False,False,
233,ARDA LLC,3419 WEST MALLARD AVENUE LLC,603 136 550,94311,"3419 W MALLARD AVE, SPOKANE, WA, 99208, UNITED STATES",False,False,False,
234,ARDA LLC,4722 BALLARD AVENUE NW LLC,604 836 784,1515115,"4722 BALLARD AVE NW, SEATTLE, WA, 98107, UNITED STATES",False,False,False,
235,ARDA LLC,"4743 BALLARD AVE, LLC",602 848 391,75486,"1620 BROADWAY STE 201, SEATTLE, WA, 98122-2564, UNITED STATES",False,False,False,
236,ARDA LLC,5140 BALLARD AVENUE LLC,602 794 865,6292,"5140 BALLARD AVE NW UNIT B, SEATTLE, WA, 98107-4818, UNITED STATES",False,False,False,
237,ARDA LLC,5233 BALLARD AVE LLC,603 260 727,361339,"5233 BALLARD AVE NW, SEATTLE, WA, 98107-4809, UNITED STATES",False,False,False,
238,ARDA LLC,5301 BALLARD AVE LLC,604 219 294,1181341,"3928 EASTERN AVE N, SEATTLE, WA, 98103-8455, UNITED STATES",False,False,False,
239,ARDA LLC,5419 MAYNARD AVENUE SOUTH LLC,602 849 990,10248,"1701 1ST AVE S., SEATTLE, WA, 98134, UNITED STATES",False,False,False,
240,ARDA LLC,"5421 WOODARD AVENUE, LLC",602 762 224,9464,"980 SE PIONEER WAY, OAK HARBOR, WA, 98277-5730, UNITED STATES",False,False,False,
241,ARDA LLC,"5449 BALLARD AVE, LLC",602 441 532,10252,"2516 NE 24TH ST, RENTON, WA, 98056-8325, UNITED STATES",False,False,False,
242,ARDA LLC,741 HARVARD AVE E LLC,603 247 275,8904,"13930 92ND ST SE # A, SNOHOMISH, WA, 98290, UNITED STATES",False,False,False,
243,ARDA LLC,744 HARVARD AVENUE EAST CONDOMINIUM OWNERS' ASSOCIATION,602 904 433,410621,"612 N 43RD ST, SEATTLE, WA, 98103-7216, UNITED STATES",False,False,False,
244,ARDA LLC,A DOLLAR A DAY FOR A YEAR,603 113 052,12168,"6 164TH ST SE, BOTHELL, WA, 98012, UNITED STATES",False,False,False,
245,ARDA LLC,A'ISHA AZAR DANCE PROJECT,604 655 354,1386738,,False,False,False,
246,NAFICY INVESTMENTS INC,"NAFICY INVESTMENTS, INC.",601 745 015,334573,"4727 FOREST AVE SE, MERCER ISLAND, WA, 98040-0953, UNITED STATES",False,False,False,
247,PUBLIX OWNER LLC,"THE PUBLIX OWNER, LLC",603 445 967,1022286,"4601 6TH AVE S, SEATTLE, WA, 98108-1716, UNITED STATES",False,False,False,
248,ASCONA SEATTLE LLC,ASCONA SEATTLE LLC,604 167 691,41977,"801 2ND AVE STE 700, SEATTLE, WA, 98104-1573, UNITED STATES",False,False,False,
249,INTERNATIONAL HOUSE APARTMENTS LLC,INTERNATIONAL HOUSE APARTMENTS LLC,604 109 108,237451,"30 HUDSON YARDS, 72ND FL, NEW YORK, NY, 10001-2170, UNITED STATES",False,False,False,
250,ALPS HOTEL LLC,ALPS HOTEL LLC,602 294 041,538964,"621 S KING ST, SEATTLE, WA, 98104-2943, UNITED STATES",False,False,False,
251,ALPS HOTEL LLC,ALPHA PAPA HOTEL LLC,604 520 223,1310997,"300 LENORA ST # 831, SEATTLE, WA, 98121-2411, UNITED STATES",False,False,False,
252,SEA WASHINGTON 2010 LLC,"SEA WASHINGTON 2010, LLC",603 214 128,971274,"2398 E CAMELBACK RD STE 200, PHOENIX, AZ, 85016-9025, UNITED STATES",False,False,False,
253,FAIRFIELD WASHINGTON TERRACE LP,FAIRFIELD WASHINGTON TERRACE LP,604 530 063,1321455,"5355 MIRA SORRENTO PL, SUITE 100, SAN DIEGO, CA, 92121-3803, UNITED STATES",False,False,False,
254,MAIN STREET INTERIM LLC,MAIN STREET INTERIM LLC,602 355 440,315546,"409 MAYNARD AVE S, SUITE P2, SEATTLE, WA, 98104, UNITED STATES",False,False,False,
255,MILWAUKEE LLC,MILWAUKEE LLC,602 298 896,207610,"668 S KING ST, SEATTLE, WA, 98104, UNITED STATES",False,False,False,
256,MILWAUKEE LLC,"2320 MILWAUKEE WAY, LLC",603 444 446,1092024,"820 A ST STE 720, TACOMA, WA, 98402-5295, UNITED STATES",True,False,False,
257,MILWAUKEE LLC,"2326 MILWAUKEE WAY, LLC",603 444 431,62568,"820 A ST STE 720, TACOMA, WA, 98402-5295, UNITED STATES",True,False,False,
258,MILWAUKEE LLC,5607 MILWAUKEE AVE E LLC,604 744 672,1453934,"10602 41ST ST E, EDGEWOOD, WA, 98372-2274, UNITED STATES",False,False,False,
259,MILWAUKEE LLC,DCT 700 MILWAUKEE LLC,603 231 956,652477,"1800 WAZEE ST, SUITE 500, DENVER, CO, 80202-1577, UNITED STATES",False,False,False,
260,MILWAUKEE LLC,GREAT MILWAUKEE PACIFIC LLC,604 067 005,702894,"11915 CREEKSIDE DR SW, LAKEWOOD, WA, 98499, UNITED STATES",False,False,False,
261,MILWAUKEE LLC,"MILWAUKEE 8, LLC",604 867 730,1532012,"16108 ASH WAY STE 201, LYNNWOOD, WA, 98087-8781, UNITED STATES",False,False,False,
262,MILWAUKEE LLC,"MILWAUKEE AVENUE, LLC",604 486 115,1296783,"11003 58TH STREET CT E, PUYALLUP, WA, 98372-5863, UNITED STATES",False,False,False,
263,MILWAUKEE LLC,MILWAUKEE COURT HOMEOWNERS ASSOCIATION,603 432 761,323017,"2107 S FRUITLAND, PUYALLUP, WA, 98371, UNITED STATES",False,False,False,
264,MILWAUKEE LLC,MILWAUKEE COURT L.L.C.,603 303 811,843084,"12714 VALLEY AVE E STE B, SUMNER, WA, 98390, UNITED STATES",False,False,False,
265,MILWAUKEE LLC,MILWAUKEE ELECTRIC TOOL CORPORATION,601 013 151,870250,"13135 W LISBON RD, BROOKFIELD, WI, 53005-2550, UNITED STATES",False,False,False,
266,MILWAUKEE LLC,MILWAUKEE INTERNATIONAL INC.,601 011 424,323018,"10250 SW NORTH DAKOTA ST, TIGARD, OR, 97223-4328, UNITED STATES",False,False,False,
267,MILWAUKEE LLC,MILWAUKEE JAMES MADISON HIGH SCHOOL CLASS OF 76,603 606 634,323019,"17611 NE 110TH WAY, REDMOND, WA, 98052, UNITED STATES",False,False,False,
268,MILWAUKEE LLC,MILWAUKEE LAND COMPANY,601 572 117,320758,,False,False,False,
269,MILWAUKEE LLC,MILWAUKEE LAND COMPANY,602 607 922,207609,"32929 NW PEKIN FERRY RD, RIDGEFIELD, WA, 98642-9793, UNITED STATES",False,False,False,
270,MILWAUKEE LLC,MILWAUKEE PARK APARTMENTS LIMITED PARTNERSHIP,602 685 205,334112,"4526 FEDERAL AVE, EVERETT, WA, 98203-2132, UNITED STATES",True,False,False,
271,MILWAUKEE LLC,MILWAUKEE PARK CONDOMINIUM ASSOCIATION,602 958 722,867182,"4526 FEDERAL AVE, EVERETT, WA, 98203-2132, UNITED STATES",True,False,False,
272,MILWAUKEE LLC,"MILWAUKEE RIDGE, LLC",603 439 765,352893,"14311 KENWANDA DR, SNOHOMISH, WA, 98296, UNITED STATES",False,False,False,
273,MILWAUKEE LLC,"MILWAUKEE SITKUM PROPERTY MANAGEMENT, LLC",602 809 942,851414,"1970 MILWAUKEE WAY, TACOMA, WA, 98421-2702, UNITED STATES",False,False,False,
274,MILWAUKEE LLC,"NP 500 MILWAUKEE, LLC",602 598 874,901405,"C/O AEW, 2 SEAPORT LANE, BOSTON, MA, 02210, UNITED STATES",False,False,False,
275,MILWAUKEE LLC,OLD MILWAUKEE CAFE & DESSERT COMPANY LLC,602 733 246,869146,"3102 SIXTH AVE, TACOMA, WA, 98406, UNITED STATES",False,False,False,
276,MILWAUKEE LLC,"OLD MILWAUKEE SOLAR, LLC",604 307 473,1226431,"1414 RALEIGH RD STE 210, CHAPEL HILL, NC, 27517-8202, UNITED STATES",False,False,False,
277,MILWAUKEE LLC,OLD MILWAUKEE SUBDIVISION HOA,604 486 442,1300623,"327 S WOODLAWN LN, SPOKANE, WA, 99216-6035, UNITED STATES",False,False,False,
278,MILWAUKEE LLC,"PIERCE MILWAUKEE, INC.",602 863 503,904387,"2202 N BARTLETT AVE, MILWAUKEE, WI, 53202, UNITED STATES",False,False,False,
279,MILWAUKEE LLC,THE MILWAUKEE ROAD EXPRESS L.L.C.,603 421 693,469908,"2826 W KUHN RD, OTHELLO, WA, 99344, UNITED STATES",False,False,False,
280,HONG KONG BUILDING LLC,HONG KONG BUILDING LLC,602 299 720,729854,"4223 12TH AVE NE, SEATTLE, WA, 98105-5901, UNITED STATES",False,False,False,
281,DA LI INTERNATIONAL LLC,DA LI INTERNATIONAL LLC,603 592 405,649974,"450 S MAIN ST STE 168, SEATTLE, WA, 98104-5172, UNITED STATES",True,False,False,
282,DA LI INTERNATIONAL LLC,ABUNDANT LIFE INTERNATIONAL,601 736 712,12732,"21860 MILITARY RD S, SEATTLE, WA, 98198, UNITED STATES",False,False,False,
283,DA LI INTERNATIONAL LLC,APPLIED APPLICATIONS INTERNATIONAL LLC,603 052 397,37516,"500 COLORADO ST, KELSO, WA, 98626-5593, UNITED STATES",False,False,False,
284,DA LI INTERNATIONAL LLC,DA LI INTERNATIONAL REALTY LLC,604 990 764,1611768,"450 S MAIN ST STE 168, SEATTLE, WA, 98104-5172, UNITED STATES",True,False,False,
285,DA LI INTERNATIONAL LLC,DANMARK OLIVER INTERNATIONAL INC,604 176 855,121533,"1018 E WISHKAH ST # 1028, ABERDEEN, WA, 98520-2937, UNITED STATES",False,False,False,
286,DA LI INTERNATIONAL LLC,"MEDALIST INTERNATIONAL, INC.",602 333 845,316294,,False,False,False,
287,DA LI INTERNATIONAL LLC,SUPER VIDA PUBLISHING INTERNATIONAL LLC,604 777 889,1476406,"522 W RIVERSIDE AVE STE N, SPOKANE, WA, 99201-0580, UNITED STATES",False,False,False,
288,DA LI INTERNATIONAL LLC,UNITED ALLIANCE CARGO INTERNATIONAL LLC,604 077 826,497576,"9316 37TH AVE S, SEATTLE, WA, 98118, UNITED STATES",False,False,False,
289,YESLER TERRACE OWNERS ASSOCIATION,YESLER TERRACE OWNERS ASSOCIATION,603 282 992,531220,"190 QUEEN ANNE AVE N, SEATTLE, WA, 98109-4968, UNITED STATES",False,False,False,
290,HANA PLACE SEATTLE LLC,HANA PLACE SEATTLE LLC,604 429 817,1271799,"701 5TH AVE STE 5700, SEATTLE, WA, 98104-7014, UNITED STATES",False,False,False,
291,EQR-SAXTON LLC,EQR-SAXTON LLC,604 524 395,1322560,"2 N RIVERSIDE PLZ, SUITE 400, CHICAGO, IL, 60606-2624, UNITED STATES",False,False,False,
292,LOUISA HOTEL REDEVELOPMENT LLC,LOUISA HOTEL REDEVELOPMENT LLC,604 163 166,308563,"1414 31ST AVE S STE 300, SEATTLE, WA, 98144-3955, UNITED STATES",False,False,False,
293,IBORROW 201 1ST AVENUE OWNER LLC,IBORROW 201 1ST AVENUE OWNER LLC,604 506 135,1308422,"12100 WILSHIRE BLVD STE 510, LOS ANGELES, CA, 90025-7139, UNITED STATES",False,False,False,
294,KEN LOUIE PROPERTIES L L C,KEN LOUIE PROPERTIES LLC,602 288 255,793138,"8012 17TH AVE NE, SEATTLE, WA, 98115-4420, UNITED STATES",False,False,False,
295,UNICO BOP KORN WALKER LLC,UNICO BOP KORN WALKER LLC,604 509 326,1310047,"1215 FOURTH AVENUE, SUITE 600, SEATTLE, WA, 98161, UNITED STATES",False,False,False,
296,SAT 2400 L L C,"SAT 2400, LLC",602 747 960,1147740,"2900 NE BLAKELEY ST #B, SEATTLE, WA, 98105, UNITED STATES",False,False,False,
297,TRINITY 43RD AVE LLC,TRINITY 43RD AVENUE LLC,602 403 430,1055584,"2825 EASTLAKE AVE E, 200, SEATTLE, WA, 98102-3085, UNITED STATES",False,False,False,
298,ALLEGRO APARTMENTS LLC,ALLEGRO APARTMENTS LLC,603 392 640,538019,"4115 ROOSEVELT WAY NE OFC, OFFICE, SEATTLE, WA, 98105-6494, UNITED STATES",False,False,False,
299,ALLEGRO APARTMENTS LLC,"ALLEGRO APARTMENT PARTNERS, LLC",602 827 380,538018,"C/O GLACIER REAL ESTATE SVCS., 444 NE RAVENNA BLVD, SUITE 101, SEATTLE, WA, 98115, UNITED STATES",False,False,False,
300,CAMPUS VIEW APARTMENTS LLC,"CAMPUS VIEW APARTMENTS II, LLC",602 876 859,599631,"6043 TAMPA AVE STE 101A, TARZANA, CA, 91356-1194, UNITED STATES",True,False,False,
301,CAMPUS VIEW APARTMENTS LLC,"CAMPUS VIEW APARTMENTS, LLC",602 838 488,108628,"6043 TAMPA AVE STE 101A, TARZANA, CA, 91356-1194, UNITED STATES",True,False,False,
302,5200 UNIVERSITY WAY LLC,"5200 UNIVERSITY WAY, LLC",602 803 817,7185,"7500 ROOSEVELT WAY NE, SEATTLE, WA, 98115-4221, UNITED STATES",False,False,False,
303,ADRIA NORTHSTAR PROPERTIES LLC,ADRIA NORTHSTAR PROPERTIES LLC,604 535 413,1329054,"2825 EASTLAKE AVE E STE 200, SEATTLE, WA, 98102-3085, UNITED STATES",False,False,False,
304,COHANIM PLAZA LLC,"COHANIM PLAZA, LLC",603 062 159,614513,"5233 UNIVERSITY WAY NE, SEATTLE, WA, 98105-3546, UNITED STATES",False,False,False,
305,WILSONIAN PROPCO LLC,WILSONIAN PROPCO LLC,604 677 170,1408673,"250 FILLMORE ST, SUITE 150, DENVER, CO, 80206-5029, UNITED STATES",False,False,False,
306,COLLEGIAN COURT L L C,COLLEGIAN COURT LLC,602 181 059,114467,"1225 S WELLER ST STE 500, SEATTLE, WA, 98144-1906, UNITED STATES",False,False,False,
307,LEE PLAZA ASSOCIATES LLC,"LEE PLAZA ASSOCIATES, LLC",603 136 147,813594,"4746 11TH AVE NE #100, SEATTLE, WA, 98105, UNITED STATES",False,False,False,
308,11TH AVENUE & 47TH STREET LLC,"11TH AVENUE & 47TH STREET, LLC",601 881 964,1456,"2001 WESTERN AVE STE 330, SEATTLE, WA, 98121-2133, UNITED STATES",False,False,False,
309,SUNRISE CASCADE L L C,"SUNRISE CASCADE, L.L.C.",602 008 783,453969,"1100 NE 47TH ST STE 100, SEATTLE, WA, 98105-4685, UNITED STATES",False,False,False,
310,47TH STREET DEVELOPMENT LLLP,47TH STREET DEVELOPMENT LLLP,602 999 748,7476,"1253 S JACKSON ST STE A, SEATTLE, WA, 98144-3075, UNITED STATES",False,False,False,
311,FSC REALTY LLC,"FSC REALTY HOLDINGS, LLC",601 848 285,127898,,False,False,False,
312,FSC REALTY LLC,"FSC REALTY MANAGER, LLC",604 052 155,706454,"9606 SANTA MONICA BLVD PH, BEVERLY HILLS, CA, 90210-4421, UNITED STATES",False,False,False,
313,FSC REALTY LLC,"FSC REALTY, LLC",601 849 989,705821,"711 CAPITOL WAY S, STE 204, OLYMPIA, WA, 98501-1267, UNITED STATES",False,False,False,
314,ACC OP 12TH AVENUE LLC,ACC OP (12TH AVENUE) LLC,604 129 029,13027,"12700 HILL COUNTRY BLVD #T-200, AUSTIN, TX, 78738, UNITED STATES",False,False,False,
315,SITCHENSIS HOUSE LLC,SITCHENSIS HOUSE LLC,604 807 952,1492235,"4029 7TH AVE NE, SEATTLE, WA, 98105-6478, UNITED STATES",False,False,False,
316,LIGHTBOX LLC,LIGHTBOX LLC,603 430 068,816860,"1745 SHEA CENTER DR, STE 200, HIGHLANDS RANCH, CO, 80129-1540, UNITED STATES",False,False,False,
317,LIGHTBOX LLC,LIGHTBOX CONSULTING CORP.,604 289 554,1207356,"180 FRONT ST S, ISSAQUAH, WA, 98027-3817, UNITED STATES",False,False,False,
318,LIGHTBOX LLC,LIGHTBOX EXPO LLC,604 268 871,1195113,"10428 64TH PL W, MUKILTEO, WA, 98275-4550, UNITED STATES",False,False,False,
319,LIGHTBOX LLC,LIGHTBOX TECHNOLOGY LLC,604 806 349,1490548,"820 A ST STE 600, TACOMA, WA, 98402-5293, UNITED STATES",False,False,False,
320,ACC OP 11TH AVE LLC,ACC OP (11TH AVENUE) LLC,604 133 023,19350,"12700 HILL COUNTRY BLVD #T-200, AUSTIN, TX, 78738, UNITED STATES",False,False,False,
321,C150-II 4717 BROOKLYN AVE NE LLC,C150-II 4717 BROOKLYN AVE NE LLC,604 278 827,1201787,"110 WILD BASIN RD STE 365, W LAKE HILLS, TX, 78746-3352, UNITED STATES",False,False,False,
322,ACC OP (CORE) LLC,ACC OP (CORE) LLC,604 150 470,22119,"12700 HILL COUNTRY BLVD STE T-200, AUSTIN, TX, 78738-6307, UNITED STATES",False,False,False,
323,PARSONAGE APARTMENTS LLC,"PARSONAGE APARTMENTS, LLC",603 535 441,375332,"737 OLIVE WAY APT 3901, SEATTLE, WA, 98101-3764, UNITED STATES",False,False,False,
324,ARION INVESTMENT L L C,ARION INVESTMENT LLC,603 343 831,55455,"ATTN: LEASING OFFICE, 4230 11TH AVE NE, SEATTLE, WA, 98105-4677, UNITED STATES",False,False,False,
325,ARION INVESTMENT L L C,"ARION UW INVESTMENT, LLC",603 340 023,1096711,"10900 NE 4TH ST STE 1430, BELLEVUE, WA, 98004, UNITED STATES",False,False,False,
326,ARION INVESTMENT L L C,ARION'S PROFESIONAL INVESTMENT LLC,605 020 586,1630312,"29810 NE STAUFFER RD, CAMAS, WA, 98607-9623, UNITED STATES",False,False,False,
327,ARION INVESTMENT L L C,CLARION INVESTMENTS LLC,603 429 569,106695,"PO BOX 614, TROUTDALE, OR, 97060, UNITED STATES",False,False,False,
328,BOWMAN FAMILY I LLC,"BOWMAN FAMILY I, LLC",604 750 969,1458048,"17005 72ND PL W, EDMONDS, WA, 98026-5108, UNITED STATES",True,False,False,
329,BOWMAN FAMILY I LLC,"BOWMAN FAMILY II, LLC",604 754 746,1458052,"17005 72ND PL W, EDMONDS, WA, 98026-5108, UNITED STATES",True,False,False,
330,BOWMAN FAMILY I LLC,"BOWMAN FAMILY III, LLC",604 754 748,1458056,"17005 72ND PL W, EDMONDS, WA, 98026-5108, UNITED STATES",True,False,False,
331,ASIAN PACIFIC PROPERTIES LLC,"ASIAN PACIFIC PROPERTIES, L.L.C.",601 973 661,536149,"4504 16TH AVE NE APT A101, SEATTLE, WA, 98105-4285, UNITED STATES",False,False,False,
332,PAJIS WA L L C,PAJIS WA LLC,602 570 751,892344,"N 3321 DIVISION ST, SPOKANE, WA, 99207, UNITED STATES",False,False,False,
333,PAJIS WA L L C,PAJIS WA-DE LLC,603 048 888,878444,"10 RYE RIDGE, SUITE 200, C/O WIN PROPERTIES, INC., RYE BROOK, NY, 10573, UNITED STATES",False,False,False,
334,WEBER VENTURES LLC,WEBER VENTURES LLC,603 261 097,326903,"4131 11TH AVE NE PH 1, SEATTLE, WA, 98105, UNITED STATES",False,False,False,
335,WEBER VENTURES LLC,"WEBER AG VENTURES, LLC",604 583 633,1342590,"7215 E TREATY LN, SPOKANE, WA, 99217-9349, UNITED STATES",False,False,False,
336,WEBER VENTURES LLC,"WEBER REAL ESTATE VENTURES, LLC",603 471 024,1044304,"6402 TACOMA MALL BLVD, TACOMA, WA, 98409, UNITED STATES",False,False,False,
337,WEBER VENTURES LLC,WEBERIN VENTURES CORP.,604 613 260,1359489,"2751 NE 97TH ST, SEATTLE, WA, 98115-2443, UNITED STATES",False,False,False,
338,NEPTUNE BUILDING LLC,THE NEPTUNE BUILDING LLC,603 166 989,1156056,"NEPTUNE BUILDING LLC, 1305 NE 45TH ST #101, SEATTLE, WA, 98105, UNITED STATES",False,False,False,
339,MALLOY APTS LLC,"MALLOY APTS., L.L.C.",602 046 136,306587,"219 E GARFIELD ST STE 600, SEATTLE, WA, 98102-3785, UNITED STATES",False,False,False,
340,BROOKLYN MAVERICK LLC,"BROOKLYN MAVERICK, LLC",604 576 439,1340124,"4746 11TH AVE NE, SUITE 100, SEATTLE, WA, 98105-4657, UNITED STATES",False,False,False,
341,VILLAGE MANOR LLC,VILLAGE MANOR LLC,602 390 295,1160340,"10900 NE 4TH ST, SUITE 1850, BELLEVUE, WA, 98004-8341, UNITED STATES",False,False,False,
342,VILLAGE MANOR LLC,HREI VILLAGE MANOR LLC,604 728 972,1443357,"600 UNIVERSITY ST STE 2018, SEATTLE, WA, 98101-4114, UNITED STATES",False,False,False,
343,VILLAGE MANOR LLC,"KBE VILLAGE MANOR, LLC",602 812 804,808176,"6010 BAYVIEW DRIVE, MUKILTEO, WA, 98275, UNITED STATES",False,False,False,
344,GRE UNIVERSITY L L C,EVERGREEN CHRISTIAN UNIVERSITY,602 528 718,1113196,"PO BOX 257, OLYMPIA, WA, 98507-0257, UNITED STATES",False,False,False,
345,GRE UNIVERSITY L L C,GRE UNIVERSITY LLC,602 493 683,731551,"2801 ALASKAN WAY STE 310, SEATTLE, WA, 98121-1135, UNITED STATES",False,False,False,
346,GRE UNIVERSITY L L C,GRE UNIVERSITY MANAGER LLC,602 493 680,724138,"2801 ALASKAN WAY STE 200, SEATTLE, WA, 98121, UNITED STATES",False,False,False,
347,GRE UNIVERSITY L L C,GRE WESTERN AND UNIVERSITY LLC,603 036 675,722006,,True,False,False,
348,GRE UNIVERSITY L L C,GREAT NORTHERN UNIVERSITY,604 206 488,1173117,"611 E INDIANA AVE, SPOKANE, WA, 99207-2550, UNITED STATES",False,False,False,
349,GRE UNIVERSITY L L C,GREAT NORTHERN UNIVERSITY FOUNDATION,604 954 021,1584309,,True,False,False,
350,GRE UNIVERSITY L L C,GREATER UNIVERSITY CHAMBER OF COMMERCE,601 843 918,722162,"4710 UNIVERSITY WAY NE #114, SEATTLE, WA, 98105, UNITED STATES",False,False,False,
351,DOLPHIN APARTMENTS L L C,"7D DEVELOPMENT AT DOLPHIN APARTMENTS, LLC",604 131 104,85092,"410 FANNING ROAD, PASCO, WA, 99301, UNITED STATES",False,False,False,
352,DOLPHIN APARTMENTS L L C,"DOLPHIN APARTMENTS, L.L.C.",601 679 879,142313,"6535 5TH PL S, STE 200, SEATTLE, WA, 98108-3401, UNITED STATES",False,False,False,
353,KELLY ANNE APARTMENTS LLC,KELLY ANNE APARTMENTS LLC,604 532 876,1327118,"3414 97TH AVE SE, MERCER ISLAND, WA, 98040-3128, UNITED STATES",False,False,False,
354,CAMPUS VIEW APARTMENTS II L L C,"CAMPUS VIEW APARTMENTS II, LLC",602 876 859,599631,"6043 TAMPA AVE STE 101A, TARZANA, CA, 91356-1194, UNITED STATES",False,False,False,
355,SHANNON BUILDING LLC,SHANNON BUILDING LLC,604 556 011,1329330,"2825 EASTLAKE AVE E STE 200, SEATTLE, WA, 98102-3085, UNITED STATES",False,False,False,
356,DD CULP LLC,DD CULP LLC,603 220 636,157376,"801 2ND AVE STE 700, SEATTLE, WA, 98104-1573, UNITED STATES",False,False,False,
357,IRO APARTMENT INVESTORS 2022 LLC,"IRO APARTMENT INVESTORS 2022, LLC",604 937 094,1576971,"2940 FAIRVIEW AVE E, SEATTLE, WA, 98102-3016, UNITED STATES",False,False,False,
358,COHANIM L L C,"COHANIM 2218 FIRST AVENUE, LLC",603 062 175,618351,"5233 UNIVERSITY WAY NE, SEATTLE, WA, 98105-3546, UNITED STATES",True,False,False,
359,COHANIM L L C,COHANIM 6040 CALI LLC,604 338 982,1242419,"5233 UNIVERSITY WAY NE, SEATTLE, WA, 98105-3546, UNITED STATES",True,False,False,
360,COHANIM L L C,COHANIM BELLWETHER B LLC,603 534 770,611495,"5233 UNIVERSITY WAY NE, SEATTLE, WA, 98105, UNITED STATES",True,False,False,
361,COHANIM L L C,COHANIM BELLWETHER C LLC,603 534 774,611496,"5233 UNIVERSITY WAY NE, SEATTLE, WA, 98105, UNITED STATES",True,False,False,
362,COHANIM L L C,COHANIM BELLWETHER D LLC,603 534 780,1105658,"5233 UNIVERSITY WAY NE, SEATTLE, WA, 98105, UNITED STATES",True,False,False,
363,COHANIM L L C,COHANIM BELLWETHER LLC,603 540 044,625881,"5233 UNIVERSITY WAY NE, SEATTLE, WA, 98105, UNITED STATES",True,False,False,
364,COHANIM L L C,"COHANIM DEVELOPMENT, LLC",603 456 147,614512,"5233 UNIVERSITY WAY NE, SEATTLE, WA, 98117, UNITED STATES",False,False,False,
365,COHANIM L L C,"COHANIM MEHRAN, LLC",603 062 166,618352,"5233 UNIVERSITY WAY NE, SEATTLE, WA, 98105-3546, UNITED STATES",True,False,False,
366,COHANIM L L C,"COHANIM MONTCLAIR, LLC",603 062 172,116044,"5233 UNIVERSITY WAY NE, SEATTLE, WA, 98105-3546, UNITED STATES",True,False,False,
367,COHANIM L L C,"COHANIM PALLADIAN APARTMENTS, LLC",603 062 180,623061,"1001 WESTLAKE AVE N, SEATTLE, WA, 98109-3525, UNITED STATES",False,False,False,
368,COHANIM L L C,"COHANIM PLAZA, LLC",603 062 159,614513,"5233 UNIVERSITY WAY NE, SEATTLE, WA, 98105-3546, UNITED STATES",True,False,False,
369,COHANIM L L C,"COHANIM PROPERTIES, LLC",603 238 996,114326,"3655 73RD AVE SE, MERCER ISLAND, WA, 98040, UNITED STATES",False,False,False,
370,COHANIM L L C,"COHANIM PROPERTIES, LLC",604 844 400,1513583,"3716 CASCADIA AVE S, SEATTLE, WA, 98144-7220, UNITED STATES",False,False,False,
371,COHANIM L L C,"COHANIM RENAISSANCE BPL, INC.",603 383 291,82100,"5233 UNIVERSITY WAY NE, SEATTLE, WA, 98105-3546, UNITED STATES",True,False,False,
372,COHANIM L L C,"COHANIM RENAISSANCE, LLC",601 844 724,630240,"5233 UNIVERSITY WAY NE, SEATTLE, WA, 98105-3546, UNITED STATES",True,False,False,
373,COHANIM L L C,"COHANIM SHAHYAR, LLC",603 062 178,625920,"5233 UNIVERSITY WAY NE, SEATTLE, WA, 98105-3546, UNITED STATES",True,False,False,
374,ADELAIDE LLC,ADELAIDE LLC,604 875 050,1539093,"6850 E GREEN LAKE WAY N STE 201, SEATTLE, WA, 98115-5412, UNITED STATES",False,False,False,
375,ADELAIDE LLC,ADELAIDE A LLC,603 546 028,25919,"2806 NE SUNSET BLVD #F, RENTON, WA, 98056, UNITED STATES",False,False,False,
376,ADELAIDE LLC,ADELAIDE BRIGHTON CEMENT INC.,601 435 210,461692,"1801 WEST BAY DR NW STE 206, OLYMPIA, WA, 98502, UNITED STATES",False,False,False,
377,ADELAIDE LLC,ADELAIDE CO. FLORAL LLC,604 624 718,1364072,"804 W CAROLINA WAY, SPOKANE, WA, 99208-6406, UNITED STATES",False,False,False,
378,ADELAIDE LLC,ADELAIDE CONDOMINIUM OWNERS ASSOCIATION,602 332 667,461693,"1661 HARBOR AVE SW STE 100, SEATTLE, WA, 98126-2084, UNITED STATES",True,False,False,
379,ADELAIDE LLC,ADELAIDE CORP.,601 615 202,18598,,True,False,False,
380,ADELAIDE LLC,"ADELAIDE DENTAL SERVICES, LLC",604 337 251,1233559,"624 YALE AVE N APT G201, SEATTLE, WA, 98109-5947, UNITED STATES",False,False,False,
381,ADELAIDE LLC,ADELAIDE ELEMENTARY PARENT TEACHER ASSOCIATION,601 793 009,18599,"1635 SW 304TH ST, FEDERAL WAY, WA, 98023-3431, UNITED STATES",False,False,False,
382,ADELAIDE LLC,ADELAIDE FARMS LLC,602 915 869,457386,"1501 BETHANY RD, GRANDVIEW, WA, 98930, UNITED STATES",False,False,False,
383,ADELAIDE LLC,ADELAIDE HOME LLC,604 127 625,18600,"4604 E LAKE SAMMAMISH PKWY NE, SAMMAMISH, WA, 98074-4624, UNITED STATES",False,False,False,
384,ADELAIDE LLC,ADELAIDE HOUSE CLEANING LLC,604 727 585,1438298,"3231 S 204TH PL APT G104, SEATAC, WA, 98198-5873, UNITED STATES",False,False,False,
385,ADELAIDE LLC,ADELAIDE MASTER CONDOMINIUM OWNERS ASSOCIATION,602 332 668,21394,"1661 HARBOR AVE SW STE 100, SEATTLE, WA, 98126-2084, UNITED STATES",True,False,False,
386,ADELAIDE LLC,"ADELAIDE PROPERTIES, LLC",604 588 025,1344528,"303 W PROSPECT ST, SEATTLE, WA, 98119-3539, UNITED STATES",False,False,False,
387,ADELAIDE LLC,"ADELAIDE SERVICES, INC.",602 986 082,1609461,"639 PENNSYLVANIA RD, ARDEN, NC, 28704-8712, UNITED STATES",False,False,False,
388,ADELAIDE LLC,"ADELAIDE TOWNHOMES, A CONDOMINIUM OWNERS ASSOCIATION",602 332 669,492421,"1661 HARBOR AVE SW STE 100, SEATTLE, WA, 98126-2084, UNITED STATES",True,False,False,
389,ADELAIDE LLC,ADELAIDE'S BOOKS LLC,602 707 369,483782,,True,False,False,
390,ADELAIDE LLC,ADELAIDE'S ENTERPRISES LLC,603 220 564,20535,"1401 BAY AVENUE, OCEAN PARK, WA, 98640, UNITED STATES",False,False,False,
391,ADELAIDE LLC,EMERY ADELAIDE LLC,603 572 246,682864,"3638 50TH AVE NE, SEATTLE, WA, 98105, UNITED STATES",False,False,False,
392,ADELAIDE LLC,THE ADELAIDE SMITH FAMILY LLC,602 635 286,1061631,"14980 SIDNEY ROAD NW, PORT ORCHARD, WA, 98367, UNITED STATES",False,False,False,
393,TAMARAC APARTMENTS LLC,TAMARAC APARTMENTS LLC,604 544 785,1329021,"3414 97TH AVE SE, MERCER ISLAND, WA, 98040-3128, UNITED STATES",False,False,False,
394,TAMARAC APARTMENTS LLC,TAMARACK APARTMENTS LLC,604 437 169,1277101,"916 NE 117TH ST, SEATTLE, WA, 98125-4936, UNITED STATES",False,False,False,
395,TAMARAC APARTMENTS LLC,TAMARACK ASSOCIATION OF APARTMENT OWNERS,601 342 340,1019873,"9820 NE 137TH ST, KIRKLAND, WA, 98034-1810, UNITED STATES",False,False,False,
396,PACIFIC PROPERTIES SOUTH LLC,"PACIFIC PROPERTIES SOUTH, LLC",601 912 568,877280,"3915 2ND AVE NE STE MANAGER, SUITE MANAGER, SEATTLE, WA, 98105-6865, UNITED STATES",False,False,False,
397,BARCLAY APARTMENTS LLC,BARCLAY APARTMENTS LLC,604 535 415,1329057,"2825 EASTLAKE AVE E STE 200, SEATTLE, WA, 98102-3085, UNITED STATES",False,False,False,
398,UNIVERSITY PROPERTY X LLC,"UNIVERSITY PROPERTY IX, LLC",603 605 722,1060618,"601 UNION ST STE 3010, SEATTLE, WA, 98101-3913, UNITED STATES",True,False,False,
399,UNIVERSITY PROPERTY X LLC,"UNIVERSITY PROPERTY X, LLC",604 114 994,1081279,"601 UNION ST STE 3010, SEATTLE, WA, 98101-3913, UNITED STATES",True,False,False,
400,UNIVERSITY PROPERTY X LLC,"UNIVERSITY PROPERTY X, LLC",603 518 943,1026747,"5230 21ST AVE NE, SEATTLE, WA, 98105, UNITED STATES",False,False,False,
401,UNIVERSITY PROPERTY X LLC,"UNIVERSITY PROPERTY XI, LLC",604 765 387,1471148,"601 UNION ST STE 3010, SEATTLE, WA, 98101-3913, UNITED STATES",True,False,False,
402,GT VILLAGE VISTA LLC,GT VILLAGE VISTA LLC,604 854 942,1521945,"1421 34TH AVE STE 300, SEATTLE, WA, 98122-3634, UNITED STATES",False,False,False,
403,MG AT UNIVERSITY LLC,"MG AT UNIVERSITY, LLC",604 652 967,1385593,"1938 FAIRVIEW AVE E STE 300, SEATTLE, WA, 98102-3650, UNITED STATES",False,False,False,
404,LE CASITA L L C,APPLE CASITAS CONDOMINIUMS HOMEOWNERS ASSOCIATION,604 654 632,1385116,"4215 SAHARA DR, PASCO, WA, 99301-2521, UNITED STATES",False,False,False,
405,LE CASITA L L C,"LE CASITA, L.L.C.",601 846 144,788525,"5611 119TH AVE SE STE 4, BELLEVUE, WA, 98006-3799, UNITED STATES",False,False,False,
406,LE CASITA L L C,SEATTLE BACKYARD CASITA LLC,604 752 721,1454005,"3042A NW 64TH ST, SEATTLE, WA, 98107-2569, UNITED STATES",False,False,False,
407,UW 20TH AVE LLC,"UW 20TH AVE, LLC",603 547 306,503843,"9675 SE 36TH ST #105, MERCER ISLAND, WA, 98040, UNITED STATES",False,False,False,
408,SEATAC MARINE PROPERTIES LLC,"SEATAC MARINE PROPERTIES, LLC",602 447 803,267886,"3546 W MARGINAL WAY SW, SEATTLE, WA, 98106-1010, UNITED STATES",False,False,False,
409,TERRENO LUCILE LLC,TERRENO LUCILE LLC,604 081 233,1026296,"101 MONTGOMERY STREET, SUITE 200, SAN FRANCISCO, CA, 94104, UNITED STATES",False,False,False,
410,SEATTLE UNITY CHURCH,SEATTLE COMMUNITY CHURCH,601 900 617,422673,"4501 46TH AVE NE, SEATTLE, WA, 98105-3811, UNITED STATES",False,False,False,
411,SEATTLE UNITY CHURCH,SEATTLE COVENANT COMMUNITY CHURCH,603 387 993,961620,"7465 S 112TH ST, SEATTLE, WA, 98178-3102, UNITED STATES",False,False,False,
412,SEATTLE UNITY CHURCH,SEATTLE GRATIA COMMUNITY CHURCH,603 288 672,429479,"4500 9TH AVE NE STE 300, SEATTLE, WA, 98105-4762, UNITED STATES",False,False,False,
413,SEATTLE UNITY CHURCH,SEATTLE SARANG COMMUNITY CHURCH,603 158 470,988681,"3102 52ND PL NE, TACOMA, WA, 98422-4564, UNITED STATES",False,False,False,
414,VIEW 222 APARTMENTS LLC,VIEW 222 APARTMENTS LLC,604 663 603,1388547,"2033 6TH AVE, SUITE 600, SEATTLE, WA, 98121-2591, UNITED STATES",False,False,False,
415,ESSEX BERNARD LP,"ESSEX BERNARD, L.P.",603 129 799,687357,"1100 PARK PL, SUITE 200, SAN MATEO, CA, 94403-1599, UNITED STATES",False,False,False,
416,EQR-ALCYONE APARTMENTS LLC,"EQR-ALCYONE APARTMENTS, LLC",603 449 360,151326,"TWO NORTH RIVERSIDE PLAZA, SUITE 400, CHICAGO, IL, 60606, UNITED STATES",False,False,False,
417,400 FAIRVIEW LLC,400 FAIRVIEW AVENUE LLC,604 307 133,1219080,"245 SUMMER ST # V4C, BOSTON, MA, 02210-1133, UNITED STATES",False,False,False,
418,400 FAIRVIEW LLC,"400 FAIRVIEW, LLC",603 158 145,58731,"389 INTERPACE PKWY, 5TH FLOOR, PARSIPPANY, NJ, 07054-1132, UNITED STATES",False,False,False,
419,400 FAIRVIEW LLC,SCD 400 FAIRVIEW LLC,603 564 029,1147914,"350 5TH AVE, 32ND FLOOR, NEW YORK, NY, 10118, UNITED STATES",False,False,False,
420,400 FAIRVIEW LLC,SCD 400 FAIRVIEW MANAGER LLC,603 564 028,418286,"350 5TH AVE, 32ND FLR, NEW YORK, NY, 10118-0110, UNITED STATES",False,False,False,
421,400 FAIRVIEW LLC,T-C REA 400 FAIRVIEW INVESTOR LLC,603 566 057,293136,"730 3RD AVE, MS: 730/12/02, NEW YORK, NY, 10017, UNITED STATES",False,False,False,
422,400 FAIRVIEW LLC,T-C/SK 400 FAIRVIEW HOLDING LLC,603 564 025,1004714,"221 YALE AVE N, SEATTLE, WA, 98102, UNITED STATES",True,False,False,
423,400 FAIRVIEW LLC,T-C/SK 400 FAIRVIEW OWNER LLC,603 564 017,1004715,"221 YALE AVE N, SEATTLE, WA, 98102, UNITED STATES",True,False,False,
424,MERCER VIEW APARTMENTS LLC,MERCERVIEW APARTMENTS LLC,602 328 521,348494,"1100 BELLEVUE WAY NE, SUITE 8A-518, BELLEVUE, WA, 98004-4280, UNITED STATES",False,False,False,
425,PPF AMLI 535 PONTIUS AVENUE NORTH LLC,"PPF AMLI 535 PONTIUS AVENUE NORTH, LLC",602 677 351,405231,"141 W JACKSON BLVD, STE 300, CHICAGO, IL, 60604-3123, UNITED STATES",False,False,False,
426,DESC CASCADE SUPPORTIVE HOUSING LP,DESC CASCADE SUPPORTIVE HOUSING LIMITED PARTNERSHIP,602 761 938,657689,"424 MINOR AVE N, SEATTLE, WA, 98109-5656, UNITED STATES",False,False,False,
427,801 DEXTER INVESTORS L P,"801 DEXTER INVESTORS, INC.",603 165 277,71124,"2001 ROSS AVE STE 3400, DALLAS, TX, 75201-2966, UNITED STATES",False,False,False,
428,801 DEXTER INVESTORS L P,RECAP/HOLLAND 801 DEXTER INVESTORS LP,603 251 145,941854,"1111 MAIN ST #700, VANCOUVER, WA, 98660, UNITED STATES",False,False,False,
429,BOREALIS APARTMENTS LLC,BOREALIS APARTMENTS LLC,603 441 069,583197,"7010 E ACOMA DR STE 204, SCOTTSDALE, AZ, 85254-3550, UNITED STATES",False,False,False,
430,SHLP NEPTUNE LLC,"SH TRELLEBORG NEPTUNE, LLC",604 287 458,1207894,"7601 E TECHNOLOGY WAY, SUITE 600, DENVER, CO, 80237-3190, UNITED STATES",False,True,True,
431,SHLP NEPTUNE LLC,"SHLP NEPTUNE, LLC",604 287 458,1207894,,False,True,True,
432,SULMONETTI ZINN LLC,"SULMONETTI ZINN, LLC",601 723 514,1044405,"525 MINOR AVE N, SEATTLE, WA, 98109-5665, UNITED STATES",False,False,False,
433,HASS FAMILY LLC,"BOB AND PEGGY KOHLHASE FAMILY, LLC",602 559 087,581528,"2726 HIGHLINE RD, CHEWELAH, WA, 99109-9410, UNITED STATES",False,False,False,
434,HASS FAMILY LLC,CHASE FAMILY FREEDOM ENTERPRISES,603 507 319,95078,"1712 W 2ND AVE #204, SPOKANE, WA, 99201, UNITED STATES",False,False,False,
435,HASS FAMILY LLC,"CHASTAIN FAMILY, LLC",604 796 765,1491192,"4616 SW FRONTENAC ST, SEATTLE, WA, 98136-1737, UNITED STATES",False,False,False,
436,HASS FAMILY LLC,HASELWOOD FAMILY FOUNDATION,603 256 149,730368,"3995 ERLANDS POINT RD NW, BREMERTON, WA, 98312-1558, UNITED STATES",False,False,False,
437,HASS FAMILY LLC,HASENYAGER FAMILY LIMITED PARTNERSHIP,601 864 616,732563,,True,False,False,
438,HASS FAMILY LLC,HASET ADULT FAMILY HOME LLC,604 126 473,224870,"19711WHITMAN AVE N, SHORLINE, WA, 98133, UNITED STATES",False,False,False,
439,HASS FAMILY LLC,HASKINS FAMILY LIMITED PARTNERSHIP,601 119 708,734407,,True,False,False,
440,HASS FAMILY LLC,HASLAM FAMILY RENTALS LLC,604 734 674,1444804,"201 EAST MAIN AVE, CHEWELAH, WA, 99109, UNITED STATES",False,False,False,
441,HASS FAMILY LLC,HASSEL FAMILY NO. 2 LLC,603 283 527,745633,"1606 GOLF COURSE RD, PORT ANGELES, WA, 98362, UNITED STATES",False,False,False,
442,HASS FAMILY LLC,HASSEL FAMILY NO. 3 LLC,603 283 750,730575,"1606 S GOLF COURSE RD, PORT ANGELES, WA, 98362-4957, UNITED STATES",False,False,False,
443,HASS FAMILY LLC,HASTINGS FAMILY LIMITED LIABILITY COMPANY,601 676 348,247804,"718 N 5TH AVE, SEQUIM, WA, 98382-3080, UNITED STATES",False,False,False,
444,HASS FAMILY LLC,JEAN CHASE ROBINSON FAMILY L.P.,602 032 539,771513,,True,False,False,
445,HASS FAMILY LLC,"KHASSANOV AND KASHPAR FAMILY TRUST, LLC",604 193 490,1165982,"21222 NE 13TH CT, SAMMAMISH, WA, 98074-6751, UNITED STATES",False,False,False,
446,HASS FAMILY LLC,KOHLHASE FAMILY LLC,602 390 766,800583,"3722 W LAWTON ST, SEATTLE, WA, 98199-1180, UNITED STATES",False,False,False,
447,HASS FAMILY LLC,MARTHA SKIFF ERDMAN FAMILY LIMITED PARTNERSHIP,601 806 421,807809,,True,False,False,
448,HASS FAMILY LLC,OUR HASHTAG FAMILY LLC,603 621 900,884841,"2414 GARDEN CT N, RENTON, WA, 98056-2557, UNITED STATES",False,False,False,
449,HASS FAMILY LLC,SHA SUNNYSIDE FAMILY HOUSING LLC,603 399 387,429773,"204 S 13TH ST, SUNNYSIDE, WA, 98944, UNITED STATES",False,False,False,
450,HASS FAMILY LLC,THE HASS FAMILY LLC,601 920 846,473157,"1630 43RD AVENUE E., APT. 822, SEATTLE, WA, 98112, UNITED STATES",False,False,False,
451,HASS FAMILY LLC,THIELEN-CHASE FAMILY LLC,601 996 740,305854,"701 FIFTH AVENUE, SUITE 3300, SEATTLE, WA, 98104, UNITED STATES",False,False,False,
452,CONNELL WESTLAKE LLC,CONNELL WESTLAKE LLC,603 163 194,109738,"300 CONNELL DR STE 4000, BERKELEY HTS, NJ, 07922-2817, UNITED STATES",False,False,False,
453,UNION VIEW APARTMENTS LLC,UNION VIEW APARTMENTS LLC,601 771 194,499282,"601 UNION ST STE 1401, SEATTLE, WA, 98101-1363, UNITED STATES",False,False,False,
454,ALLEY SEATTLE LLC,ALLEY SEATTLE LLC,604 901 774,1556507,"777 CALIFORNIA AVE STE 100, PALO ALTO, CA, 94304-1199, UNITED STATES",False,False,False,
455,ALLEY SEATTLE LLC,AMAZING ATHLETES OF SNOQUALMIE VALLEY AND SOUTH SEATTLE LLC,603 497 298,26404,"36718 SE GRAVENSTEIN CT, SNOQUALMIE, WA, 98065, UNITED STATES",False,False,False,
456,ALLEY SEATTLE LLC,POST ALLEY SEATTLE LLC,604 722 651,1436219,"300 QUEEN ANNE AVE N #618, SEATTLE, WA, 98109, UNITED STATES",False,False,False,
457,ALLEY SEATTLE LLC,THE VALLEY SCHOOL OF SEATTLE,601 038 631,507809,"318 30TH AVE E, SEATTLE, WA, 98112-4819, UNITED STATES",False,False,False,
458,ALLEY SEATTLE LLC,VALLEY VIEW CONDOMINIUM ASSOCIATION IN SEATTLE,602 962 050,1159736,"12729 NORTHUP WAY STE 20, BELLEVUE, WA, 98005-1935, UNITED STATES",False,False,False,
459,TOP OF THE 5TH LLC,TOP OF THE 5TH LLC,604 368 558,1250621,"801 2ND AVE STE 700, SEATTLE, WA, 98104-1573, UNITED STATES",False,False,False,
460,WPPI SEATTLE AC LLC,"WPPI SEATTLE AC, LLC",604 224 250,1183580,"9800 CONNECTICUT DRIVE, CROWN POINT, IN, 46307, UNITED STATES",False,False,False,
461,17910 BURBANK LLC,"17910 BURBANK, LLC",603 286 300,766007,"2801 ALASKAN WAY, C/O MN SERVICE CORPORATION (WA), SEATTLE, WA, 98121-1128, UNITED STATES",False,False,False,
462,400 QUEEN ANNE LP,400 QUEEN ANNE LP,604 307 249,1220158,"10900 NE 4TH ST STE 1440, BELLEVUE, WA, 98004-5873, UNITED STATES",True,False,False,
463,400 QUEEN ANNE LP,2400 QUEEN ANNE AVE N LLC,604 319 662,1225802,"2312 2ND AVE N, SEATTLE, WA, 98109-2005, UNITED STATES",False,False,False,
464,400 QUEEN ANNE LP,CPI 400 QUEEN ANNE INVESTORS LLC,604 327 619,1228716,"10900 NE 4TH ST STE 1440, BELLEVUE, WA, 98004-5873, UNITED STATES",True,False,False,
465,400 QUEEN ANNE LP,CPI 400 QUEEN ANNE LLC,604 307 248,1220156,"10900 NE 4TH ST STE 1440, BELLEVUE, WA, 98004-5873, UNITED STATES",True,False,False,
466,400 QUEEN ANNE LP,PCRE/CPI 400 QUEEN ANNE LLC,604 662 322,1388906,"10900 NE 4TH ST STE 1440, BELLEVUE, WA, 98004-8357, UNITED STATES",False,False,False,
467,DEXTER CITY LLC,DEXTER CITY LLC,603 525 310,650779,"1 WORLD TRADE CTR FL 24, LONG BEACH, CA, 90831-0002, UNITED STATES",False,False,False,
468,975 JOHN STREET LLC,975 JOHN STREET PARTNERS L.L.C.,602 761 870,1092787,"1302 PUYALLUP ST STE A, SUMNER, WA, 98390-1604, UNITED STATES",False,False,False,
469,SI XXI LLC,"PROGRESSIVE EMPLOYER MANAGEMENT COMPANY XXIV, LLC",603 180 542,916039,"700 TOWER DR #220, TROY, MI, 48098, UNITED STATES",False,False,False,
470,SI XXI LLC,"SI XXI, LLC",602 991 216,979599,"599 CASTRO ST STE 400, MOUNTAIN VIEW, CA, 94041-3009, UNITED STATES",False,False,False,
