,SearchTerm,BusinessName,UBINumber,BusinessId,Address,address_match,ubi_match,id_match,IsMatch
0,1201 TAB OWNER LLC,"1201 TAB OWNER, LLC",603 244 928,2220,"1201 3RD AVE, SEATTLE, WA, 98101, UNITED STATES",False,False,False,
1,ALASKA TRADE BLDG LLC,"ALASKA TRADE BLDG, LLC",604 377 193,1256606,"8451 SE 68TH ST STE 200, MERCER ISLAND, WA, 98040-5240, UNITED STATES",False,False,False,
2,HUDSON 1099 STEWART STREET LLC,"HUDSON 1099 STEWART STREET, LLC",604 037 980,155001,"11601 WILSHIRE BOULEVARD, NINTH FLOOR, LOS ANGELES, CA, 90025, UNITED STATES",False,False,False,
3,1301 6TH AVENUE (WA) OWNER LLC,"1301 6TH AVENUE (WA) OWNER, LLC",604 552 088,1328666,"4700 WILSHIRE BLVD, LOS ANGELES, CA, 90010-3853, UNITED STATES",False,False,False,
4,TMT OLIVE LAB INC,"TMT OLIVE LAB, INC.",603 122 591,1047449,"4 EMBARCADERO CTR STE 3300, SAN FRANCISCO, CA, 94111-4184, UNITED STATES",False,False,False,
5,NORDSTROM INC,"D & G NORDSTROM, INC.",602 347 850,133582,"524 SUNRISE BLVD, OAK HARBOR, WA, 98277, UNITED STATES",False,False,False,
6,NORDSTROM INC,D. NORDSTROM DESIGN AND PROJECT MANAGEMENT LLC,603 620 661,641932,"1401 VERNON RD, LAKE STEVENS, WA, 98258-8510, UNITED STATES",False,False,False,
7,NORDSTROM INC,"D. NORDSTROM GROUP, INC.",602 252 831,119530,,True,False,False,
8,NORDSTROM INC,ELMER J. NORDSTROM MEDICAL TOWER CONDOMINIUM ASSOCIATION,602 381 004,678788,"1229 MADISON ST STE 650, SEATTLE, WA, 98104-3302, UNITED STATES",False,False,False,
9,NORDSTROM INC,FWH HVAC LLC,602 279 145,848290,"1059 STATE AVE STE G, MARYSVILLE, WA, 98270-4269, UNITED STATES",False,True,True,
10,NORDSTROM INC,J NORDSTROM HOMES L.L.C.,605 005 607,1617166,"8719 HOLLY LN, EDMONDS, WA, 98026-8637, UNITED STATES",False,False,False,
11,NORDSTROM INC,MARTIN & NORDSTROM CO.,600 624 906,306197,"8323 BEACHVIEW DR, CLINTON, WA, 98236-8901, UNITED STATES",True,False,False,
12,NORDSTROM INC,"NORDSTROM ACHATZ, PLLC",604 060 234,864057,"1412 NE 134TH ST, VANCOUVER, WA, 98685, UNITED STATES",False,False,False,
13,NORDSTROM INC,"NORDSTROM AND ASSOCIATES, LLC",602 090 749,893477,,True,False,False,
14,NORDSTROM INC,"NORDSTROM BLUMER CAPITAL PARTNERS, LLC",604 035 692,344272,"5506 BEACH BLUFF DR, FREELAND, WA, 98249-9543, UNITED STATES",False,False,False,
15,NORDSTROM INC,"NORDSTROM CARD SERVICES, INC.",604 227 837,1185188,"13531 E CALEY AVE, CENTENNIAL, CO, 80111-6504, UNITED STATES",False,False,False,
16,NORDSTROM INC,"NORDSTROM CATERING, LLC",604 230 820,1186815,"8323 BEACHVIEW DR, CLINTON, WA, 98236-8901, UNITED STATES",True,False,False,
17,NORDSTROM INC,"NORDSTROM DISTRIBUTION, INC.",601 264 745,344273,,True,False,False,
18,NORDSTROM INC,"NORDSTROM ENTERPRISES, LLC",604 505 460,1306226,"9216 105TH AVENUE CT SW, TACOMA, WA, 98498-6826, UNITED STATES",False,False,False,
19,NORDSTROM INC,NORDSTROM ESTATES LLC,603 115 964,841520,"18601 SKY MEADOWS LN, SNOHOMISH, WA, 98290, UNITED STATES",False,False,False,
20,NORDSTROM INC,"NORDSTROM FINANCIAL SERVICES, INC",601 804 231,856325,,True,False,False,
21,NORDSTROM INC,"NORDSTROM HEATING & AIR, INC.",602 279 145,848290,,True,True,True,
22,NORDSTROM INC,NORDSTROM HOLDINGS LIMITED LLC,604 186 377,343052,"205 SE 197TH PLACE, CAMAS, WA, 98607, UNITED STATES",False,False,False,
23,NORDSTROM INC,NORDSTROM INTERNATIONAL LIMITED,601 994 598,856326,"1617 SIXTH AVENUE, SEATTLE, WA, 98101, UNITED STATES",False,False,False,
24,NORDSTROM INC,NORDSTROM MEDICAL TOWER PROPERTY LLC,602 711 007,893478,"200 STATE ST 5TH FLR, BOSTON, MA, 02109, UNITED STATES",False,False,False,
25,NORDSTROM INC,"NORDSTROM PHYSICIAN SERVICES, PLLC",604 540 863,1323267,"8360 LOYAL WAY NW, SEATTLE, WA, 98117-3949, UNITED STATES",False,False,False,
26,NORDSTROM INC,"NORDSTROM PUERTO RICO, INC.",603 222 104,352139,"1700 7TH AVE # 700, SEATTLE, WA, 98101, UNITED STATES",False,False,False,
27,NORDSTROM INC,"NORDSTROM REAL ESTATE HOLDINGS, LLC",604 602 351,1354636,"1617 6TH AVE, SEATTLE, WA, 98101-1707, UNITED STATES",True,False,False,
28,NORDSTROM INC,"NORDSTROM RESTAURANTS, INC.",603 367 019,352455,"1617 6TH AVE, SEATTLE, WA, 98101-1707, UNITED STATES",True,False,False,
29,NORDSTROM INC,NORDSTROM VEGETATION LLC,603 211 267,872515,"6794 NE JUNIPER RIDGE RD, REDMOND, OR, 97756",False,False,False,
30,ROIC WASHINGTON LLC,"ROIC WASHINGTON, LLC",603 026 438,416558,"11250 EL CAMINO REAL, SUITE 200, SAN DIEGO, CA, 92130-2677, UNITED STATES",False,False,False,
31,BAYVIEW FARMS LLC,"BAYVIEW FARM AND GARDEN, INCORPORATED",601 666 035,58437,"2780 MARSHVIEW AVE, LANGLEY, WA, 98260-8200, UNITED STATES",False,False,False,
32,BAYVIEW FARMS LLC,BAYVIEW FARMER'S MARKET ASSOCIATION (LLC),602 117 316,564533,"115 2ND ST # 1456, LANGLEY, WA, 98260-1959, UNITED STATES",False,False,False,
33,BAYVIEW FARMS LLC,"BAYVIEW FARMS, INC.",600 243 642,51739,,False,False,False,
34,BAYVIEW FARMS LLC,"BAYVIEW FARMS, LLC",603 450 846,571397,"431 BUFFALO LANE, MESA, WA, 99343, UNITED STATES",False,False,False,
35,BAYVIEW FARMS LLC,BAYVIEW TREE FARM LLC,604 427 338,1273295,"4671 E STATE ROUTE 302, BELFAIR, WA, 98528-9384, UNITED STATES",False,False,False,
36,COLISEUM BUILDING LLC,"COLISEUM BUILDING, LLC",602 676 313,626052,"801 GRAND AVE, DES MOINES, IA, 50309, UNITED STATES",False,False,False,
37,TARGET CORPORATION,"A-TARGET, INC.",602 963 157,435176,"16454 N 91ST ST UNIT 101, SCOTTSDALE, AZ, 85260, UNITED STATES",False,False,False,
38,TARGET CORPORATION,ACTION TARGET ACQUISITION CORP.,602 831 478,448747,"485 WEST PUTNAM AVENUE, GREENWICH, CT, 06830, UNITED STATES",False,False,False,
39,TARGET CORPORATION,ACTION TARGET INC.,602 420 120,17961,"3411 S MOUNTAIN VISTA PRWY, PROVO, UT, 84606, UNITED STATES",False,False,False,
40,TARGET CORPORATION,ACTION TARGET INC.,603 126 062,482951,"3411 S MOUNTAIN VISTA PKWY, PROVO, UT, 84606, UNITED STATES",False,False,False,
41,TARGET CORPORATION,ADVANCED MOLECULAR TARGETING SCIENCE INC.,604 947 445,1582805,,False,False,False,
42,TARGET CORPORATION,"AMERICAN PRECISION TARGET SYSTEMS, LLC",604 340 826,1240792,"7517 NE 64TH CIR, VANCOUVER, WA, 98662-4201, UNITED STATES",False,False,False,
43,TARGET CORPORATION,"AUTOMATED ZAP TARGET, INC",604 133 343,563228,"872 E BROADWAY ST, GOLDENDALE, WA, 98620, UNITED STATES",False,False,False,
44,TARGET CORPORATION,BILLY'S GOATS TARGETED GRAZING SERVICES LLC,604 490 249,1299225,"7690 ROAD G NW, EPHRATA, WA, 98823, UNITED STATES",False,False,False,
45,TARGET CORPORATION,"BLUE STEEL TARGETS, LLC",603 594 227,593616,"6059 GUIDE MERIDIAN, BELLINGHAM, WA, 98226, UNITED STATES",False,False,False,
46,TARGET CORPORATION,BOB SHAULS MEMORIAL YOUTH CLAY TARGET SPORTS,604 200 196,1170013,"498 ALADDIN RD, COLVILLE, WA, 99114-9135, UNITED STATES",False,False,False,
47,TARGET CORPORATION,CANCER TARGETED TECHNOLOGY LLC,602 946 199,89544,"14241 NE WOODINVILLE DUVALL RD STE 143, WOODINVILLE, WA, 98072, UNITED STATES",False,False,False,
48,TARGET CORPORATION,CASCADE TARGET GROUP LLC,604 187 831,97745,"3308 43RD AVE NE, SEATTLE, WA, 98105, UNITED STATES",False,False,False,
49,TARGET CORPORATION,"CLEARPOINT FINANCIAL TARGET, LP",602 568 836,101912,"720 OLIVE WY STE 1700, SEATTLE, WA, 98101, UNITED STATES",False,False,False,
50,TARGET CORPORATION,CRYSTAL TARGET INVESTMENT LTD.,602 521 934,91634,"8F #2 ALLEY 12 LANE 20 SEC 1, JHONGSHUN ST WUNSHAN DISTRICT TAIPEI CITY TAIWAN, ROC, FO, 00000, UNITED STATES",False,False,False,
51,TARGET CORPORATION,DIRECT ACTION REACTIVE TARGETS LLC,604 163 251,664613,"20607 7TH AVE CT E, SPANAWAY, WA, 98387, UNITED STATES",False,False,False,
52,TARGET CORPORATION,DMC TARGET LLC,603 396 336,658986,"18217 121ST STREET SE, SNOHOMISH, WA, 98290, UNITED STATES",False,False,False,
53,TARGET CORPORATION,"EXACTTARGET, LLC",602 419 613,696378,"ONE MARKET ST #300, SAN FRANCISCO, CA, 94105",False,False,False,
54,TARGET CORPORATION,FAST TARGET LLC,604 168 788,688206,"58 EAST 1ST N, REXBURG, ID, 83440, UNITED STATES",False,False,False,
55,TARGET CORPORATION,HARD TARGET LIVING LLC,604 315 210,1221496,"10810 GLEN ACRES DR S, T19, SEATTLE, WA, 98168, UNITED STATES",False,False,False,
56,TARGET CORPORATION,"HIGH CALIBER TARGETS, LLC",604 286 075,1212649,"430 CASEY RD, CASTLE ROCK, WA, 98611-9651, UNITED STATES",False,False,False,
57,TARGET CORPORATION,"HOPKINS TARGETED SOLUTIONS, LLC",603 484 671,1121105,"2822 NW 90TH PLACE, SEATTLE, WA, 98117, UNITED STATES",False,False,False,
58,TARGET CORPORATION,"IDEAL TARGET PROPERTIES, LLC",604 182 869,750546,"13506 SUMMITVIEW EXT, YAKIMA, WA, 98908-8048, UNITED STATES",False,False,False,
59,TARGET CORPORATION,"IMMUNETARGET, INC.",604 664 636,1397937,"8477 RIDGE RD, MEDINA, WA, 98039-5311, UNITED STATES",False,False,False,
60,TARGET CORPORATION,"JC STEEL TARGETS, INC.",603 218 463,1124312,"1921 1ST ST # 110, CHENEY, WA, 99004, UNITED STATES",False,False,False,
61,TARGET CORPORATION,"MALIGNEXT TARGETING TECHNOLOGIES, INC.",603 015 718,316375,"1101 NE 65TH ST, VANCOUVER, WA, 98665-0219, UNITED STATES",False,False,False,
62,AEW SBCO SEATTLE LLC,"AEW SBCO SEATTLE PARENT, LLC",602 621 214,18981,"2711 CENTERVILLE RD 400, WILMINGTON, DE, 19808, UNITED STATES",False,False,False,
63,AEW SBCO SEATTLE LLC,"AEW SBCO SEATTLE, LLC",602 619 710,474224,"9100 E PANORAMA DR #300, ENGLEWOOD, CO, 80112, UNITED STATES",False,False,False,
64,FIRST HILL/EIGHTH AVENUE LLC,FIRST HILL/EIGHTH AVENUE PROPCO LLC,604 585 023,1343160,"250 VESEY ST FL 15, BROOKFIELD PLACE, NEW YORK, NY, 10281-1065, UNITED STATES",False,False,False,
65,KLINE GALLAND CENTER,KLINE GALLAND CENTER FOUNDATION,601 951 730,265291,"7500 SEWARD PARK AVE S, SEATTLE, WA, 98118-4247, UNITED STATES",True,False,False,
66,KLINE GALLAND CENTER,POLACK FAMILY SUPPORTING FOUNDATION OF THE KLINE GALLAND  CENTER,601 815 068,384090,"7500 SEWARD PARK AVE S, SEATTLE, WA, 98118-4247, UNITED STATES",True,False,False,
67,KLINE GALLAND CENTER,THE KLINE GALLAND CENTER,601 591 913,1050656,"7500 SEWARD PARK AVE S, SEATTLE, WA, 98118-4247, UNITED STATES",True,False,False,
68,1921 27 FIFTH AVENUE HOLDINGS LLC,"1921-27 FIFTH AVENUE HOLDINGS, LLC",604 468 245,1287279,"7 PENN PLAZA, NEW YORK, NY, 10001, UNITED STATES",False,False,False,
69,VIRGINIA MASON MEDICAL CENTER,VIRGINIA MASON MEDICAL CENTER,178 015 092,518368,"1100 9TH AVE, SEATTLE, WA, 98101-2756, UNITED STATES",False,False,False,
70,MDB LANDMARK LLC,"MDB LANDMARK, LLC",604 488 379,1299187,"621 SW ALDER ST STE 800, PORTLAND, OR, 97205-3623, UNITED STATES",False,False,False,
71,WASHINGTON STATE CONVENTION CENTER,WASHINGTON STATE CONVENTION CENTER,601 074 722,1075657,"800 CONVENTION PLACE, 5TH FLOOR, SEATTLE, WA, 98101, UNITED STATES",False,False,False,
72,WASHINGTON STATE CONVENTION CENTER,THE WASHINGTON STATE CONVENTION & TRADE CENTER ART FOUNDATION,601 827 949,496755,"705 PIKE ST, SEATTLE, WA, 98101-2310, UNITED STATES",False,False,False,
73,1918 EIGHTH LLC,"1918 EIGHTH AVENUE ACQUISITION, LLC",603 134 606,62801,"270 PARK AVE FL 7, NEW YORK, NY, 10017-7924, UNITED STATES",False,False,False,
74,1918 EIGHTH LLC,1918 EIGHTH AVENUE HOLDCO LLC,604 372 656,1249230,"383 MADISON AVE, NEW YORK, NY, 10017-3217, UNITED STATES",False,False,False,
75,1918 EIGHTH LLC,"1918 EIGHTH, LLC",602 735 324,3286,"225 108TH AVE NE #400, BELLEVUE, WA, 98004, UNITED STATES",False,False,False,
76,1918 EIGHTH LLC,"HUDSON 1918 EIGHTH AVENUE, LLC",604 678 268,1409166,"11601 WILSHIRE BLVD., 9TH FLOOR, LOS ANGELES, CA, 90025, UNITED STATES",False,False,False,
77,601 PINE STREET INVESTMENT GROUP INC,"601 PINE STREET INVESTMENT GROUP, INC.",602 454 789,82731,"5910 N CENTRAL EXPRESSWAY, SUITE 1200, DALLAS, TX, 75206, UNITED STATES",False,False,False,
78,WALLYSONS INC,WALLYSONS INC.,601 338 627,1053391,"711 CAPITOL WAY S STE 204, OLYMPIA, WA, 98501, UNITED STATES",False,False,False,
79,FANA DOYLE LLC,FANA DOYLE LLC,603 228 327,173583,"10655 NE 4TH ST STE 700, BELLEVUE, WA, 98004-5039, UNITED STATES",False,False,False,
80,4TH AVENUE BLDG LLC,4TH AVENUE BLDG LLC,604 065 660,95496,"11221 PACIFIC HWY SW, LAKEWOOD, WA, 98499-5170, UNITED STATES",False,False,False,
81,4TH AVENUE BLDG LLC,4TH AVENUE BLDG LLC,602 253 701,95495,,False,False,False,
82,BPP 1420 FIFTH AVE OWNER LLC,BPP 1420 FIFTH AVENUE OWNER LLC,604 467 324,1286910,"233 S WACKER DR STE 4700, CHICAGO, IL, 60606-6374, UNITED STATES",False,False,False,
83,LOGAN BUILDING LLC,LOGAN BUILDING LLC,603 259 948,838793,"1215 4TH AVENUE, SUITE 600, SEATTLE, WA, 98161, UNITED STATES",False,False,False,
84,LOGAN BUILDING LLC,LOGAN'S HAMMER BUILDING AND RENOVATION INC.,602 177 638,794853,,False,False,False,
85,LCF DECATUR LLC,LCF DECATUR LLC,602 604 949,293211,"3100 80TH AVE NE, HUNTS POINT, WA, 98004-1012, UNITED STATES",False,False,False,
86,520 PIKE STREET INC,"520 PIKE STREET, INC.",602 347 340,10523,"45 ROCKEFELLER PLZ FL 7, NEW YORK, NY, 10111-0100, UNITED STATES",False,False,False,
87,LBA REALTY LLC,LBA REALTY LLC,602 610 453,788372,"3347 MICHELSON DR STE 200, IRVINE, CA, 92612-0687, UNITED STATES",True,False,False,
88,LBA REALTY LLC,APRIL BACHMAN REALTY LLC,604 991 922,1609953,"9519 169TH AVE NE, REDMOND, WA, 98052-3118, UNITED STATES",False,False,False,
89,LBA REALTY LLC,"CHERYL BAUMGARTNER REALTY, LTD, P.C.",603 079 785,101337,"329 N KELLOGG, KENNEWICK, WA, 99336, UNITED STATES",False,False,False,
90,LBA REALTY LLC,"GILBANE REALTY, LLC",603 382 580,228617,"1813 SW 119TH ST, BURIEN, WA, 98146, UNITED STATES",False,False,False,
91,LBA REALTY LLC,LBA REALTY FUND II - WBP II LLC,602 606 285,811295,"3347 MICHELSON DR STE 200, IRVINE, CA, 92612-0687, UNITED STATES",True,False,False,
92,LBA REALTY LLC,LBA REALTY FUND II - WBP III LLC,602 606 390,284005,"17901 VON KARMAN AVE STE 950, IRVINE, CA, 92614, UNITED STATES",False,False,False,
93,LBA REALTY LLC,"LBA REALTY FUND II - WBP IV, LLC",603 570 983,829221,"3347 MICHELSON DR #200, IRVINE, CA, 92612, UNITED STATES",True,False,False,
94,LBA REALTY LLC,"LBA REALTY FUND II - WBP XV, LLC",603 570 839,1128634,"3347 MICHELSON DR #200, IRVINE, CA, 92612, UNITED STATES",True,False,False,
95,LBA REALTY LLC,"LBA REALTY FUND II-COMPANY I, LLC",602 534 601,788371,"3347 MICHELSON DR STE 200, IRVINE, CA, 92612-0687, UNITED STATES",True,False,False,
96,LBA REALTY LLC,"LBA REALTY FUND II-COMPANY II, LLC",603 238 370,1128635,,True,False,False,
97,LBA REALTY LLC,"LBA REALTY FUND II-COMPANY III, LLC",602 558 075,189923,"3347 MICHELSON DR, STE 200, IRVINE, CA, 92612-0687, UNITED STATES",False,False,False,
98,LBA REALTY LLC,"LBA REALTY FUND II-COMPANY IV, LLC",602 606 395,284006,"3347 MICHELSON DR STE 200, IRVINE, CA, 92612-0687, UNITED STATES",True,False,False,
99,LBA REALTY LLC,"LBA REALTY FUND II-COMPANY X, LLC",603 273 215,300488,"3347 MICHELSON DR STE 200, IRVINE, CA, 92612-0687, UNITED STATES",True,False,False,
100,LBA REALTY LLC,"LBA REALTY FUND II-COMPANY XII, LLC",603 358 798,788383,"3347 MICHELSON DR #200, IRVINE, CA, 92612, UNITED STATES",True,False,False,
101,LBA REALTY LLC,"LBA REALTY FUND III-COMPANY II, LLC",603 164 659,189924,"3347 MICHELSON DR STE 200, IRVINE, CA, 92612-0687, UNITED STATES",True,False,False,
102,LBA REALTY LLC,"LBA REALTY FUND III-COMPANY IV-H, LLC",602 771 571,811296,,True,False,False,
103,LBA REALTY LLC,"LBA REALTY FUND III-COMPANY IX, LLC",602 810 544,300489,"3347 MICHELSON DR STE 200, IRVINE, CA, 92612-0687, UNITED STATES",True,False,False,
104,LBA REALTY LLC,"LBA REALTY FUND III-COMPANY V, LLC",602 863 347,292221,,True,False,False,
105,LBA REALTY LLC,"LBA REALTY FUND III-COMPANY VI, LLC",602 792 426,300490,"3347 MICHELSON DR STE 200, IRVINE, CA, 92612-0687, UNITED STATES",True,False,False,
106,LBA REALTY LLC,"LBA REALTY FUND III-COMPANY VII, LLC",602 771 578,284007,"3347 MICHELSON DR STE 200, IRVINE, CA, 92612-0687, UNITED STATES",True,False,False,
107,LBA REALTY LLC,"LBA REALTY FUND III-COMPANY XII, LLC",604 277 575,1201835,"3347 MICHELSON DR STE 200, IRVINE, CA, 92612-0687, UNITED STATES",True,False,False,
108,LBA REALTY LLC,"LBA REALTY FUND III-COMPANY XIII, LLC",603 530 068,284008,"3347 MICHELSON DR STE 200, IRVINE, CA, 92612, UNITED STATES",False,False,False,
109,JGB LLC,JGB LLC,602 743 791,793478,"1425 4TH AVE # 420, SEATTLE, WA, 98101, UNITED STATES",False,False,False,
110,JGB LLC,"AJGB INTERNATIONAL, INC.",602 075 201,490385,"111 162ND AVE SE, BELLEVUE, WA, 98008-4629, UNITED STATES",False,False,False,
111,JGB LLC,J G BUILDERS LLC,603 582 170,243386,"1433 BOON ST, SUMAS, WA, 98295, UNITED STATES",False,False,False,
112,JGB LLC,J&G BROTHER & SAN VILLEGAS PAINTING LLC,604 886 571,1546974,"5004 18TH AVE SE, LACEY, WA, 98503-2759, UNITED STATES",False,False,False,
113,JGB LLC,"J.G. BURIEN, L.L.C.",601 881 690,237531,,True,False,False,
114,JGB LLC,JG BRADEN LLC,603 157 528,172747,"17722 SE 17TH WAY, VANCOUVER, WA, 98683, UNITED STATES",False,False,False,
115,JGB LLC,"JG BUILDING & CONSTRUCTION, LLC",604 985 275,1608840,"2 FROST RD, TWISP, WA, 98856-9789, UNITED STATES",False,False,False,
116,JGB LLC,JGB BAJWA INVESTMENT LLC,603 529 113,768193,"2205 COOPER POINT RD SW, OLYMPIA, WA, 98502-1052, UNITED STATES",False,False,False,
117,JGB LLC,JGB CONTRACTING LLC,604 873 354,1538844,"41911 S MORROW RD, ROSALIA, WA, 99170-9743, UNITED STATES",False,False,False,
118,JGB LLC,"JGB DISTRIBUTING, INC.",603 254 073,769446,"7948 MAYFIELD ROAD, CHESTERLAND, OH, 44026",False,False,False,
119,JGB LLC,"JGB ENTERPRISES, L.L.C.",604 994 028,1611845,"119 N COMMERCIAL ST STE 1200, BELLINGHAM, WA, 98225-4450, UNITED STATES",False,False,False,
120,JGB LLC,JGB GENERAL CONTRACTOR LLC,605 093 125,1640985,"18618 NE 10TH AVE, RIDGEFIELD, WA, 98642-5515, UNITED STATES",False,False,False,
121,JGB LLC,JGB HOLDINGS INC.,603 274 958,772172,"555 S. RENTON VILLAGE PLACE, SUITE 570, RENTON, WA, 98057, UNITED STATES",False,False,False,
122,JGB LLC,"JGB INVESTMENT, LLC",604 016 096,253008,"9146 52ND LN NE, OLYMPIA, WA, 98516-9242, UNITED STATES",False,False,False,
123,JGB LLC,JGB SERVICE CORPORATION,601 118 020,1124641,"600 UNIVERSITY ST STE 3600, SEATTLE, WA, 98101-4109, UNITED STATES",False,False,False,
124,JGB LLC,"JGB SUN FACTORIES, LLC",602 487 593,266310,,True,False,False,
125,JGB LLC,JGBG LLC,602 647 525,266311,"31653 PACIFIC HWY S #A, FEDERAL WAY, WA, 98003, UNITED STATES",False,False,False,
126,JGB LLC,JGBGLJ FRANK LLC,604 323 405,1226231,"8051 AVALON PL, MERCER ISLAND, WA, 98040-5649, UNITED STATES",False,False,False,
127,JGB LLC,JGBGP LLC,602 781 570,769447,"501 N STADIUM WAY STE 100, TACOMA, WA, 98403-3217, UNITED STATES",False,False,False,
128,JGB LLC,JGBOW LLC,602 841 054,1124642,"70 BUCK WAY, COUPEVILLE, WA, 98239, UNITED STATES",False,False,False,
129,JGB LLC,JGBP LLC,605 013 355,1625553,"3420 SOUTH BAY RD NE, OLYMPIA, WA, 98506-2958, UNITED STATES",False,False,False,
130,JGB LLC,TJG BELL LLLP,604 726 537,1438002,"3000 BENNETT DR, BELLINGHAM, WA, 98225-1440, UNITED STATES",False,False,False,
131,GO-BRICKMAN MIKEN OWNER LLC,GO-BRICKMAN MIKEN OWNER LLC,604 336 381,1232340,"C/O BRICKMAN, ONCE GREENWICH OFFICE PARK, BUILDING 1N, SUITE 175, GREENWICH, CT, 06831, UNITED STATES",False,False,False,
132,BRICKMAN VANCE OWNER LLC,BRICKMAN VANCE OWNER LLC,604 189 238,574381,"399 PARK AVE, 18TH FLOOR, NEW YORK, NY, 10022, UNITED STATES",False,False,False,
133,ONNI 1411 FOURTH DEVELOPMENT LP,ONNI 1411 FOURTH DEVELOPMENT LIMITED PARTNERSHIP DBA ONNI 1411 FOURTH DEVELOPMENT BUILDING LIMITED PARTNERSHIP,603 588 138,859353,"5055 N 32ND ST STE 200, PHOENIX, AZ, 85018-1401, UNITED STATES",True,False,False,
134,ONNI 1411 FOURTH DEVELOPMENT LP,"ONNI 1411 FOURTH DEVELOPMENT, INC.",603 587 072,859354,"5055 N 32ND ST STE 200, PHOENIX, AZ, 85018-1401, UNITED STATES",True,False,False,
135,PIKE STREET INVESTORS LLC,PIKE STREET INVESTORS LLC,602 325 768,376733,"10 STATE HOUSE SQ FL 15, HARTFORD, CT, 06103-3600, UNITED STATES",False,False,False,
136,MSI POLL LLC,MSI POLL LLC,604 337 852,1234917,"316 OCCIDENTAL AVE S STE 300, SEATTLE, WA, 98104-4421, UNITED STATES",False,False,False,
137,URG PARK PLACE LLC,URG PARK PLACE LLC,604 527 666,1315026,"1425 4TH AVE STE 500, SEATTLE, WA, 98101-2264, UNITED STATES",False,False,False,
138,101 STEWART STREET LLC,"101 STEWART STREET, LLC",604 518 215,1311743,"222 SOUTH RIVERSIDE PLAZA, 34TH FLOOR, CHICAGO, IL, 60606, UNITED STATES",False,False,False,
139,WESTERN OFFICE PORTFOLIO PROPERTY OWNER LLC,WESTERN OFFICE PORTFOLIO PROPERTY OWNER LLC,604 370 949,1250815,"1215 4TH AVE STE 600, SEATTLE, WA, 98161-1084, UNITED STATES",False,False,False,
140,TILT49 OFFICE DEVELOPERS LLC,TILT49 OFFICE DEVELOPERS LLC,603 497 884,509627,"1425 4TH AVE STE 200, SEATTLE, WA, 98101-2274, UNITED STATES",False,False,False,
141,PPF OFF 720 OLIVE WAY LLC,"PPF OFF 720 OLIVE WAY, LLC",604 288 094,1207280,"3280 PEACHTREE ROAD, NE, 20TH FLOOR, ATLANTA, GA, 30305, UNITED STATES",False,False,False,
142,1415 WESTERN LLC,1415 WESTERN LLC,603 397 806,762885,"4616 25TH AVE NE, #773, SEATTLE, WA, 98105-4183, UNITED STATES",False,False,False,
143,DP BUNKER HILL LLC,"DP BUNKER HILL, LLC",603 545 500,155339,"818 W 7TH ST STE 410, LOS ANGELES, CA, 90017-3463, UNITED STATES",False,False,False,
144,EXPEDITORS INTERNATIONAL OF WASHINGTON INC,"EXPEDITORS INTERNATIONAL OF WASHINGTON, INC.",600 335 063,158813,"1015 THIRD AVE, SEATTLE, WA, 98104, UNITED STATES",False,False,False,
145,VIRGINIA STREET JOINT VENTURE LLC,VIRGINIA STREET JOINT VENTURE LLC,604 063 765,1082783,"2107 ELLIOTT AVE STE 303, SEATTLE, WA, 98121-2159, UNITED STATES",False,False,False,
146,800 STEWART LLC,"800 STEWART, LLC",603 258 757,10888,"800 STEWART ST, SEATTLE, WA, 98101-1306, UNITED STATES",False,False,False,
147,ARZCO 1 INVESTMENT CORP,ARZCO 1 INVESTMENT CORP.,604 309 137,1219684,"8TH FLOOR GARHOUD VIEWS BUILDING, DEIRA, DUBAI, 00000, UNITED ARAB EMIRATES",False,False,False,
148,4&U COMMERCIAL LLC,4&U COMMERCIAL LLC,604 924 093,1570750,"1505 5TH AVE STE 600, SEATTLE, WA, 98101-1678, UNITED STATES",False,False,False,
149,4&U COMMERCIAL LLC,34TH AND UNION MADRONA COMMERCIAL LLC,603 431 113,4323,"121 LAKESIDE AVE STE B, SEATTLE, WA, 98122-6599, UNITED STATES",False,False,False,
150,4&U COMMERCIAL LLC,"48 HOUR COMMERCIAL SANITATION SPECIALISTS, LLC",604 862 721,1528621,"9407 NE VANCOUVER MALL DR STE 104, VANCOUVER, WA, 98662-6191, UNITED STATES",False,False,False,
151,MLK FAMILY ARTS MENTORING ENRICHMENT COMMUNITY CENTER,MLK FAMILY ARTS MENTORING ENRICHMENT COMMUNITY CENTER,603 080 377,849324,"3201 EAST REPUBLICAN ST, SEATTLE, WA, 98112, UNITED STATES",False,False,False,
152,CAPITOL HILL TOD LLC,CAPITOL HILL TOD LLC,603 437 035,85490,"520 S KING ST, SEATTLE, WA, 98104-2834, UNITED STATES",False,False,False,
153,SRGMF III EASTLAKE AVENUE SEATTLE LLC,"SRGMF III EASTLAKE AVENUE SEATTLE, LLC",604 525 257,1322762,"3501 JAMBOREE ROAD SUITE 3000, NEWPORT BEACH, CA, 92660, UNITED STATES",False,False,False,
154,MSI - 1ST & KING LLC,MSI - 1ST & KING LLC,602 739 680,880019,"316 OCCIDENTAL AVE S, STE 300, SEATTLE, WA, 98104-4421, UNITED STATES",False,False,False,
155,WASHINGTON SHOE BUILDING LLC,"WASHINGTON SHOE BUILDING, LLC",602 647 733,1054283,"208 JAMES ST #C, SEATTLE, WA, 98104, UNITED STATES",False,False,False,
156,300 FIFTH AVENUE LLC,300 FIFTH AVENUE LLC,604 670 512,1399595,"1000 2ND AVE STE 1800, SEATTLE, WA, 98104-3619, UNITED STATES",False,False,False,
157,HARTFORD BUILDING LLC,"HARTFORD BUILDING, LLC",604 990 747,1609954,"208 JAMES ST, SEATTLE, WA, 98104-2220, UNITED STATES",False,False,False,
158,HOWARD BUILDING SEATTLE LLC,"HOWARD BUILDING SEATTLE, LLC",603 468 238,154242,"614 1ST AVE, SUITE 400, SEATTLE, WA, 98104-2255, UNITED STATES",False,False,False,
159,KAR STANDARD LLC,KAR STANDARD LLC,604 145 518,763141,"1 FEDERAL ST FL 17, BOSTON, MA, 02110-2003, UNITED STATES",False,False,False,
160,8 S WELLER LLC,8 S WELLER LLC,604 900 906,1548903,"3926 AURORA AVE N, SEATTLE, WA, 98103-7802, UNITED STATES",False,False,False,
161,8 S WELLER LLC,1836 S. WELLER STREET CONDOMINIUM ASSOCIATION,604 390 560,1260616,"400 112TH AVE NE, STE 400, BELLEVUE, WA, 98004-5540, UNITED STATES",True,False,False,
162,8 S WELLER LLC,1842 S. WELLER STREET CONDOMINIUM ASSOCIATION,604 291 872,1212952,"400 112TH AVE NE, STE 400, BELLEVUE, WA, 98004-5540, UNITED STATES",True,False,False,
163,MSI MAYNARD LLC,MSI MAYNARD LLC,604 537 696,1325768,"316 OCCIDENTAL AVE S STE 300, SEATTLE, WA, 98104-4421, UNITED STATES",False,False,False,
164,SCHWABACHER BUILDING LLC,"SCHWABACHER BUILDING, LLC",604 190 704,969087,"208 JAMES ST, SUITE C, SEATTLE, WA, 98104-2220, UNITED STATES",False,False,False,
165,COMPASS CENTER HOUSING DEVELOPMENT,COMPASS CENTER HOUSING DEVELOPMENT,601 201 571,84798,"220 DEXTER AVE N, SEATTLE, WA, 98109-5104, UNITED STATES",False,False,False,
166,NEW ENGLAND BUILDING LLC,NEW ENGLAND BUILDING LLC,601 893 989,868875,"85 S WASHINGTON ST STE 211, SEATTLE, WA, 98104-3403, UNITED STATES",False,False,False,
167,GC COLUMBIA LLC,CGC ( COLUMBIA GORGE COURIER ) TRANSPORT LLC,604 284 361,1208712,"42 ALLEY RD, UNDERWOOD, WA, 98651-9017, UNITED STATES",False,False,False,
168,GC COLUMBIA LLC,"GC COLUMBIA TRS, LLC",604 304 584,1221458,"818 W 7TH ST STE 410, 818 W. 7TH STREET, STE 410, LOS ANGELES, CA, 90017-3463, UNITED STATES",False,False,False,
169,GC COLUMBIA LLC,"GC COLUMBIA, LLC",603 523 026,718576,"818 W 7TH ST, STE 410, LOS ANGELES, CA, 90017-3463, UNITED STATES",False,False,False,
170,SCIENTIFIC BUILDING LLC,"SCIENTIFIC BUILDING, LLC",604 981 337,1601980,"208 JAMES ST, SEATTLE, WA, 98104-2220, UNITED STATES",False,False,False,
171,INTEGRUS SEATTLE LLC,"INTEGRUS SEATTLE, LLC",602 524 964,743149,"10 S CEDAR, SPOKANE, WA, 99204, UNITED STATES",False,False,False,
172,164 SOUTH WASHINGTON STREET LLC,"164 SOUTH WASHINGTON STREET, LLC",603 575 656,58889,"88 LENORA ST, SEATTLE, WA, 98121, UNITED STATES",False,False,False,
173,BEEBE REALTY INC,"BEEBE REALTY, INC.",601 120 357,77130,"1700 7TH AVE STE 1800, SEATTLE, WA, 98101-1312, UNITED STATES",False,False,False,
174,COLUMBIA TRUST COMPANY,COLUMBIA TRUST COMPANY,601 768 877,632805,"805 SW BROADWAY STE 780, PORTLAND, OR, 97205-3344, UNITED STATES",False,False,False,
175,COLUMBIA TRUST COMPANY,COLUMBIA LAND TRUST,601 251 637,632584,"850 OFFICERS ROW, VANCOUVER, WA, 98661-3846, UNITED STATES",False,False,False,
176,COLUMBIA TRUST COMPANY,COLUMBIA REGIONAL ECONOMIC DEVELOPMENT TRUST,601 772 809,615587,"587 STEVENS DR, RICHLAND, WA, 99352-4182, UNITED STATES",False,False,False,
177,COLUMBIA TRUST COMPANY,COLUMBIA TRUST COMPANY I,601 054 634,111791,"18225 8TH PL W, LYNNWOOD, WA, 98037, UNITED STATES",False,False,False,
178,COLUMBIA TRUST COMPANY,FRIENDS OF THE COLUMBIA GORGE LAND TRUST,602 604 247,196087,"123 NE 3RD AVE STE 108, PORTLAND, OR, 97232-2975, UNITED STATES",False,False,False,
179,MOTTMAN BUILDING LLC,"MOTTMAN BUILDING, LLC",604 985 396,1609956,"208 JAMES ST, SEATTLE, WA, 98104-2220, UNITED STATES",False,False,False,
180,PTL PROPERTY LIMITED PARTNERSHIP,PTL PROPERTY LIMITED PARTNERSHIP,602 493 349,942810,"220 3RD AVE S #100, SEATTLE, WA, 98104, UNITED STATES",False,False,False,
181,PTL PROPERTY LIMITED PARTNERSHIP,"PTL PROPERTY MANAGEMENT, LLC",603 487 774,891723,"151 NAGEL RD, WASHOUGAL, WA, 98671, UNITED STATES",False,False,False,
182,CASA BALLENA LLC,"CASA BALLENA, LLC",604 401 796,1260701,"633 YESLER WAY, SEATTLE, WA, 98104-2725, UNITED STATES",False,False,False,
183,TRPF MILLENNIUM TOWER LLC,TRPF MILLENNIUM TOWER LLC,604 193 771,1165953,"730 3RD AVE, MS:730/12/02, NEW YORK, NY, 10017-3206, UNITED STATES",False,False,False,
184,BRICKMAN PACIFIC LLC,BRICKMAN PACIFIC LLC,603 445 367,74763,"C/O BRICKMAN, ONCE GREENWICH OFFICE PARK, BUILDING 1N, SUITE 175, GREENWICH, CT, 06831, UNITED STATES",False,False,False,
185,BPP 800 FIFTH PROPERTY OWNER LLC,BPP 800 FIFTH PROPERTY OWNER LLC,604 371 982,1248153,"233 S WACKER DR, SUITE 4700, CHICAGO, IL, 60606-6332, UNITED STATES",False,False,False,
186,PIONEER BUILDING LEVEL OFFICE LLC,PIONEER BUILDING LEVEL OFFICE LLC,603 532 620,890019,"600 1ST AVE, SEATTLE, WA, 98104-2216, UNITED STATES",False,False,False,
187,710 SECOND AVE (WA) OWNER LLC,"710 SECOND AVE (WA) OWNER, LLC",604 363 275,1250229,"4700 WILSHIRE BLVD, LOS ANGELES, CA, 90010-3853, UNITED STATES",False,False,False,
188,HINES NORTON SEATTLE LLC,HINES NORTON SEATTLE LLC,604 816 375,1498693,"845 TEXAS AVENUE SUITE 3300, HOUSTON, TX, 77002, UNITED STATES",False,False,False,
189,BPP 999 THIRD AVENUE OWNER LLC,BPP 999 THIRD AVENUE OWNER LLC,604 467 183,1288971,"233 S WACKER DR STE 4700, CHICAGO, IL, 60606-6374, UNITED STATES",False,False,False,
190,SAFECO PLAZA LLC,SAFECO PLAZA LLC,604 780 283,1476042,"800 BOYLSTON ST STE 1900, BOSTON, MA, 02199-8101, UNITED STATES",True,False,False,
191,SAFECO PLAZA LLC,BXP SAFECO PLAZA APPOINTER LLC,604 780 282,1476039,"800 BOYLSTON ST STE 1900, BOSTON, MA, 02199-8101, UNITED STATES",True,False,False,
192,SAFECO PLAZA LLC,BXP SAFECO PLAZA MANAGER LLC,604 786 005,1476038,"800 BOYLSTON ST STE 1900, BOSTON, MA, 02199-8101, UNITED STATES",True,False,False,
193,SAFECO PLAZA LLC,BXP SAFECO PLAZA MEMBER LLC,604 778 881,1476043,"800 BOYLSTON ST STE 1900, BOSTON, MA, 02199-8101, UNITED STATES",True,False,False,
194,SAFECO PLAZA LLC,BXP SAFECO PLAZA PROMOTE GP LLC,604 778 882,1476044,"800 BOYLSTON ST STE 1900, BOSTON, MA, 02199-8101, UNITED STATES",True,False,False,
195,SAFECO PLAZA LLC,SAFECO PLAZA REIT LLC,604 778 879,1476040,"800 BOYLSTON ST STE 1900, BOSTON, MA, 02199-8101, UNITED STATES",True,False,False,
196,T C 4 & MADISON LLC,T-C 4TH & MADISON LLC,603 282 482,1017402,"730 3RD AVE, NEW YORK, NY, 10017-3206, UNITED STATES",False,False,False,
197,VBGO 901 FIFTH SEA LLC,VBGO 901 FIFTH SEA LLC,604 418 295,1290530,"277 E TOWN ST, COLUMBUS, OH, 43215-4627, UNITED STATES",False,False,False,
198,GO-BRICKMAN CENTRAL OWNER LLC,GO-BRICKMAN CENTRAL OWNER LLC,604 300 012,1211955,"C/O BRICKMAN, ONCE GREENWICH OFFICE PARK, BUILDING 1N, SUITE 175, GREENWICH, CT, 06831, UNITED STATES",False,False,False,
199,COLLINS BUILDING LLC,COLLINS BUILDING REDEVELOPMENT GROUP LLC,602 579 848,82515,"2232 BROADWAY STE 101, EVERETT, WA, 98201, UNITED STATES",False,False,False,
200,COLLINS BUILDING LLC,"COLLINS BUILDING, LLC",604 976 252,1601986,"208 JAMES ST, SEATTLE, WA, 98104-2220, UNITED STATES",False,False,False,
201,COLLINS BUILDING LLC,"COLLINS FINE HOMEBUILDING, LLC",603 528 051,1105761,"1023 S THORP HWY, ELLENSBURG, WA, 98926-8006, UNITED STATES",False,False,False,
202,COLLINS BUILDING LLC,THE COLLINS BUILDING COALITION,602 934 252,469042,"2418 CALIFORNIA STREET #C, EVERETT, WA, 98201, UNITED STATES",False,False,False,
203,GREF 111 SOUTH JACKSON LP,"GREF 111 SOUTH JACKSON, LP",603 504 015,721462,"222 S RIVERSIDE PLZ FL 34, CHICAGO, IL, 60606-6886, UNITED STATES",False,False,False,
204,ONE HUNDRED KING L L C,"ONE HUNDRED KING, LLC",603 062 948,887963,"437 BEAVER ST FL 2, SEWICKLEY, PA, 15143-1543, UNITED STATES",False,False,False,
205,GLOBE PARTNERS LLC,"GLOBE BUILDING PARTNERS, LLC",603 417 335,209429,"807 W SHOSHONE PL, SPOKANE, WA, 99203, UNITED STATES",False,False,False,
206,GLOBE PARTNERS LLC,"GLOBE PARTNERS, LLC",602 023 571,135138,"85 S WASHINGTON ST STE 211, SEATTLE, WA, 98104-3403, UNITED STATES",False,False,False,
207,GLOBE PARTNERS LLC,GLOBE PARTNERSHIPS LLC,604 929 540,1570102,"2528 S WILKESON ST, TACOMA, WA, 98405-3129, UNITED STATES",False,False,False,
208,TATNUCK VENTURES LLC,TATNUCK VENTURES LLC,602 628 574,472081,"2360 CORPORATE CIR STE 330, LAS VEGAS, NV, 89074, UNITED STATES",False,False,False,
209,BURKE-STATE BLDG LLC,"BURKE-STATE BLDG., LLC",601 728 210,101420,"316 OCCIDENTAL AVE S, STE 300, SEATTLE, WA, 98104, UNITED STATES",False,False,False,
210,IC U S A NO 8 PROPERTY PARTNERSHIP,IC U.S.A. NO. 18 PROPERTY LIMITED PARTNERSHIP,602 357 000,239937,"401 2ND AVE STE 620, SEATTLE, WA, 98104-2826, UNITED STATES",False,False,False,
211,IC U S A NO 8 PROPERTY PARTNERSHIP,IC U.S.A. NO. 8 PROPERTY LIMITED PARTNERSHIP,602 570 885,746841,,False,False,False,
212,NEUBERT FAMILY LIMITED PARTNERSHIP,THE NEUBERT FAMILY LIMITED PARTNERSHIP,602 546 418,1071888,"61 BENSON CREEK DR, TWISP, WA, 98856-9606, UNITED STATES",False,False,False,
213,REEDO LP,#1 FREEDOM ADULT FAMILY HOME LLC,604 783 288,1481372,"21403 4TH PL S, DES MOINES, WA, 98198-3624, UNITED STATES",False,False,False,
214,REEDO LP,...IT'S FOR FREEDOM MINISTRIES!,603 034 700,731,"4111 E MADISON ST, #124, SEATTLE, WA, 98112, UNITED STATES",False,False,False,
215,REEDO LP,"1196-1198 SE FREEDOM CIRCLE, LLC",602 617 565,45405,"18681 URBAN AVE NE, SUQUAMISH, WA, 98392-9547, UNITED STATES",False,False,False,
216,REEDO LP,3DB - THREE DOGS AND A BOY HOSPITALITY SERVICES LLC,604 308 547,1216847,"8127 7TH AVE SW, SEATTLE, WA, 98106-2104, UNITED STATES",False,False,False,
217,REEDO LP,A JOURNEY TO FREEDOM - GORGE,602 748 150,12355,"10 TSUBOTA RD, GOLDENDALE, WA, 98620, UNITED STATES",False,False,False,
218,REEDO LP,ABUNDANT FREEDOM,602 533 167,402688,"3833 MARIGOLD LN, MODESTO, CA, 95356-1309, UNITED STATES",False,False,False,
219,REEDO LP,ACCESS FREEDOM,603 097 095,22314,"2138 JENSEN, FERNDALE, WA, 98248, UNITED STATES",False,False,False,
220,REEDO LP,AIR MOBILITY FREEDOM LLC,603 501 809,581995,"16124 SE 264TH PL, COVINGTON, WA, 98042-8233, UNITED STATES",False,False,False,
221,REEDO LP,AMERICAN ASSOCIATION FOR HEALTH FREEDOM,602 623 676,489149,"801 SW 16TH ST # 121, RENTON, WA, 98057, UNITED STATES",False,False,False,
222,REEDO LP,"AMERICAN FINANCIAL FREEDOM GROUP, LLC",602 511 539,544176,"32910 NE 43RD PLACE, CARNATION, WA, 98014, UNITED STATES",False,False,False,
223,REEDO LP,"AMERICAN FREEDOM CONSTRUCTION, LLC",602 396 463,547060,"13604 246TH ST E, GRAHAM, WA, 98338, UNITED STATES",False,False,False,
224,REEDO LP,AMERICAN FREEDOM CORPORATION,604 269 117,1202918,"4748 26TH AVE SW, SEATTLE, WA, 98106-1321, UNITED STATES",False,False,False,
225,REEDO LP,"AMERICAN FREEDOM GROUP, INC.",602 365 340,33813,"1326 5TH ST #B3, MARYSVILLE, WA, 98270, UNITED STATES",False,False,False,
226,REEDO LP,"AMERICAN FREEDOM KEEPERS, LLC",604 124 111,1095639,"8002 NE HWY 99 #B, VANCOUVER, WA, 98665, UNITED STATES",False,False,False,
227,REEDO LP,AMERICAN FREEDOM MUSEUM,603 497 212,544774,"5420 S FIFE ST, TACOMA, WA, 98409, UNITED STATES",False,False,False,
228,REEDO LP,AMERICAN FREEDOM PRESS LLC,604 055 044,28132,"10013 NE HAZEL DELL AVE, VANCOUVER, WA, 98665, UNITED STATES",False,False,False,
229,REEDO LP,"AMERICAN FREEDOM WARRIORS, LLC",604 127 375,29807,"4615 N. 22ND ST., TACOMA, WA, 98406, UNITED STATES",False,False,False,
230,REEDO LP,AMERICAN FREEDOMS CLUB NFP,603 236 173,544775,"10423 PACIFIC AVE S, TACOMA, WA, 98444, UNITED STATES",False,False,False,
231,REEDO LP,AMERICAN GLOBAL FELLOWSHIP FOR FREEDOM AND WORSHIP,602 304 827,28136,,False,False,False,
232,REEDO LP,ANGELS OF FREEDOM,602 785 547,549692,"5114 POINT FOSDICK DR NW #107, GIG HARBOR, WA, 98335, UNITED STATES",False,False,False,
233,REEDO LP,ARGONNE FREEDOM LLC,602 469 627,39555,"1521 N ARGONNE RD, SPOKANE, WA, 99212, UNITED STATES",False,False,False,
234,REEDO LP,ARTISTS FOR FREEDOM AND UNITY,602 660 398,557548,"318 N CALLOW AVE, BREMERTON, WA, 98312, UNITED STATES",False,False,False,
235,REEDO LP,AUTHENTICALLY SERVING FREEDOM LLC,604 822 987,1507112,"700 SLEATER KINNEY RD SE, SUITE B #229, LACEY, WA, 98503-1113, UNITED STATES",False,False,False,
236,REEDO LP,BAKING FREEDOM PIE,602 786 703,49352,"17719 PACIFIC AVE S #308, SPANAWAY, WA, 98387, UNITED STATES",False,False,False,
237,REEDO LP,BIG FREEDOM TINY HOMES LLC,604 122 153,562386,"1975 ALPINE WAY #7, BELLINGHAM, WA, 98226, UNITED STATES",False,False,False,
238,505 UNION STATION LTD,505 UNION STATION LLC,602 347 763,9316,"505 5TH AVE S #900, SEATTLE, WA, 98104, UNITED STATES",False,False,False,
239,505 UNION STATION LTD,505 UNION STATION MM INC,602 347 627,361253,"505 5TH AVE S STE 900, SEATTLE, WA, 98104-3821, UNITED STATES",False,False,False,
240,UNICO BOP COLMAN BUILDING LLC,UNICO BOP COLMAN BUILDING LLC,604 412 880,1268800,"1326 5TH AVE, SUITE 800, SEATTLE, WA, 98101-2627, UNITED STATES",False,False,False,
241,BCSP MARITIME BUILDING,BCSP MARITIME BUILDING LLC,604 282 227,1205818,"275 E BROAD ST, COLUMBUS, OH, 43215-3703, UNITED STATES",False,False,False,
242,BCSP MARITIME BUILDING,BCSP MARITIME BUILDING LLC,603 496 373,565207,"200 STATE ST, 5TH FLOOR, BOSTON, MA, 02109-2628, UNITED STATES",False,False,False,
243,POLSON HOLDINGS LLC,POLSON HOLDINGS LLC,603 591 729,909243,"2101 FOURTH AVENUE, SUITE 310, SEATTLE, WA, 98121, UNITED STATES",False,False,False,
244,EXPEDITORS INTERNATIONAL OF WA INC,"EXPEDITORS INTERNATIONAL OF WASHINGTON, INC.",600 335 063,158813,"1015 THIRD AVE, SEATTLE, WA, 98104, UNITED STATES",False,False,False,
245,SEATTLE DOWNTOWN HOTEL & RESIDENCES LLC,SEATTLE DOWNTOWN HOTEL & RESIDENCES LLC,603 340 323,1001050,"433 CALIFORNIA ST, STE 700, SAN FRANCISCO, CA, 94104-2011, UNITED STATES",False,False,False,
246,TEMASEK L L C,"TEMASEK, L.L.C.",601 930 871,1154643,"601 UNION ST, SUITE 4100, SEATTLE, WA, 98101-1368, UNITED STATES",False,False,False,
247,FRONTAL EW OLYMPIC BLOCK LLC,"FRONTAL EW OLYMPIC BLOCK, LLC",604 469 752,1287512,"1099 18TH ST, SUITE 2900, DENVER, CO, 80202-1929, UNITED STATES",False,False,False,
248,PRU 114 LLC,PRU 114 LLC,602 720 016,904120,"114 ALASKAN WAY S, SUITE 120, SEATTLE, WA, 98104, UNITED STATES",False,False,False,
249,HR FIRST HILL MEDICAL BUILDING SPE LLC,"HR FIRST HILL MEDICAL BUILDING SPE, LLC",603 338 917,743745,"3310 WEST END AVENUE, SUITE 700, NASHVILLE, TN, 37203, UNITED STATES",False,False,False,
250,PAUL REVERE APARTMENTS LLC,"PAUL REVERE APARTMENTS, LLC",601 838 524,883574,"219 E GARFIELD ST STE 600, SEATTLE, WA, 98102-3785, UNITED STATES",False,False,False,
251,JOHN ALDEN ASSOCIATES LLC,"JOHN ALDEN ASSOCIATES, LLC",602 816 269,294667,"1938 43RD AVE E, SEATTLE, WA, 98112-3235, UNITED STATES",False,False,False,
252,ERP OPERATING LIMITED PARTNERSHIP,ERP OPERATING LIMITED PARTNERSHIP,601 705 487,1112845,"TWO NORTH RIVERSIDE PLAZA, SUITE 400, CHICAGO, IL, 60606, UNITED STATES",False,False,False,
253,ERP OPERATING LIMITED PARTNERSHIP,ENTERPRISE PRODUCTS OPERATING L.P.,602 172 349,675187,"1100 LOUISIANA STATE 1000, HOUSTON, TX, 77002",False,False,False,
254,ERP OPERATING LIMITED PARTNERSHIP,ENTERPRISE PRODUCTS OPERATING LLC,602 748 488,663898,"1100 LOUISIANA ST, HOUSTON, TX, 77002-5227, UNITED STATES",False,False,False,
255,ERP OPERATING LIMITED PARTNERSHIP,UCCP ENTERPRISE OPERATING SYSTEM INC.,604 115 601,584713,"1301 6TH AVE, SEATTLE, WA, 98101, UNITED STATES",False,False,False,
256,QUINTET INVESTMENTS INC,"QUINTET INVESTMENTS, INC.",601 050 156,392982,"801 2ND AVE STE 1415, SEATTLE, WA, 98104-1517, UNITED STATES",False,False,False,
257,CLARWOOD ASSOCIATES,"CLARWOOD ASSOCIATES, LLC",604 355 645,1242417,"1938 43RD AVE E, SEATTLE, WA, 98112-3235, UNITED STATES",False,False,False,
258,VBC MADISON LP,VBC MADISON LP,604 274 591,1210132,"1911 65TH AVE W, TACOMA, WA, 98466-6225, UNITED STATES",False,False,False,
259,WESTMINSTER ASSOCIATES LLC,"WESTMINSTER ASSOCIATES, LLC.",602 613 477,1077519,"1938 43RD AVE E, SEATTLE, WA, 98112-3235, UNITED STATES",False,False,False,
260,STARLIGHT APARTMENTS LLC,STARLIGHT APARTMENTS LLC,603 354 490,443580,"2312 2ND AVE N, SEATTLE, WA, 98109-2005, UNITED STATES",False,False,False,
261,423 TERRY PARTNERS LLC,"423 TERRY PARTNERS, LLC",603 515 075,98953,"1425 BROADWAY, #516, SEATTLE, WA, 98122-3854, UNITED STATES",False,False,False,
262,MONTICELLO APARTMENTS II LLC,MONTICELLO APARTMENTS II L.L.C.,603 163 442,339727,"1302 PUYALLUP ST STE A, SUMNER, WA, 98390, UNITED STATES",False,False,False,
263,GEE HOW OAK TIN FOUNDATION,GEE HOW OAK TIN FOUNDATION,601 115 612,708289,"519 7TH AVE S, SEATTLE, WA, 98104-2971, UNITED STATES",False,False,False,
264,STATE HOTEL LLC,INTERSTATE HOTELS CORPORATION,601 652 403,231992,,False,False,False,
265,STATE HOTEL LLC,"INTERSTATE HOTELS, LLC",601 927 335,772567,"5851 LEGACY CIRCLE, SUITE 400, PLANO, TX, 75024, UNITED STATES",False,False,False,
266,STATE HOTEL LLC,"MESA ESTATES HOTEL, LLC",602 738 378,862809,"31720 GATEWAY CENTER BLVD S, FEDERAL WAY, WA, 98003-5623, UNITED STATES",False,False,False,
267,STATE HOTEL LLC,"STATE HOTEL, L.L.C.",602 497 023,444165,"85 S WASHINGTON ST STE 211, SEATTLE, WA, 98104-3403, UNITED STATES",False,False,False,
268,GOVERNOR BUILDING LLC,GOVERNOR BUILDING LLC,602 636 059,235085,"1200 WESTLAKE AVE N STE 608, SEATTLE, WA, 98109-3529, UNITED STATES",False,False,False,
269,CHOW FAMILY CO L L C,"CHOW FAMILY CO., L.L.C.",601 595 078,614607,"800 MAYNARD AVE S, SEATTLE, WA, 98134-1334, UNITED STATES",False,False,False,
270,CHOW FAMILY CO L L C,REICHOW FAMILY LLC,601 730 486,407203,"26409 148TH AVE SE, KENT, WA, 98042-8142, UNITED STATES",False,False,False,
271,CAI SUNLIGHT PROPERTIES LLC,CAI SUNLIGHT PROPERTIES LLC,604 765 156,1465552,"8411 MAPLE LANE, MERCER ISLAND, WA, 98040, UNITED STATES",False,False,False,
272,CRE 315 MAYNARD LLC,CRE 315 MAYNARD LLC,604 247 595,1200900,"2930 WESTLAKE AVE N, STE100, SEATTLE, WA, 98109-1968, UNITED STATES",False,False,False,
273,YESSIX LLC,"YESSIX, LLC",603 446 762,1082614,"2900 NE BLAKELEY ST STE B, SEATTLE, WA, 98105, UNITED STATES",False,False,False,
274,GERALD AND ALYCE ARAI FAMILY LP,GERALD AND ALYCE ARAI FAMILY LIMITED PARTNERSHIP,601 739 100,721665,,False,False,False,
275,GERALD AND ALYCE ARAI FAMILY LP,GERALD AND ALYCE ARAI FAMILY LIMITED PARTNERSHIP,604 322 862,1228052,"1812 E SHELBY ST, SEATTLE, WA, 98112-2022, UNITED STATES",False,False,False,
276,FRANK W S MAR INVESTMENTS LLC,"FRANK W. S. MAR INVESTMENTS, L.L.C.",602 146 439,700986,"420 MAYNARD AVE S, SEATTLE, WA, 98104-2964, UNITED STATES",False,False,False,
277,GIN HOLDINGS LLC,AGINSKY HOLDINGS LLC,604 206 271,1173082,"2520 JAMES ST, C/O MARK AGINSKY, BELLINGHAM, WA, 98225-3545, UNITED STATES",False,False,False,
278,GIN HOLDINGS LLC,ANTI-AGING HOLDING LLC,604 477 950,1293636,"1489 158TH PL NE, BELLEVUE, WA, 98008-2782, UNITED STATES",False,False,False,
279,GIN HOLDINGS LLC,"B & G INVESTMENT HOLDINGS, LLC",602 125 887,68611,,True,False,False,
280,GIN HOLDINGS LLC,"BLUE ORIGIN HOLDINGS GP, LLC",603 574 827,68764,"1201 3RD AVE, SUITE 4900, C/O LAWCO CORPORATE SERVICES, SEATTLE, WA, 98101-3095, UNITED STATES",False,False,False,
281,GIN HOLDINGS LLC,"BLUE ORIGIN HOLDINGS, L.P.",603 575 379,582760,"1201 THIRD AVE #4900, C/O LAWCO CORPORATE SERVICES, SEATTLE, WA, 98101, UNITED STATES",False,False,False,
282,GIN HOLDINGS LLC,BURGIN REAL ESTATE HOLDING LLC,602 152 818,814238,"6511 S CHENEY SPOKANE RD, SPOKANE, WA, 99224-7429, UNITED STATES",False,False,False,
283,GIN HOLDINGS LLC,"DG INVESTMENT HOLDINGS, LLC",603 098 438,650843,"28607 6TH PLACE SOUTH, DES MOINES, WA, 98198, UNITED STATES",False,False,False,
284,GIN HOLDINGS LLC,"EAST MARGINAL HOLDING, LLC",604 451 238,1278054,"12607 E MARGINAL WAY S, TUKWILA, WA, 98168-2562, UNITED STATES",False,False,False,
285,GIN HOLDINGS LLC,"ENGINEERED DATA PRODUCTS HOLDINGS, LLC",602 749 125,673542,"1250 W 124TH AVE, WESTMINSTER, CO, 80234",False,False,False,
286,GIN HOLDINGS LLC,GEREG INVESTMENT HOLDINGS LLC,603 295 948,713930,"2347 22ND AVE S, SEATTLE, WA, 98144-5219, UNITED STATES",False,False,False,
287,GIN HOLDINGS LLC,"GIN HOLDINGS, LLC",602 783 428,711046,"657 SOUTH KING ST., 209, SEATTLE, WA, 98104, UNITED STATES",False,False,False,
288,GIN HOLDINGS LLC,GINA HOLDINGS LLC,602 823 587,709978,"39 PENINSULA RD, BEL TIBURON, CA, 94920-2325, UNITED STATES",False,False,False,
289,GIN HOLDINGS LLC,"GINGER HOLDINGS, LIMITED LIABILITY COMPANY",603 265 098,722698,"309 PINE ST, MOUNT VERNON, WA, 98273-3851, UNITED STATES",False,False,False,
290,GIN HOLDINGS LLC,GINN GROUP HOLDINGS LLC,604 370 532,1244776,"502 NE 72ND ST, VANCOUVER, WA, 98665-8096, UNITED STATES",True,False,False,
291,GIN HOLDINGS LLC,GINN GROUP LEGACY HOLDINGS LLC,604 740 993,1453273,"502 NE 72ND ST, VANCOUVER, WA, 98665-8096, UNITED STATES",True,False,False,
292,GIN HOLDINGS LLC,"H & R SPOKANE, LLC",604 664 872,1400482,"7321 E NORA AVE, SPOKANE VLY, WA, 99212-1236, UNITED STATES",False,True,True,
293,GIN HOLDINGS LLC,"HIGGINS HOLDINGS, LLC",604 648 279,1384045,"3119 FREEDOM LN, OAK HARBOR, WA, 98277-3628, UNITED STATES",False,False,False,
294,GIN HOLDINGS LLC,"HIGGINS REAL ESTATE HOLDINGS, LLC",604 664 872,1400482,,True,True,True,
295,GIN HOLDINGS LLC,"HUI RONG INVESTMENT HOLDING, LLC",603 520 187,238837,"355 118TH AVE SE STE 200, BELLEVUE, WA, 98005, UNITED STATES",False,False,False,
296,GIN HOLDINGS LLC,"JG INVESTMENT HOLDINGS, INC.",604 306 975,1224138,"11820 NORTHUP WAY STE E200, BELLEVUE, WA, 98005-1966, UNITED STATES",False,False,False,
297,GIN HOLDINGS LLC,"KING INVESTMENT HOLDINGS, LLC",602 809 853,285974,"4800 FREMONT AVE N, APT 120, SEATTLE, WA, 98103-6565, UNITED STATES",False,False,False,
298,GIN HOLDINGS LLC,"LG INVESTMENT HOLDINGS, LLC",604 058 126,815536,"3817 101ST ST SW, LAKEWOOD, WA, 98499-4703, UNITED STATES",False,False,False,
299,GIN HOLDINGS LLC,"LIGHTNING INTERMEDIATE HOLDINGS, LLC",603 325 841,1129370,"4301 W BOY SCOUT BLVD, SUITE 800, TAMPA, FL, 33607-5702, UNITED STATES",False,False,False,
300,GIN HOLDINGS LLC,MARGINAL HOLDINGS LLC,604 785 523,1475360,"3222 S EDMUNDS ST, SEATTLE, WA, 98118-1726, UNITED STATES",False,False,False,
301,GIN HOLDINGS LLC,"NELSON/HUGGINS HOLDINGS, LLC",602 890 977,364663,"303 WASHINGTON AVE N, KENT, WA, 98032-4436, UNITED STATES",False,False,False,
302,AUDITORIUM APARTMENTS LLC,"AUDITORIUM APARTMENTS, L.L.C.",602 404 748,44496,"50 116TH AVE SE STE 201, BELLEVUE, WA, 98004-6436, UNITED STATES",False,False,False,
303,AUDITORIUM APARTMENTS LLC,EAGLES  AUDITORIUM APARTMENTS LLC,603 157 468,661959,"433 MINOR AVE N, SEATTLE, WA, 98109-5439, UNITED STATES",False,False,False,
304,SUSTAINABLE URBAN DEVELOPMENT #1 LLC,SUSTAINABLE URBAN DEVELOPMENT #1 LLC,602 383 985,1001361,"816 2ND AVE STE 300, SEATTLE, WA, 98104-1534, UNITED STATES",False,False,False,
305,CORONA BUILDING LLC,"CORONA BUILDING, LLC",603 050 806,631740,"208 JAMES ST, SUITE C, SEATTLE, WA, 98104-2220, UNITED STATES",False,False,False,
306,PACIFIC SUN NORTHWEST INC,"PACIFIC SUN NORTHWEST, INC.",602 198 280,866198,"1314 SPRING ST, #310, SEATTLE, WA, 98104-1358, UNITED STATES",False,False,False,
307,SAN MARCO LLC,SAN MARCO LLC,602 413 456,966547,"1116 15TH AVE E, SEATTLE, WA, 98112, UNITED STATES",False,False,False,
308,SAN MARCO LLC,"RANCHO SAN MARCOS PROPERTIES, LLC",601 887 865,938910,,True,False,False,
309,SAN MARCO LLC,"S-H THIRTY-FIVE PROPCO - SAN MARCOS, LLC",602 220 771,421991,"1920 MAIN STREET, STE 1200, IRVINE, CA, 92614, UNITED STATES",False,False,False,
310,SAN MARCO LLC,SAN MARCO APARTMENTS II LLC,603 234 667,425250,"1325 W. 1ST AVENUE, SUITE 300, SPOKANE, WA, 99201-3914, UNITED STATES",False,False,False,
311,SAN MARCO LLC,SAN MARCO APARTMENTS LLC,601 290 403,416653,"1325 WEST 1ST AVE #300, SPOKANE, WA, 99201, UNITED STATES",False,False,False,
312,SAN MARCO LLC,"SAN MARCO INVESTORS, LLC",602 418 373,966546,"720 SENECA ST, SUITE B, SEATTLE, WA, 98101-3265, UNITED STATES",False,False,False,
313,SAN MARCO LLC,SAN MARCOS MARBLE & GRANITE LLC,603 550 539,425251,"21620 84TH AVE S, KENT, WA, 98032, UNITED STATES",False,False,False,
314,SAN MARCO LLC,SAN MARCOS MARKET LLC,604 714 418,1427938,"1203 COLUMBIA AVE, BRIDGEPORT, WA, 98813, UNITED STATES",False,False,False,
315,SAN MARCO LLC,SAN MARCOS TIMBERS INVESTORS LLC,604 845 235,1514908,"2040 FABEN DR, MERCER ISLAND, WA, 98040-2002, UNITED STATES",False,False,False,
316,SAN MARCO LLC,"SAN-MAR CONSTRUCTION CO., INC.",601 839 546,425255,,True,False,False,
317,SAN MARCO LLC,"SAN-MAR CONSTRUCTION CO., INC.",601 817 978,981578,"4875 E LA PALMA AVE #601, ANAHEIM, CA, 92807",False,False,False,
318,SAN MARCO LLC,SANMAR CONSTRUCTION SERVICES LLC,603 606 109,992644,"3508 NE 109TH AVE #S07, VANCOUVER, WA, 98682, UNITED STATES",False,False,False,
319,GO-BRICKMAN BRODERICK OWNER LLC,GO-BRICKMAN BRODERICK OWNER LLC,604 336 373,1232326,"C/O BRICKMAN, ONCE GREENWICH OFFICE PARK,, BUILDING 1N, SUITE 175, GREENWICH, CT, 06831, UNITED STATES",False,False,False,
320,HUDSON 1000 OLIVE WAY LLC,"HUDSON 1000 OLIVE WAY, LLC",604 448 875,1291230,"11601 WILSHIRE BLVD FL 9, LOS ANGELES, CA, 90025-0509, UNITED STATES",False,False,False,
321,VBGO DANFORTH LLC,VBGO DANFORTH LLC,604 565 410,1339816,"292 MADISON AVE FL 7, NEW YORK, NY, 10017-6318, UNITED STATES",False,False,False,
322,SWEAZEY INVESTMENTS L L C,OSTENSON & SWEAZEY INVESTMENTS LLC,602 482 814,367826,"220 OLYMPIC DR SE, PO BOX 10917, BAINBRIDGE ISLAND, WA, 98110, UNITED STATES",False,True,True,
323,SWEAZEY INVESTMENTS L L C,OSTENSON FROST & SWEAZEY INVESTMENTS LLC,602 482 814,367826,,False,True,True,
324,SWEAZEY INVESTMENTS L L C,"SWEAZEY INVESTMENTS, LLC",602 580 803,466779,"823 NW 195TH PL, SHORELINE, WA, 98177-2637, UNITED STATES",False,False,False,
325,LI-HI SEATTLE,"A. PHILIP RANDOLPH INSTITUTE, SEATTLE CHAPTER",601 586 877,10868,"5030 1ST AVE S STE 208, SEATTLE, WA, 98134-2438, UNITED STATES",False,False,False,
326,LI-HI SEATTLE,APOSTOLIC ASSEMBLY OF THE FAITH IN CHRIST JESUS - IGLESIA FUENTE DE VIDA SEATTLE,602 983 871,491986,"18884 108TH LN SE, RENTON, WA, 98055-6401, UNITED STATES",False,False,False,
327,LI-HI SEATTLE,APOSTOLIC ASSEMBLY OF THE FAITH IN CHRIST JESUS CFA SEATTLE#2,603 099 488,39729,,True,False,False,
328,LI-HI SEATTLE,BREAD OF LIFE CHRISTIAN CHURCH IN SEATTLE,601 943 717,78298,"3005 PARK AVE N, RENTON, WA, 98056-2106, UNITED STATES",False,False,False,
329,LI-HI SEATTLE,ERITREAN EVANGELICAL-LUTHERAN CHURCH IN SEATTLE,602 800 459,174978,"12509 27TH AVE NE, SEATTLE, WA, 98125-4309, UNITED STATES",False,False,False,
330,LI-HI SEATTLE,EVANGELICAL CHINESE CHURCH OF SEATTLE,601 137 135,693231,"651 NW 81ST ST, SEATTLE, WA, 98117-4055, UNITED STATES",False,False,False,
331,LI-HI SEATTLE,FRANKLIN HIGH SCHOOL PTSA SEATTLE COUNCIL 6N.15.465,601 823 056,218075,"3013 S MOUNT BAKER BLVD, SEATTLE, WA, 98144-6139, UNITED STATES",False,False,False,
332,LI-HI SEATTLE,GOJAM ALIANCE FOR ETHIOPIAN UNITY IN SEATTLE,604 039 581,719258,"6904 S 130TH ST, SEATTLE, WA, 98178-4716, UNITED STATES",False,False,False,
333,LI-HI SEATTLE,LI-HI SEATTLE HOTEL OPCO LLC,604 549 582,1327888,"750 3RD AVE FL 27, NEW YORK, NY, 10017-2702, UNITED STATES",True,False,False,
334,LI-HI SEATTLE,LI-HI SEATTLE HOTEL PROPCO LLC,604 563 007,1329751,"750 3RD AVE FL 27, NEW YORK, NY, 10017-2702, UNITED STATES",True,False,False,
335,LI-HI SEATTLE,LING SHEN CHING TZE TEMPLE OF THE SEATTLE TAOIST-BUDDHIST  ASSOCIATION,601 531 580,814958,"17012 NE 40TH CT, REDMOND, WA, 98052-5491, UNITED STATES",False,False,False,
336,LI-HI SEATTLE,"LITHIA OF SEATTLE, INC.",602 130 172,298970,"1002 AIRPORT WAY S, SEATTLE, WA, 98134-1312, UNITED STATES",False,False,False,
337,LI-HI SEATTLE,RENOVACION CARISMATICA CATOLICA HISPANA DE SEATTLE,603 585 837,930979,"1512 PINE AVE, SNOHOMISH, WA, 98290-1826, UNITED STATES",False,False,False,
338,LI-HI SEATTLE,RENOVATION CARISMATICA CATOLICA HISPANA DE SEATTLE,603 622 497,395482,"1512 PINE AVE, SNOHOMISH, WA, 98290, UNITED STATES",False,False,False,
339,LI-HI SEATTLE,THE DWELLING PLACE CHURCH IN SEATTLE,603 493 405,1030349,"3846 25TH AVE W, SEATTLE, WA, 98199-1508, UNITED STATES",False,False,False,
340,LI-HI SEATTLE,THE OROMO EVANGELICAL CHURCH IN SEATTLE (OECS),603 173 680,1004565,"17418 8TH AVE NE, SHORELINE, WA, 98155-5028, UNITED STATES",False,False,False,
341,LI-HI SEATTLE,THE SPIRITUAL ISRAEL CHURCH & IT'S ARMY - SEATTLE,601 970 775,1023810,"2200 S 118TH STREET, BURIEN, WA, 98168, UNITED STATES",False,False,False,
342,LI-HI SEATTLE,THM PUBLISHING SEATTLE LLC,603 080 240,1074200,"3805 108TH NE STE 222, BELLEVUE, WA, 98004, UNITED STATES",False,False,False,
343,LI-HI SEATTLE,THM PUBLISHING SEATTLE LLC,604 392 681,1264650,,True,True,True,
344,LI-HI SEATTLE,THM SEATTLE LLC,604 392 681,1264650,"1400 S FOOTHILL DR STE 2419, SALT LAKE CTY, UT, 84108-2327, UNITED STATES",False,True,True,
345,LI-HI SEATTLE,"TRANSLINK SHIPPING SEATTLE, INC.",602 728 135,310587,"15020 BOTHELL WAY NE, SUITE 100, SEATTLE, WA, 98155, UNITED STATES",False,False,False,
346,LI-HI SEATTLE,TRUE LIGHT CHURCH IN SEATTLE,604 203 294,1170787,"14054 WALLINGFORD AVE N, SEATTLE, WA, 98133-7248, UNITED STATES",False,False,False,
347,EAST-WEST INVESTMENT CO INC,"EAST - WESTERN INVESTMENTS, LLC",603 345 654,108894,"195 MATA RD, KENNEWICK, WA, 99338-7639, UNITED STATES",False,False,False,
348,EAST-WEST INVESTMENT CO INC,"EAST TO WEST INVESTMENTS, LLC",603 213 335,154221,"4417 SW 91ST DR, GAINESVILLE, FL, 32608-7137, UNITED STATES",False,False,False,
349,EAST-WEST INVESTMENT CO INC,EAST WEST INVESTMENT PROPERTIES LLC,604 972 736,1597957,"9820 NE 200TH ST, BOTHELL, WA, 98011-2300, UNITED STATES",False,False,False,
350,EAST-WEST INVESTMENT CO INC,"EAST-WEST INVESTMENT CO., INC.",601 444 047,655377,"9612 54TH AVE S, SEATTLE, WA, 98118-5705, UNITED STATES",False,False,False,
351,EAST-WEST INVESTMENT CO INC,"EAST-WEST REAL ESTATE & INVESTMENT, L.L.C.",602 575 917,674989,,False,False,False,
352,EAST-WEST INVESTMENT CO INC,EASTWEST REAL ESTATE INVESTMENT & DEVELOPMENT LLC,603 334 058,154835,"32926 135TH CT SE, AUBURN, WA, 98092-8516, UNITED STATES",False,False,False,
353,HCP 1101 MADISON MOB LLC,"HCP 1101 MADISON MOB, LLC",602 451 584,146192,"1920 MAIN STREET, STE 1200, IRVINE, CA, 92114, UNITED STATES",False,False,False,
354,BTI SEVENTH AND MADISON LP,BTI SEVENTH AND MADISON LLC,603 259 295,592382,"7 GIRALDA FARMS, MADISON, NJ, 07940-1051, UNITED STATES",True,False,False,
355,BTI SEVENTH AND MADISON LP,"BTI SEVENTH AND MADISON, L.P.",603 255 540,74605,"7 GIRALDA FARMS, MADISON, NJ, 07940-1051, UNITED STATES",True,False,False,
356,HART FIRST HILL LLC,HART FIRST HILL LLC,603 572 727,204042,"191 N WACKER DR, STE 2500, CHICAGO, IL, 60606-1615, UNITED STATES",False,False,False,
357,PIERS 55 & 56 LLC,PIERS 55 & 56 L.L.C.,601 772 820,241274,"316 OCCIDENTAL AVE S STE 300, SEATTLE, WA, 98104-4421, UNITED STATES",False,False,False,
358,U.S. RUBBER BUILDING LLC,"U.S. RUBBER BUILDING, LLC",604 175 775,1058256,"C/O SAMIS FOUNDATION, 208 JAMES ST, STE C, SEATTLE, WA, 98104, UNITED STATES",False,False,False,
359,GOOD ARTS LLC,GOOD ARTS LLC,603 532 228,715921,"1117 MINOR AVE, SEATTLE, WA, 98101-4246, UNITED STATES",False,False,False,
360,GOOD ARTS LLC,CHERRY GOOD ARTS LLC,603 559 574,74901,"701 5TH AVE STE 6400, SEATTLE, WA, 98104, UNITED STATES",False,False,False,
361,GOOD ARTS LLC,ELIZABETH GOODE INTERIOR ARTISTRY LLC,604 909 913,1555706,"7825 168TH AVE NE, REDMOND, WA, 98052-4437, UNITED STATES",False,False,False,
362,GOOD ARTS LLC,"FRESH COLLECTIVE, LLC",602 955 603,299715,"4913 S PILGRIM ST, SEATTLE, WA, 98118-5649, UNITED STATES",False,False,False,
363,GOOD ARTS LLC,GOOD EARTH BUILDERS LLC,602 395 997,715307,"5131 S HAZEL ST, SEATTLE, WA, 98178-2119, UNITED STATES",False,False,False,
364,GOOD ARTS LLC,GOOD EARTH CLEANING LLC,603 184 871,211517,,True,False,False,
365,GOOD ARTS LLC,GOOD EARTH COMMUNITY GARDEN,603 084 750,699084,"17088 143RD PL NE, WOODINVILLE, WA, 98072-9222, UNITED STATES",False,False,False,
366,GOOD ARTS LLC,GOOD EARTH DEVELOPMENT,603 006 575,715925,"8228 TODDERJEN LN SW, OLYMPIA, WA, 98512-8599, UNITED STATES",False,False,False,
367,GOOD ARTS LLC,"GOOD EARTH FINANCIAL SERVICES, LLC",604 030 726,715926,"1421 COWGILL, BELLINGHAM, WA, 98225, UNITED STATES",False,False,False,
368,GOOD ARTS LLC,GOOD EARTH FOUNDATION,604 809 027,1490847,"8228 TODDERJEN LN SW, 8228 TODDERJEN LN SW, OLYMPIA, WA, 98512-8599, UNITED STATES",False,False,False,
369,GOOD ARTS LLC,GOOD EARTH HANDMADE SOAP L.L.C.,604 113 018,715927,"4887 S UMATILLA AVE, BOISE, ID, 83709, UNITED STATES",False,False,False,
370,GOOD ARTS LLC,"GOOD EARTH INVESTMENTS, LLC",602 228 032,1117559,"218 SW 299TH PL, FEDERAL WAY, WA, 98023-3570, UNITED STATES",False,False,False,
371,GOOD ARTS LLC,GOOD EARTH LANDSCAPE SERVICE LLC,602 596 708,728728,"13903 BINGHAM AVE E, TACOMA, WA, 98446-5807, UNITED STATES",False,False,False,
372,GOOD ARTS LLC,GOOD EARTH LLC,603 345 767,233713,"2714 HENSON RD, MOUNT VERNON, WA, 98273, UNITED STATES",False,False,False,
373,GOOD ARTS LLC,GOOD EARTH MEDICINE LLC,602 565 252,206390,"112 OHIO ST SUITE 202, BELLINGHAM, WA, 98229, UNITED STATES",False,False,False,
374,GOOD ARTS LLC,"GOOD EARTH POTTERY, LLC",602 760 767,715308,"1000 HARRIS AVE, BELLINGHAM, WA, 98225, UNITED STATES",False,False,False,
375,GOOD ARTS LLC,"GOOD EARTH PROPERTIES, INC.",603 188 251,203940,"3826 DENSMORE AVE, SEATTLE, WA, 98103, UNITED STATES",False,False,False,
376,GOOD ARTS LLC,GOOD EARTH SERVICES LLC,604 640 118,1376411,"3831 GALA LOOP, BELLINGHAM, WA, 98226-7845, UNITED STATES",False,False,False,
377,GOOD ARTS LLC,"GOOD EARTH SOLUTIONS, L.L.C.",602 161 011,137327,,True,False,False,
378,GOOD ARTS LLC,"GOOD EARTHKEEPING ORGANIZATION, INC.",604 617 799,1367191,"1500 W KATELLA AVE, ORANGE, CA, 92867-3411, UNITED STATES",False,False,False,
379,GOOD ARTS LLC,"GOOD FORTUNE APARTMENTS, LLC",602 330 135,233717,"1211 S JUDKINS ST APT D, SEATTLE, WA, 98144-3444, UNITED STATES",False,False,False,
380,GOOD ARTS LLC,GOOD GREEN EARTH LLP,603 309 572,1374444,"1192 BEAR CREEK RD, PORT ANGELES, WA, 98363-9750, UNITED STATES",False,False,False,
381,GOOD ARTS LLC,GOOD GUYS CARS & TRUCKS LLC,604 865 790,1535624,"4408 S PARK LN, SPOKANE, WA, 99223-1400, UNITED STATES",False,False,False,
382,GOOD ARTS LLC,GOOD GUYS CARS AND TRUCKS LLC,603 340 075,699271,"1012 N WASHINGTON ST, SPOKANE, WA, 99201-3207, UNITED STATES",False,False,False,
383,GOOD ARTS LLC,"GOOD GUYS FOODMART, LLC",602 520 449,202678,"505 SE LARCH AVE, COLLEGE PLACE, WA, 99324-1342, UNITED STATES",False,False,False,
384,CHINN INVESTMENTS LLC,"CHINN INVESTMENTS, LLC",601 803 083,127629,"15817 NE 114TH CT, REDMOND, WA, 98052-2695, UNITED STATES",False,False,False,
385,UNITED STATES OF AMERICA,"AEIOUSA-AMALGAMATED ENTERPRISES & INDUSTRIES ORGANIZATION UNITED STATES OF AMERICA, INC.",602 500 455,487843,"801 2ND AVE STE 1200, SEATTLE, WA, 98104, UNITED STATES",False,False,False,
386,UNITED STATES OF AMERICA,"BARRACKS NO. 132, VETERANS OF WORLD WAR I, OF THE UNITED STATES OF AMERICA",602 025 347,573201,,True,False,False,
387,UNITED STATES OF AMERICA,"CELIAC SPRUE ASSOCIATION/UNITED STATES OF AMERICA,",602 908 032,101813,"1941 S 42ND ST STE 522, OMAHA, NE, 68105, UNITED STATES",False,False,False,
388,UNITED STATES OF AMERICA,"CELIAC SPRUE ASSOCIATION/UNITED STATES OF AMERICA, INC. DBA CELIAC SPRUE ASSOCIATION/UNITED STATES OF AMERICA",602 317 228,1103790,"6127 S HEATHER DR, CLINTON, WA, 98236, UNITED STATES",False,False,False,
389,UNITED STATES OF AMERICA,COUNCIL FOR EDUCATIONAL TRAVEL UNITED STATES OF AMERICA,601 748 711,619936,"678 FRONT AVE NW STE 91A, GRAND RAPIDS, MI, 49504-5323, UNITED STATES",False,False,False,
390,UNITED STATES OF AMERICA,"EPHRATA LODGE NO. 1816, BENEVOLENT AND PROTECTIVE ORDER OF ELKS OF THE UNITED STATES OF AMERICA",132 000 698,165706,,True,False,False,
391,UNITED STATES OF AMERICA,FIRST PRESBYTERIAN CHURCH OF THE UNITED STATES OF AMERICA ATHUNTERS,601 799 747,693211,"5900B LARSON LN, FRUITLAND, WA, 99129-9723, UNITED STATES",False,False,False,
392,UNITED STATES OF AMERICA,"HILLYARD VFW POST 1474, VETERANS OF FOREIGN WARS OF THE UNITED STATES OF AMERICA",328 017 935,753716,"2902 E DIAMOND, SPOKANE, WA, 99217-6117, UNITED STATES",False,False,False,
393,UNITED STATES OF AMERICA,INLAND NORTHWEST ASSOCIATION UNITED STATES OF AMERICA AMATEUR BOXING,601 163 291,235051,"9002 S SHERMAN RD, SPOKANE, WA, 99224-9039, UNITED STATES",False,False,False,
394,UNITED STATES OF AMERICA,INTERNATIONAL OKINAWAN GOJU-RYU KARATE-DO FEDERATION - UNITED STATES OF AMERICA,603 568 089,783342,"509 N 2ND ST, SELAH, WA, 98942-1129, UNITED STATES",False,True,True,
395,UNITED STATES OF AMERICA,"INTERNATIONAL OKINAWAN GOJU-RYU KARATE-DO FEDERATION - UNITED STATES OF AMERICA, A WASHINGTON NONPROFIT CORPORATION",603 568 089,783342,,True,True,True,
396,UNITED STATES OF AMERICA,KELSO-LONGVIEW LODGE NO. 1482 OF THE BENEVOLENT AND PROTECTIVE ORDER OF ELKS,083 000 808,785760,"900 ASH ST, KELSO, WA, 98626-2603, UNITED STATES",False,True,True,
397,UNITED STATES OF AMERICA,KELSO-LONGVIEW LODGE NO. 1482 OF THE BENEVOLENT AND PROTECTIVE ORDER OF ELKS OF THE UNITED STATES OF AMERICA,083 000 808,785760,,True,True,True,
398,UNITED STATES OF AMERICA,"LAKEWOOD LODGE, NO. 2388, BENEVOLENT AND PROTECTIVE ORDER OF ELKS OF THE UNITED STATES OF AMERICA",600 014 644,274462,,True,False,False,
399,UNITED STATES OF AMERICA,MOUNT VERNON LODGE NO. 1604 OF THE BENEVOLENT AND PROTECTIVEORDER OF ELKS OF THE UNITED STATES OF AMERICA,297 000 747,831995,"2120 MARKET ST, MOUNT VERNON, WA, 98273-5460, UNITED STATES",False,False,False,
400,UNITED STATES OF AMERICA,OFFICERS' CHRISTIAN FELLOWSHIP OF THE UNITED STATES OF AMERICA,602 846 791,884603,"3784 S INCA ST, ENGLEWOOD, CO, 80110-3405, UNITED STATES",False,False,False,
401,UNITED STATES OF AMERICA,SHREE RAM TEMPLE COUNCIL OF UNITED STATES OF AMERICA,604 712 660,1429521,"2202 PINE ST, EVERETT, WA, 98201-2557, UNITED STATES",False,False,False,
402,UNITED STATES OF AMERICA,SUBUD UNITED STATES OF AMERICA,601 111 466,956344,"14019 NE 8TH ST #A, BELLEVUE, WA, 98007, UNITED STATES",False,False,False,
403,UNITED STATES OF AMERICA,"THE DIOCESE OF NEWTON FOR THE MELKITES IN THE UNITED STATESOF AMERICA, INC.",602 699 683,500914,"6511 176TH ST SW, LYNNWOOD, WA, 98037-2929, UNITED STATES",False,False,False,
404,UNITED STATES OF AMERICA,THE DOMESTIC AND FOREIGN MISSIONARY SOCIETY OF THE PROTESTANT EPISCOPAL CHURCH IN THE UNITED STATES OF AMERICA,603 099 824,471332,"815 2ND AVE, NEW YORK, NY, 10017-4503, UNITED STATES",False,False,False,
405,UNITED STATES OF AMERICA,THE EAST WEST FOUNDATION OF THE UNITED STATES OF AMERICA,602 787 226,1048116,"10035 51ST AVE SW, SEATTLE, WA, 98146-1047, UNITED STATES",False,False,False,
406,UNITED STATES OF AMERICA,"THE HORACE MANN LEAGUE OF THE UNITED STATES OF AMERICA, INC. DBA THE HORACE MANN LEAGUE OF THE UNITED STATES OF AMERICA",603 460 082,978110,"205 E STANFORD AVE, ELLENSBURG, WA, 98926-5912, UNITED STATES",False,False,False,
407,UNITED STATES OF AMERICA,"THE PROTESTANT EPISCOPAL CHURCH IN THE UNITED STATES OFAMERICA, INC. DBA THE PROTESTANT EPISCOPAL CHURCH IN THE UNI",601 819 980,472322,,True,False,False,
408,UNITED STATES OF AMERICA,THE ROSE HILL PRESBYTERIAN CHURCH IN THE UNITED STATES OF AMERICA,601 144 399,1156419,"12202 NE 90TH ST, KIRKLAND, WA, 98033-5810, UNITED STATES",False,False,False,
409,UNITED STATES OF AMERICA,UNITED STATES CHAPTER OF THE INSTITUTO IBEROAMERICANO DE DERECHO CONSTITUCIONAL,604 064 739,1043319,"1420 FIFTH AVENUE, SUITE 3000, SEATTLE, WA, 98101, UNITED STATES",False,False,False,
410,CATHAY INVESTMENT LLC,CATHAY INVESTMENT LLC,602 650 413,600956,"6421 W MERCER WAY, MERCER ISLAND, WA, 98040-4857, UNITED STATES",False,False,False,
411,SOO YUEN INC,SOO YUEN BENEVOLENT ASSOCIATION,601 821 349,1025119,"525 MAYNARD AVE S, SEATTLE, WA, 98104-2968, UNITED STATES",True,False,False,
412,SOO YUEN INC,"SOO YUEN, INC.",602 275 596,992681,"525 MAYNARD AVE S, SEATTLE, WA, 98104-2968, UNITED STATES",True,False,False,
413,255 SOUTH KING STREET LP,"255 SOUTH KING STREET II, LLC",604 007 433,94037,"270 S HANFORD ST STE 100, SEATTLE, WA, 98134, UNITED STATES",False,False,False,
414,255 SOUTH KING STREET LP,255 SOUTH KING STREET LIMITED PARTNERSHIP,603 166 219,6571,"11400 SE 8TH ST, SUITE 230, BELLEVUE, WA, 98004-6445, UNITED STATES",False,False,False,
415,CRE LOWMAN PARTNERS LLC,CRE LOWMAN PARTNERS LLC,604 523 850,1314604,"2930 WESTLAKE AVE N STE 100, SEATTLE, WA, 98109-1968, UNITED STATES",False,False,False,
416,1200 MADISON ASSOCIATES L L C,"1200 MADISON ASSOCIATES, L.P.",603 084 501,5183,"808 WASHINGTON ST STE 500, VANCOUVER, WA, 98660-3536, UNITED STATES",False,False,False,
417,FH LLC, BLISSFUL LIVING AFH LLC,604 748 343,1452725,"11832 52ND DR NE, MARYSVILLE, WA, 98271-6225, UNITED STATES",False,False,False,
418,FH LLC,"""  BRIGHT ROSE  "" AFH LLC",604 916 105,1559800,"26308 185TH AVE SE, COVINGTON, WA, 98042-8425, UNITED STATES",False,False,False,
419,FH LLC,""" BLESSED "" AFH LLC",604 578 325,1338935,"1920 143RD PL SW, LYNNWOOD, WA, 98087-6088, UNITED STATES",False,False,False,
420,FH LLC,""" CARING LOVE "" AFH LLC",604 616 362,1363231,"4010 192ND ST SW, LYNNWOOD, WA, 98036-5627, UNITED STATES",True,False,False,
421,FH LLC,""" GROVE GARDEN "" AFH LLC",604 619 273,1366816,"19632 WINESAP RD, BOTHELL, WA, 98012-7036, UNITED STATES",False,False,False,
422,FH LLC,""" HOPE & HARMONY "" AFH LLC",604 581 220,1341515,"11728 31ST DR SE, EVERETT, WA, 98208-6117, UNITED STATES",False,False,False,
423,FH LLC,""" RENTON HIGHLAND CARING "" AFH LLC",604 628 460,1371524,,True,False,False,
424,FH LLC,"""1ST CARE AFH LLC",604 824 738,1502308,"314 ZILLAH PL SE, RENTON, WA, 98059-7065, UNITED STATES",False,False,False,
425,FH LLC,"""BLUE MOON"" AFH LLC",604 977 667,1604953,"20519 21ST PL W, LYNNWOOD, WA, 98036-7965, UNITED STATES",False,False,False,
426,FH LLC,"""CARING LOVED ONE"" AFH LLC",604 893 586,1554169,"4010 192ND ST SW, LYNNWOOD, WA, 98036-5627, UNITED STATES",True,False,False,
427,FH LLC,"""CIRCLE OF HOPE"" COALITION",602 407 410,481,"8832 W KLAMATH, KENNEWICK, WA, 99336, UNITED STATES",False,False,False,
428,FH LLC,"""DYNASTY"" AFH LLC",605 090 039,1641289,"2715 SW 323RD ST, FEDERAL WAY, WA, 98023-2522, UNITED STATES",False,False,False,
429,FH LLC,"""HOPE & HARMONY"" AFH # 2 LLC",604 988 094,1611188,"2423 123RD ST SE, EVERETT, WA, 98208-6293, UNITED STATES",False,False,False,
430,FH LLC,"""LIGHT OF HOPE""-UKRAINIAN PENTECOSTAL CHURCH",602 813 464,389,"4159 76TH ST NE, MARYSVILLE, WA, 98270-3719, UNITED STATES",False,False,False,
431,FH LLC,# *  HELEN LOVING CARE AFH LLC,604 431 904,1273153,"22209 90TH AVE W, EDMONDS, WA, 98026-8106, UNITED STATES",False,False,False,
432,FH LLC,# 1 ! * GUARDIAN ANGELS AFH LLC,604 501 136,1309000,"14406 48TH PL W, EDMONDS, WA, 98026-3902, UNITED STATES",False,False,False,
433,FH LLC,# GREEN GARDEN AFH LLC,604 516 275,1325326,"19309 76TH AVE W, LYNNWOOD, WA, 98036-5066, UNITED STATES",False,False,False,
434,FH LLC,# I CARE AFH LLC,604 733 470,1443839,"3834 I PL NE, AUBURN, WA, 98002-1359, UNITED STATES",False,False,False,
435,FH LLC,#*# GREEN HILL VIEW AFH LLC,604 312 370,1228769,"7229 69TH AVE NE, MARYSVILLE, WA, 98270-7743, UNITED STATES",False,False,False,
436,FH LLC,"#001 ANGELICA NURSE DELEGATORS, LLC",604 988 089,1610758,"606 CEDAR DR SE, AUBURN, WA, 98002-7603, UNITED STATES",False,True,True,
437,FH LLC,"#001 ANGELICA NURSE-CARE AFH, LLC",604 988 089,1610758,,True,True,True,
438,FH LLC,#1 AFH RAI ANGELS INC.,604 179 975,547,"2437 50TH AVE, LONGVIEW, WA, 98632-9467, UNITED STATES",False,False,False,
439,FH LLC,#1 CARE AFH LLC,604 560 219,1330670,"5428 158TH PLACE SOUTHWEST, EDMONDS, WA, 98026, UNITED STATES",False,False,False,
440,FH LLC,#A BLISSFUL AFH LLC,604 956 023,1585294,"19314 E MAIN AVE, SPOKANE VLY, WA, 99016-8607, UNITED STATES",False,False,False,
441,FH LLC,#JOYSAM AFH LLC,604 704 272,1427961,"710 ROE ST, STEILACOOM, WA, 98388-3604, UNITED STATES",False,False,False,
442,HILLTOP HOUSE,"HILLTOP ALE HOUSE, INC.",601 484 948,223928,"8832 NE 25TH PL, CLYDE HILL, WA, 98004-1604, UNITED STATES",False,False,False,
443,HILLTOP HOUSE,HILLTOP HOUSE FOUNDATION,602 742 254,743077,"1005 TERRACE ST, SEATTLE, WA, 98104-2463, UNITED STATES",True,False,False,
444,HILLTOP HOUSE,HILLTOP HOUSE RESIDENT ASSOCIATION,604 027 909,210683,"1005 TERRACE ST APT 1010, SEATTLE, WA, 98104-2415, UNITED STATES",False,False,False,
445,HILLTOP HOUSE,"HILLTOP HOUSE, INC.",578 082 018,210684,"1005 TERRACE ST, SEATTLE, WA, 98104-2463, UNITED STATES",True,False,False,
446,HILLTOP HOUSE,HILLTOP TOWNHOUSES CONDOMINIUM ASSOCIATION,602 540 251,256457,"19105 36TH AVE W STE 105, LYNNWOOD, WA, 98036-5760, UNITED STATES",False,False,False,
447,HILLTOP HOUSE,TACOMA HILLTOP HOUSE LLC,603 428 903,1035674,,False,False,False,
448,OPUS NORTHWEST LLC,"OPUS NORTHWEST MANAGEMENT, L.L.C.",601 937 344,363249,,False,False,False,
449,OPUS NORTHWEST LLC,"OPUS NORTHWEST, L.L.C.",601 587 526,366738,"7300 METRO BLVD #360, EDINA, MN, 55439",False,False,False,
450,PIONEER PRESERVATION ASSOCIATES LP,PIONEER PRESERVATION ASSOCIATES LP,604 987 469,1611994,"139 S BEVERLY DR STE 309, BEVERLY HILLS, CA, 90212-3040, UNITED STATES",False,False,False,
451,223 YESLER LLLP,223 YESLER LLLP,604 269 683,1197255,"1253 S JACKSON ST STE A, SEATTLE, WA, 98144-3075, UNITED STATES",True,False,False,
452,223 YESLER LLLP,223 YESLER GP LLC,604 270 046,1197004,"1253 S JACKSON ST STE A, SEATTLE, WA, 98144-3075, UNITED STATES",True,False,False,
453,COPPINS WELL OWNER LLC,COPPINS WELL OWNER LLC,604 847 593,1527205,"151 S. EL CAMINO, BEVERLY HILLS, CA, 90212-2704, UNITED STATES",False,False,False,
454,888 WESTERN AVENUE LLC,888 WESTERN AVENUE APARTMENTS CAPITAL LLC,604 092 051,212587,"10 STATE HOUSE SQ 15TH FL, HARTFORD, CT, 06103, UNITED STATES",False,False,False,
455,888 WESTERN AVENUE LLC,"888 WESTERN AVENUE, LLC",604 846 130,1515720,"6400 S FIDDLERS GREEN CIR STE 1200, GREENWOOD VLG, CO, 80111-4913, UNITED STATES",False,False,False,
456,IRP PERRY APARTMENTS LLC,"IRP PERRY APARTMENTS TRS SUB, LLC",604 468 822,1289384,"394 PACIFIC AVE FL 2, SAN FRANCISCO, CA, 94111-1715, UNITED STATES",True,False,False,
457,IRP PERRY APARTMENTS LLC,"IRP PERRY APARTMENTS, LLC",604 472 324,1289379,"394 PACIFIC AVE FL 2, SAN FRANCISCO, CA, 94111-1715, UNITED STATES",True,False,False,
458,UNICO BOP WASHINGTON PARK LLC,UNICO BOP WASHINGTON PARK LLC,604 431 986,1274714,"1215 4TH AVENUE, SUITE 600, SEATTLE, WA, 98161, UNITED STATES",False,False,False,
459,WLAM PROPERTY ASSOCIATION,WLAM PROPERTY ASSOCIATION,602 622 734,1053842,"719 S KING ST, SEATTLE, WA, 98104-3035, UNITED STATES",True,False,False,
460,WLAM PROPERTY ASSOCIATION,WLAM PROPERTY ASSOCIATION II,604 787 667,1481308,"719 S KING ST, SEATTLE, WA, 98104-3035, UNITED STATES",True,False,False,
461,UV 316 ALASKAN LLC,UV 316 ALASKAN LLC,604 006 184,1072571,"701 5TH AVE STE 6400, SEATTLE, WA, 98104-7100, UNITED STATES",False,False,False,
462,LIMPOPO PROPERTIES LLC,"LIMPOPO PROPERTIES, LLC",601 991 099,791986,"2501 N NORTHLAKE WAY # S201, SEATTLE, WA, 98103-9189, UNITED STATES",False,False,False,
463,KR LAKEVIEW LLC,"KR LAKEVIEW, LLC",603 205 931,275506,"12200 W OLYMPIC BLVD STE 200, LOS ANGELES, CA, 90064-1044, UNITED STATES",False,False,False,
464,UPG STONE 34 PROPERTY OWNER LLC,"UPG STONE 34 PROPERTY OWNER, LLC",604 322 939,1229075,"1215 FOURTH AVENUE, SUITE 600, SEATTLE, WA, 98161, UNITED STATES",False,False,False,
465,4000A LLC,4000A LLC,605 013 537,1625295,"3926 AURORA AVE N, SEATTLE, WA, 98103-7802, UNITED STATES",False,False,False,
466,4000A LLC,"4000 ANGLE LAKE, LLC",602 420 162,75473,,False,False,False,
467,4000A LLC,"4000 AURORA NORTH, LLC",602 608 012,271895,"14989 SKOGEN LN NE, BAINBRIDGE IS, WA, 98110-1020, UNITED STATES",False,False,False,
468,4000A LLC,"4000-A SPONSOR, LLC",603 135 188,97741,"6710 E CAMELBACK ROAD, SUITE 100, SCOTTSDALE, AZ, 85251, UNITED STATES",False,False,False,
469,FREMONT SPACE L L C,FREMONT SPACE LLC,602 501 938,702189,"8 BOSTON ST, STE 1, SEATTLE, WA, 98109-2360, UNITED STATES",False,False,False,
470,AD 936 N 34TH ST LLC,AD 936 N 34TH ST LLC,604 641 061,1380012,"19221 36TH AVE W STE 204, LYNNWOOD, WA, 98036-5795, UNITED STATES",False,False,False,
471,PECK BUILDING LLC THE,THE PECK BUILDING LLC,602 000 448,983378,"6801 36 AVENUE NW, SEATTLE, WA, 98117, UNITED STATES",False,False,False,
472,TRUE FOUNDRY LLC,"TRUE FOUNDRY, LLC",603 171 463,1078791,"154 N 35TH ST, SEATTLE, WA, 98103-8657, UNITED STATES",False,False,False,
473,SEVENTEEN METERS LLC,"SEVENTEEN METERS, LLC",603 367 607,425936,"8129 LAKE BALLINGER WAY, STE 104, EDMONDS, WA, 98026-9182, UNITED STATES",False,False,False,
474,RPT WALLINGFORD PLAZA LLC,"RPT WALLINGFORD PLAZA, LLC",603 356 608,412240,"222 SOUTH RIVERSIDE, 34TH FLOOR, CHICAGO, IL, 60606, UNITED STATES",False,False,False,
475,NORTHLAKE OWNER LLC,NORTH LAKE JOY ESTATES HOMEOWNERS ASSOCIATION,601 760 029,849466,"12725 MOSS CREEK LN NE, CARNATION, WA, 98014-6842, UNITED STATES",False,False,False,
476,NORTHLAKE OWNER LLC,NORTH LAKE RESIDENTIAL OWNERS' ASSOCIATION,602 832 090,343839,"12503 SE MILL PLAIN BLVD, STE 260, VANCOUVER, WA, 98684-4008, UNITED STATES",False,False,False,
477,NORTHLAKE OWNER LLC,NORTHLAKE COMMUNITY HOMEOWNERS COOPERATIVE,604 028 811,346190,"2950 NORTHLAKE WAY NW TRLR 58, BREMERTON, WA, 98312-8851, UNITED STATES",False,False,False,
478,NORTHLAKE OWNER LLC,NORTHLAKE CONDOMINIUMS AND TOWNHOMES OWNERS ASSOCIATION,601 722 857,371913,"18723 12TH DR SE, MILL CREEK, WA, 98012-5238, UNITED STATES",False,False,False,
479,NORTHLAKE OWNER LLC,NORTHLAKE COURT TOWNHOMES HOMEOWNERS' ASSOCIATION,603 579 365,895051,"4826 196TH ST SE, BOTHELL, WA, 98012, UNITED STATES",False,False,False,
480,NORTHLAKE OWNER LLC,NORTHLAKE HAVEN HOMEOWNERS ASSOCIATION,604 851 900,1519122,"10900 NE 4TH STREET, SUITE 2300, BELLEVUE, WA, 98004, UNITED STATES",False,False,False,
481,NORTHLAKE OWNER LLC,NORTHLAKE LANDING HOME OWNERS ASSOCIATION,603 425 877,1136772,"14205 SE 36TH ST STE 100, BELLEVUE, WA, 98006-1553, UNITED STATES",False,False,False,
482,NORTHLAKE OWNER LLC,"NORTHLAKE OWNER, LLC",604 800 321,1485520,"222 SW COLUMBIA ST STE 700, PORTLAND, OR, 97201-6655, UNITED STATES",False,False,False,
483,NORTHLAKE OWNER LLC,NORTHLAKE POINTE HOMEOWNER'S ASSOCIATION,602 132 847,346213,"13019 NAOMILAWN DR SW, LAKEWOOD, WA, 98498-2595, UNITED STATES",False,False,False,
484,NORTHLAKE OWNER LLC,NORTHLAKE RIDGE HOMEOWNERS ASSOCIATION,602 334 804,844627,"720 S 348TH ST STE A2, FEDERAL WAY, WA, 98003-7851, UNITED STATES",False,False,False,
485,NORTHLAKE OWNER LLC,NORTHLAKE RIM HOMEOWNERS ASSOCIATION,602 770 976,895334,"2107 S FRUITLAND, PUYALLUP, WA, 98371-7356, UNITED STATES",False,False,False,
486,9 TO 5 LLC,9 TO 5 LLC,602 843 126,13098,"1914 N 34TH ST, STE 100, SEATTLE, WA, 98103-9085, UNITED STATES",False,False,False,
487,9 TO 5 LLC,"11609 TO 11611 65TH ST CT E, LLC",604 584 056,1346153,"6920 51ST AVE E, TACOMA, WA, 98443-2339, UNITED STATES",True,False,False,
488,9 TO 5 LLC,"5709 TO 5715 91ST ST CT E, LLC",604 589 433,1346158,"6920 51ST AVE E, TACOMA, WA, 98443-2339, UNITED STATES",True,False,False,
489,9 TO 5 LLC,9 TO 5 PROPERTIES LLC,603 501 355,11372,,False,False,False,
490,9 TO 5 LLC,9TO5 SEATING LLC,604 810 695,1496348,"3211 JACK NORTHROP AVE, HAWTHORNE, CA, 90250-4424, UNITED STATES",False,False,False,
491,9 TO 5 LLC,ESCAPED9TO5 LLC,604 645 516,1376970,"4505 23RD AVE SW, SEATTLE, WA, 98106-1515, UNITED STATES",False,False,False,
492,9 TO 5 LLC,STITCHING 9 TO 5 LLC,604 106 286,1039964,"3952 SW IDA ST, SEATTLE, WA, 98136, UNITED STATES",False,False,False,
493,9 TO 5 LLC,"WELL9TO5, LLC",603 528 899,1161759,"220 SECOND AVE S, SEATTLE, WA, 98104, UNITED STATES",False,False,False,
494,4010 ASSOCIATES,4010 ASSOCIATES LLP,601 946 389,9154,"1439 OLYMPIC VIEW DR, EDMONDS, WA, 98020-2689, UNITED STATES",False,False,False,
