,SearchTerm,BusinessName,UBINumber,BusinessId,Address,address_match,ubi_match,id_match,IsMatch
0,DEXTER MULTIFAMILY LLC,"DEXTER MULTIFAMILY, LLC",603 510 206,649821,"1415 DEXTER AVE N, SEATTLE, WA, 98109-3534, UNITED STATES",False,False,False,
1,100 ALOHA LP,100 ALOHA LP,604 516 557,1311668,"6228 BALACLAVA STREET, VANCOUVER, BC, V6N 1L6, CANADA",False,False,False,
2,100 ALOHA LP,1000 EAST ALOHA LIMITED LIABILITY COMPANY,601 840 121,970,"200 1ST AVE W STE 520, SEATTLE, WA, 98119-4219, UNITED STATES",False,False,False,
3,DEXTER HOUSE ASSOCIATES L L C,DEXTER HOUSE ASSOCIATES L.L.C.,601 992 610,653452,"2004 DEXTER AVE N APT 407, SEATTLE, WA, 98109-2723, UNITED STATES",False,False,False,
4,TOWNVUE HEIGHTS LLC,TOWNVUE HEIGHTS LLC,603 262 453,1032814,"801 2ND AVE STE 700, SEATTLE, WA, 98104-1573, UNITED STATES",False,False,False,
5,CROSSPOINTE INVESTMENTS LLC,"CROSSPOINTE INVESTMENTS, L.L.C.",602 360 737,126796,"10831 SE LAKE RD, BELLEVUE, WA, 98004, UNITED STATES",False,False,False,
6,GILBERT SEATTLE GROUP LLC,"GILBERT SEATTLE GROUP, LLC",604 922 567,1565768,"113 CHERRY ST # 83202, SEATTLE, WA, 98104-2205, UNITED STATES",False,False,False,
7,VALI-HAI LIMITED PARTNERSHIP,VALI-HAI LIMITED PARTNERSHIP,601 602 898,514961,"800 1ST AVE N APT 2, SEATTLE, WA, 98109-3601, UNITED STATES",False,False,False,
8,VALI-HAI LIMITED PARTNERSHIP,EYJ VALI-HAI GP LLC,604 571 689,1338745,"2125 BROADMOOR DR E, SEATTLE, WA, 98112-2317, UNITED STATES",True,False,False,
9,VALI-HAI LIMITED PARTNERSHIP,JYJ VALI-HAI GP LLC,604 578 903,1338750,"1100 S 99TH ST APT 20, SEATTLE, WA, 98108-5038, UNITED STATES",False,False,False,
10,VALI-HAI LIMITED PARTNERSHIP,LNT VALI-HAI GP LLC,604 578 905,1338752,"2125 BROADMOOR DR E, SEATTLE, WA, 98112-2317, UNITED STATES",True,False,False,
11,FIRST AND ROY LP,FIRST AND ROY LP,604 211 061,1176002,"10900 NE 4TH ST STE 1440, BELLEVUE, WA, 98004-8357, UNITED STATES",True,False,False,
12,FIRST AND ROY LP,CPI FIRST AND ROY INVESTORS LLC,604 211 156,1175990,"10900 NE 4TH ST STE 1440, BELLEVUE, WA, 98004-8357, UNITED STATES",True,False,False,
13,FIRST AND ROY LP,CPI FIRST AND ROY LLC,604 211 160,1175997,"10900 NE 4TH ST STE 1440, BELLEVUE, WA, 98004-8357, UNITED STATES",True,False,False,
14,FIRST AND ROY LP,CPI/PCRE FIRST AND ROY LP,604 211 887,1176541,"600 108TH AVE NE STE 1010, BELLEVUE, WA, 98004-5133, UNITED STATES",False,False,False,
15,FIRST AND ROY LP,"FIRST BAPTIST CHURCH OF ROYAL CITY, WASHINGTON",601 144 176,690736,"306 GRAPE DR NW, ROYAL CITY, WA, 99357, UNITED STATES",False,False,False,
16,FIRST AND ROY LP,FIRST CHRISTIAN CHURCH OF POMEROY,601 847 335,122730,"310 8TH ST, POMEROY, WA, 99347, UNITED STATES",False,False,False,
17,FIRST AND ROY LP,PCRE/CPI FIRST AND ROY LLC,604 210 895,1176421,"10900 NE 4TH ST STE 1440, BELLEVUE, WA, 98004-8357, UNITED STATES",True,False,False,
18,BEL-AIR L L C,13820 BELFAIR 1717 LLC,603 540 999,33554,"2770 ALKI AVE SW #302, SEATTLE, WA, 98116, UNITED STATES",False,False,False,
19,BEL-AIR L L C,"144TH BELFAIR, LLC",604 459 326,1283823,"5110 184TH ST E, TACOMA, WA, 98446-3731, UNITED STATES",False,False,False,
20,BEL-AIR L L C,401 BELFAIR ST SW LLC,604 077 804,62609,"401 BELFAIR ST SW, ORTING, WA, 98360, UNITED STATES",False,False,False,
21,BEL-AIR L L C,ABEL'S AUTO REPAIR LLC,604 761 584,1462170,"324 NW GRAPE DR, ROYAL CITY, WA, 99357-0592, UNITED STATES",False,False,False,
22,BEL-AIR L L C,"ALI'S BELLEVUE AUTO REPAIR, LLC",602 482 652,33394,"12883 NORTHUP WAY, BELLEVUE, WA, 98005-1908, UNITED STATES",False,False,False,
23,BEL-AIR L L C,"ALS BELLAIRE PEPPERCORN, LLC",602 688 471,541687,"11711 SE 8TH ST STE 305, BELLEVUE, WA, 98005, UNITED STATES",False,False,False,
24,BEL-AIR L L C,AMERICAN LEGION AUXILIARY BELFAIR UNIT 200,603 060 983,489612,"PO BOX 24, BELFAIR, WA, 98528, UNITED STATES",False,False,False,
25,BEL-AIR L L C,"AMERICAN LEGION, BELFAIR POST 200",602 951 112,39900,"200 NE TEE LAKE PINES RD, TAHUYA, WA, 98588-9512, UNITED STATES",False,False,False,
26,BEL-AIR L L C,AMERICAN SCHOOL OF MARTIAL ARTS - BELFAIR LLC,604 715 846,1430355,"24230 NE STATE ROUTE 3 UNIT B, BELFAIR, WA, 98528, UNITED STATES",False,False,False,
27,BEL-AIR L L C,"AVAMERE BEL AIR PROPERTIES, LLC",601 985 418,564402,"25115 SW PARKWAY AVE STE B, WILSONVILLE, OR, 97070, UNITED STATES",False,False,False,
28,BEL-AIR L L C,BABELASHSTUDIO & HAIR DESIGNS LLC,604 846 940,1516970,"2600 MARTIN WAY E STE H STE H, OLYMPIA, WA, 98506-4974, UNITED STATES",False,False,False,
29,BEL-AIR L L C,"BEL  AIR SEVEN MOTEL, L.L.C.",602 334 632,575200,,True,False,False,
30,BEL-AIR L L C,BEL - AIRE CONSTRUCTION LLC,603 088 796,555660,"4005 MAIN STREET, UNION GAP, WA, 98903, UNITED STATES",False,False,False,
31,BEL-AIR L L C,BEL - AIRE MH L.L.C.,602 902 783,43028,"2110 E MEAD AVE, UNION GAP, WA, 98903, UNITED STATES",False,False,False,
32,BEL-AIR L L C,"BEL AIR 7 MOTEL, INC.",603 038 126,555695,"19024 E MARLIN DR, SPOKANE VLY, WA, 99027, UNITED STATES",False,False,False,
33,BEL-AIR L L C,BEL AIR CONSTRUCTION LLC,604 289 167,1211201,"8001 59TH AVE NE, MARYSVILLE, WA, 98270-3228, UNITED STATES",False,False,False,
34,BEL-AIR L L C,BEL AIR COOLIDGE PROPERTIES LLC,604 983 661,1606780,"306 S BEECH ST STE D, MOSES LAKE, WA, 98837-3038, UNITED STATES",False,False,False,
35,BEL-AIR L L C,BEL AIR HEATING AND COOLING LLC,603 455 674,1099039,"11223 186TH ST E, PUYALLUP, WA, 98374, UNITED STATES",False,False,False,
36,BEL-AIR L L C,"BEL AIR HEATING COOLING & ELECTRIC, INC",603 430 647,56274,,True,False,False,
37,BEL-AIR L L C,BEL AIR INVESTMENTS LLC,603 209 980,56275,"403 W PROSPECT ST, SEATTLE, WA, 98119-3541, UNITED STATES",False,False,False,
38,BEL-AIR L L C,BEL AIR LLC DBA BEL AIR LLC OF WASHINGTON,604 081 832,577786,"7403 TENNESSEE LN, VANCOUVER, WA, 98664-1442, UNITED STATES",False,False,False,
39,BEL-AIR L L C,"BEL AIR MANOR, LLC",604 974 868,1605627,"12708 LEATHERWOOD LN, BOW, WA, 98232-8202, UNITED STATES",False,False,False,
40,BEL-AIR L L C,"BEL AIR MOTEL, LLC",603 221 361,577787,"1303 E SPRAGUE AVE, SPOKANE, WA, 99202-2154, UNITED STATES",False,False,False,
41,BEL-AIR L L C,BEL AIR RESOURCES INC.,601 844 990,56276,"514 S STATE ST APT 306, BELLINGHAM, WA, 98225-6167, UNITED STATES",False,False,False,
42,BEL-AIR L L C,"BEL AIR, L.L.C. DBA BEL AIR WA, LLC",604 735 864,1446108,"1885 CHERRY ST, CLARKSTON, WA, 99403-8717, UNITED STATES",False,False,False,
43,AQUA TERRACE LLC,"AQUA TERRACE II, LLC",602 607 650,494928,"100 BOSTON ST, SEATTLE, WA, 98109-2321, UNITED STATES",True,False,False,
44,AQUA TERRACE LLC,"AQUA TERRACE, LLC",602 605 112,544548,"100 BOSTON ST, SEATTLE, WA, 98109-2321, UNITED STATES",True,False,False,
45,AQUA TERRACE LLC,"ISSAQUAH TERRACE APARTMENTS, L.L.C.",603 247 315,756496,"11624 SE 5TH ST STE 210, BELLEVUE, WA, 98005-3642, UNITED STATES",False,False,False,
46,ORION APARTMENTS LLC,ORION APARTMENTS LLC,602 343 985,367483,"9501 NE 13TH ST, CLYDE HILL, WA, 98004, UNITED STATES",False,False,False,
47,TB 800 SECOND AVENUE LLC,"TB 800 SECOND AVENUE, L.L.C.",602 776 753,462512,"511 BOREN AVE N STE 300, SEATTLE, WA, 98109-5505, UNITED STATES",False,False,False,
48,TW BRIGHT STARS II LLC,TW BRIGHT STARS II LLC,603 156 696,1040132,"900 NOB HILL AVE N, SEATTLE, WA, 98109-3780, UNITED STATES",False,False,False,
49,DELMONT APARTMENTS LLC,"DELMONT APARTMENTS, LLC",602 785 807,141496,"41206 SE REINIG RD, SNOQUALMIE, WA, 98065-9050, UNITED STATES",False,False,False,
50,RAR2 QUEEN ANNE-SEVEN HILLS QRS LLC,"RAR2 QUEEN ANNE - SEVEN HILLS QRS, LLC",603 126 995,252899,"222 SOUTH RIVERSIDE, 34TH FLOOR, CHICAGO, IL, 60606, UNITED STATES",False,False,False,
51,BPP HOLLAND JUXT LLC,BPP HOLLAND JUXT LLC,604 036 293,582585,"233 S WACKER DR, SUITE 4700, CHICAGO, IL, 60606-6374, UNITED STATES",False,False,False,
52,CHAMPION SLU PROPERTY LLC,"CHAMPION SLU PROPERTY, LLC",604 372 940,1249568,"3201 WILSHIRE BLVD STE 102, SANTA MONICA, CA, 90403-2344, UNITED STATES",False,False,False,
53,GDCV LOWER QUEEN ANNE LLC,"GDCV LOWER QUEEN ANNE, LLC",603 549 618,225279,"465 MEETING STREET, STE.500, CHARLESTON, SC, 29403, UNITED STATES",False,False,False,
54,ALTHOFF FAMILY LP,ALTHOFF FAMILY LIMITED PARTNERSHIP,603 607 026,537076,"121 SEMINARY DR, MENLO PARK, CA, 94025-3568, UNITED STATES",False,False,False,
55,ACME WMR THE Q APARTMENT LLC,ACME WMR THE Q APARTMENT LLC,604 062 641,23525,"7417 W MERCER WAY, MERCER ISLAND, WA, 98040-5536, UNITED STATES",False,False,False,
56,SUMMIT AT LAKE UNION APARTMENTS II LLC,"THE SUMMIT AT LAKE UNION APARTMENTS II, LLC",603 544 294,985696,"23622 CALABASAS RD #200, CALABASAS, CA, 91302, UNITED STATES",False,False,False,
57,229 QUEEN ANNE NORTH LLC,"229 QUEEN ANNE NORTH, LLC",602 040 679,37149,"11029 TOTEM POLE LN, WOODWAY, WA, 98020-5237, UNITED STATES",False,False,False,
58,RAR2 QUEEN ANNE - METRO MARKET QRS LLC,"RAR2 QUEEN ANNE - METRO MARKET QRS, LLC",603 126 960,925853,"222 SOUTH RIVERSIDE PLAZA, 34TH FLOOR, CHICAGO, IL, 60606, UNITED STATES",False,False,False,
59,APERTURE ON FIFTH AVE APARTMENTS LLC,APERTURE ON FIFTH AVE. APARTMENTS LLC,603 481 009,37035,"206 5TH AVE N, SEATTLE, WA, 98109-5085, UNITED STATES",False,False,False,
60,19TH AVENUE GARDEN COURT L L C,19TH AVENUE GARDEN COURT L.L.C.,601 785 317,59084,,False,True,True,
61,19TH AVENUE GARDEN COURT L L C,ORLISS APARTMENTS LLC,601 785 317,59084,"5737 KIRKWOOD PL N, SEATTLE, WA, 98103-5931, UNITED STATES",False,True,True,
62,RM LITTLEFIELD LLC,"RM LITTLEFIELD, LLC",602 552 303,409804,"2940 FAIRVIEW AVE E, SEATTLE, WA, 98102, UNITED STATES",False,False,False,
63,ASTOR COURT LLC,ASTOR COURT LLC,602 213 331,43726,"433 13TH AVE E, SUIOTE 101, SEATTLE, WA, 98102-5142, UNITED STATES",False,False,False,
64,ASTOR COURT LLC,"AAA STORAGE COURT, LLC",603 282 332,218546,"8451 SE 68TH ST STE 200, MERCER ISLAND, WA, 98040, UNITED STATES",False,False,False,
65,ANDREWS APARTMENTS LLC,ANDREWS APARTMENTS LLC,602 292 822,37006,"1015 BELMONT PL E, BELMONT, WA, 98102, UNITED STATES",False,False,False,
66,PGA LEGACY LLC,PGA LEGACY LLC,603 617 195,929898,"4132 CALIFORNIA AVE SW, SEATTLE, WA, 98116-4102, UNITED STATES",False,False,False,
67,RUTH COURT APARTMENTS LLC,"RUTH COURT APARTMENTS, LLC",603 493 895,1146900,"20727 SE 24TH ST, SAMMAMISH, WA, 98075-9623, UNITED STATES",False,False,False,
68,PENN HALL ASSOCIATES,"PENN HALL ASSOCIATES, LIMITED PARTNERSHIP",603 044 879,885131,"4554 CALIFORNIA AVE SW, SEATTLE, WA, 98116-4111, UNITED STATES",False,False,False,
69,MERCER TOWERS LTD LLC,"MERCER TOWERS LTD., L.L.C.",601 624 072,326047,"12517 NE 30TH ST, BELLEVUE, WA, 98005-1601, UNITED STATES",False,False,False,
70,PARKSIDE LIMITED LIABILITY COMPANY,"1105 PARKSIDE DRIVE, LLC",603 534 095,4793,"1910 FAIRVIEW AVE E STE 500, SEATTLE, WA, 98102-3698, UNITED STATES",True,False,False,
71,PARKSIDE LIMITED LIABILITY COMPANY,"1256  PARKSIDE DRIVE, LLC",603 421 138,2382,"1910 FAIRVIEW AVE E STE 500, SEATTLE, WA, 98102-3698, UNITED STATES",True,False,False,
72,PARKSIDE LIMITED LIABILITY COMPANY,16.9 PARKSIDE LLC,604 887 033,1543554,"1223 COMMERCIAL ST, BELLINGHAM, WA, 98225, UNITED STATES",False,False,False,
73,PARKSIDE LIMITED LIABILITY COMPANY,"1642 AND 1682 PARKSIDE CONDOMINIUMS HOA, LLC",604 419 299,1270120,"83 SUNSHINE LANE, ENTIAT, WA, 98822, UNITED STATES",False,False,False,
74,PARKSIDE LIMITED LIABILITY COMPANY,"1808 PARKSIDE DR E, LLC",604 763 489,1471019,"8 THE GRN STE A, DOVER, DE, 19901-3618, UNITED STATES",False,False,False,
75,PARKSIDE LIMITED LIABILITY COMPANY,24.45 PARKSIDE LLC,604 713 789,1432307,"4152 MERIDIAN ST # 105-42, BELLINGHAM, WA, 98226-5598, UNITED STATES",False,False,False,
76,PARKSIDE LIMITED LIABILITY COMPANY,"ARIZONA PARKSIDE, LLC",603 389 631,41088,"3917 N POST ST, SPOKANE, WA, 99205-1149, UNITED STATES",False,False,False,
77,PARKSIDE LIMITED LIABILITY COMPANY,BELLEVUE PARKSIDE INVESTORS LLC,603 540 947,568825,"10900 NE 4TH ST STE 1440, BELLEVUE, WA, 98004-8357, UNITED STATES",True,False,False,
78,PARKSIDE LIMITED LIABILITY COMPANY,BELLEVUE PARKSIDE LP,603 541 239,56917,"10900 NE 4TH ST STE 1440, BELLEVUE, WA, 98004-8357, UNITED STATES",True,False,False,
79,PARKSIDE LIMITED LIABILITY COMPANY,BELLEVUE PARKSIDE PROPERTY LLC,603 094 313,55857,"701 5TH AVE STE 6100, SEATTLE, WA, 98104-7043, UNITED STATES",False,False,False,
80,PARKSIDE LIMITED LIABILITY COMPANY,BELLEVUE PARKSIDE SENIOR LIVING LLC,604 171 644,572338,"1980 112TH AVE NE STE 200, BELLEVUE, WA, 98004-2940, UNITED STATES",False,False,False,
81,PARKSIDE LIMITED LIABILITY COMPANY,"CHEWELAH PARKSIDE APARTMENTS, LLC",602 637 537,103172,"5090 HUNTER CAMPGROUND RD, HUNTERS, WA, 99137, UNITED STATES",False,False,False,
82,PARKSIDE LIMITED LIABILITY COMPANY,"CHEWELAH PARKSIDE DUPLEXES, LLC",603 065 416,96492,"5090 HUNTERS CAMPGROUND RD, HUNTERS, WA, 99137-0009, UNITED STATES",False,False,False,
83,PARKSIDE LIMITED LIABILITY COMPANY,CLUB PARKSIDE BASKETBALL ASSOCIATION,603 171 267,103014,"25835 110TH AVE SE, KENT, WA, 98030, UNITED STATES",False,False,False,
84,PARKSIDE LIMITED LIABILITY COMPANY,CLUB PARKSIDE BASKETBALL ASSOCIATION GROUP,604 087 934,613975,"9119 KENTWOOD DR SW #11, KENT, WA, 98035, UNITED STATES",False,False,False,
85,PARKSIDE LIMITED LIABILITY COMPANY,CPI BELLEVUE PARKSIDE LLC,603 540 941,630541,"10900 NE 4TH ST STE 1440, BELLEVUE, WA, 98004-8357, UNITED STATES",True,False,False,
86,PARKSIDE LIMITED LIABILITY COMPANY,DAIGER PARKSIDE LLC,603 253 642,120187,"2350 MAGNOLIA BOULEVARD WEST, SEATTLE, WA, 98199, UNITED STATES",False,False,False,
87,PARKSIDE LIMITED LIABILITY COMPANY,ECI TWO PARKSIDE LLC,602 786 631,667240,"18939 19017 120TH AVE NE, BOTHELL, WA, 98011, UNITED STATES",False,False,False,
88,PARKSIDE LIMITED LIABILITY COMPANY,FEENIX PARKSIDE LLC,602 725 118,201887,"2121 190TH PL SE, SAMMAMISH, WA, 98075-9684, UNITED STATES",False,False,False,
89,PARKSIDE LIMITED LIABILITY COMPANY,FRANCE PARKSIDE LLC,603 253 626,193750,"150 MCDONALD DR., PASCO, WA, 99301, UNITED STATES",False,False,False,
90,PARKSIDE LIMITED LIABILITY COMPANY,FRANKLIN PARKSIDE APARTMENTS LLC,604 848 934,1518761,"40151 MORGAN RD, LOON LAKE, WA, 99148, UNITED STATES",False,False,False,
91,PARKSIDE LIMITED LIABILITY COMPANY,GIG HARBOR PARKSIDE CONDOMINUM ASSOCIATION,601 835 238,709873,"9517 31ST AVENUE CT NW, GIG HARBOR, WA, 98332-9199, UNITED STATES",False,False,False,
92,PARKSIDE LIMITED LIABILITY COMPANY,GOERKE PARKSIDE LLC,603 253 660,204967,"26312 272ND AVENUE SE, RAVENSDALE, WA, 98051, UNITED STATES",False,False,False,
93,PARKSIDE LIMITED LIABILITY COMPANY,"HPG PARKSIDE, LLC",603 507 907,233787,"1111 MAIN ST STE 700, VANCOUVER, WA, 98660-2970, UNITED STATES",False,True,True,
94,PARKSIDE LIMITED LIABILITY COMPANY,"HPG PARKSIDE, LLC",603 507 907,233787,,False,True,True,
95,PARKSIDE LLC,"1105 PARKSIDE DRIVE, LLC",603 534 095,4793,"1910 FAIRVIEW AVE E STE 500, SEATTLE, WA, 98102-3698, UNITED STATES",True,False,False,
96,PARKSIDE LLC,"1256  PARKSIDE DRIVE, LLC",603 421 138,2382,"1910 FAIRVIEW AVE E STE 500, SEATTLE, WA, 98102-3698, UNITED STATES",True,False,False,
97,PARKSIDE LLC,16.9 PARKSIDE LLC,604 887 033,1543554,"1223 COMMERCIAL ST, BELLINGHAM, WA, 98225, UNITED STATES",False,False,False,
98,PARKSIDE LLC,"1642 AND 1682 PARKSIDE CONDOMINIUMS HOA, LLC",604 419 299,1270120,"83 SUNSHINE LANE, ENTIAT, WA, 98822, UNITED STATES",False,False,False,
99,PARKSIDE LLC,"1808 PARKSIDE DR E, LLC",604 763 489,1471019,"8 THE GRN STE A, DOVER, DE, 19901-3618, UNITED STATES",False,False,False,
100,PARKSIDE LLC,24.45 PARKSIDE LLC,604 713 789,1432307,"4152 MERIDIAN ST # 105-42, BELLINGHAM, WA, 98226-5598, UNITED STATES",False,False,False,
101,PARKSIDE LLC,"ARIZONA PARKSIDE, LLC",603 389 631,41088,"3917 N POST ST, SPOKANE, WA, 99205-1149, UNITED STATES",False,False,False,
102,PARKSIDE LLC,BELLEVUE PARKSIDE INVESTORS LLC,603 540 947,568825,"10900 NE 4TH ST STE 1440, BELLEVUE, WA, 98004-8357, UNITED STATES",True,False,False,
103,PARKSIDE LLC,BELLEVUE PARKSIDE LP,603 541 239,56917,"10900 NE 4TH ST STE 1440, BELLEVUE, WA, 98004-8357, UNITED STATES",True,False,False,
104,PARKSIDE LLC,BELLEVUE PARKSIDE PROPERTY LLC,603 094 313,55857,"701 5TH AVE STE 6100, SEATTLE, WA, 98104-7043, UNITED STATES",False,False,False,
105,PARKSIDE LLC,BELLEVUE PARKSIDE SENIOR LIVING LLC,604 171 644,572338,"1980 112TH AVE NE STE 200, BELLEVUE, WA, 98004-2940, UNITED STATES",False,False,False,
106,PARKSIDE LLC,"CHEWELAH PARKSIDE APARTMENTS, LLC",602 637 537,103172,"5090 HUNTER CAMPGROUND RD, HUNTERS, WA, 99137, UNITED STATES",False,False,False,
107,PARKSIDE LLC,"CHEWELAH PARKSIDE DUPLEXES, LLC",603 065 416,96492,"5090 HUNTERS CAMPGROUND RD, HUNTERS, WA, 99137-0009, UNITED STATES",False,False,False,
108,PARKSIDE LLC,CLUB PARKSIDE BASKETBALL ASSOCIATION,603 171 267,103014,"25835 110TH AVE SE, KENT, WA, 98030, UNITED STATES",False,False,False,
109,PARKSIDE LLC,CLUB PARKSIDE BASKETBALL ASSOCIATION GROUP,604 087 934,613975,"9119 KENTWOOD DR SW #11, KENT, WA, 98035, UNITED STATES",False,False,False,
110,PARKSIDE LLC,CPI BELLEVUE PARKSIDE LLC,603 540 941,630541,"10900 NE 4TH ST STE 1440, BELLEVUE, WA, 98004-8357, UNITED STATES",True,False,False,
111,PARKSIDE LLC,DAIGER PARKSIDE LLC,603 253 642,120187,"2350 MAGNOLIA BOULEVARD WEST, SEATTLE, WA, 98199, UNITED STATES",False,False,False,
112,PARKSIDE LLC,ECI TWO PARKSIDE LLC,602 786 631,667240,"18939 19017 120TH AVE NE, BOTHELL, WA, 98011, UNITED STATES",False,False,False,
113,PARKSIDE LLC,FEENIX PARKSIDE LLC,602 725 118,201887,"2121 190TH PL SE, SAMMAMISH, WA, 98075-9684, UNITED STATES",False,False,False,
114,PARKSIDE LLC,FRANCE PARKSIDE LLC,603 253 626,193750,"150 MCDONALD DR., PASCO, WA, 99301, UNITED STATES",False,False,False,
115,PARKSIDE LLC,FRANKLIN PARKSIDE APARTMENTS LLC,604 848 934,1518761,"40151 MORGAN RD, LOON LAKE, WA, 99148, UNITED STATES",False,False,False,
116,PARKSIDE LLC,GIG HARBOR PARKSIDE CONDOMINUM ASSOCIATION,601 835 238,709873,"9517 31ST AVENUE CT NW, GIG HARBOR, WA, 98332-9199, UNITED STATES",False,False,False,
117,PARKSIDE LLC,GOERKE PARKSIDE LLC,603 253 660,204967,"26312 272ND AVENUE SE, RAVENSDALE, WA, 98051, UNITED STATES",False,False,False,
118,PARKSIDE LLC,"HPG PARKSIDE, LLC",603 507 907,233787,"1111 MAIN ST STE 700, VANCOUVER, WA, 98660-2970, UNITED STATES",False,True,True,
119,PARKSIDE LLC,"HPG PARKSIDE, LLC",603 507 907,233787,,False,True,True,
120,MADISON PARK I LLP,DUKE'S MADISON PARK CHOWDER HOUSE ILIMITED PARTNERSHIP,601 328 267,658461,,True,False,False,
121,MADISON PARK I LLP,LMJ MADISON PARK ASSOCIATES LLC,602 209 707,305586,,True,False,False,
122,MADISON PARK I LLP,MADISON PARK ACCOUNTING SERVICES LLC,603 400 729,1130922,"1600 43RD AVE E APT 211, SEATTLE, WA, 98112-3248, UNITED STATES",False,False,False,
123,MADISON PARK I LLP,"MADISON PARK ADVISORS, LLC",602 999 708,1130923,"1201 3RD AVE, STE. 5040, SEATTLE, WA, 98101-3202, UNITED STATES",False,False,False,
124,MADISON PARK I LLP,MADISON PARK ART WALK ASSOCIATION,603 450 274,830651,"1801 41ST AVE E, SEATTLE, WA, 98112, UNITED STATES",True,False,False,
125,MADISON PARK I LLP,MADISON PARK BROADCASTING LIMITED PARTNERSHIP,600 517 676,844462,,True,False,False,
126,MADISON PARK I LLP,MADISON PARK BUSINESS ASSOCIATION,602 737 290,1130924,"1801 41ST AVE E, SEATTLE, WA, 98112, UNITED STATES",True,False,False,
127,MADISON PARK I LLP,"MADISON PARK CAPITAL ADVISORS, LLC",603 424 414,304553,"701 5TH AVE, SUITE 4200, SEATTLE, WA, 98104, UNITED STATES",False,False,False,
128,MADISON PARK I LLP,"MADISON PARK CAPITAL PARTNERS, LLC",602 239 022,823806,,True,False,False,
129,MADISON PARK I LLP,MADISON PARK CHURCH OF CHRIST,601 812 432,844463,"1115 19TH AVE, SEATTLE, WA, 98122-4729, UNITED STATES",False,False,False,
130,MADISON PARK I LLP,MADISON PARK COMMUNITY COUNCIL,601 264 764,198078,"1620 43RD AVE E APT 16A, SEATTLE, WA, 98112-3293, UNITED STATES",False,False,False,
131,MADISON PARK I LLP,MADISON PARK CONDOMINIUMS HOMEOWNERS' ASSOCIATION,601 322 716,336651,"1061 MADISON AVE N, BAINBRIDGE IS, WA, 98110, UNITED STATES",False,False,False,
132,MADISON PARK I LLP,"MADISON PARK ELECTROLYSIS, INC.",601 700 589,314180,"3130 E MADISON ST, STE 202, SEATTLE, WA, 98112-4234, UNITED STATES",False,False,False,
133,MADISON PARK I LLP,MADISON PARK HOLDINGS L.L.C.,603 057 788,823809,"4026 S 345TH ST, AUBURN, WA, 98001-9544, UNITED STATES",False,False,False,
134,MADISON PARK I LLP,MADISON PARK HOMEOWNERS ASSOCIATION,603 042 639,823810,"19820 NORTH CREEK PKWY, STE 101, BOTHELL, WA, 98011-8227, UNITED STATES",False,False,False,
135,MADISON PARK I LLP,MADISON PARK I LP,603 535 027,198079,"6228 BALACLAVA ST, VANCOUVER, BC, V6N 1L6, CANADA",False,False,False,
136,MADISON PARK I LLP,MADISON PARK INTERIORS LLC,603 110 669,304555,"1030 37TH AVE E, SEATTLE, WA, 98112-4330, UNITED STATES",False,False,False,
137,MADISON PARK I LLP,"MADISON PARK INVESTMENTS, LLC",602 371 806,1130926,"4842 E MERCER WAY, MERCER ISLAND, WA, 98040, UNITED STATES",False,False,False,
138,MADISON PARK I LLP,MADISON PARK INVESTORS LLC,603 442 647,314181,"1320 E PIKE ST, SEATTLE, WA, 98122-4020, UNITED STATES",False,False,False,
139,MADISON PARK I LLP,MADISON PARK MANOR CONDOMINIUM ASSOCIATION,602 015 871,814603,"2110 WESTERN AVE, SEATTLE, WA, 98121, UNITED STATES",False,False,False,
140,MADISON PARK I LLP,"MADISON PARK MUSIC, INC",603 079 791,1130927,"1125 DECATUR HIGHLAND DR, ANACORTES, WA, 98221-4143, UNITED STATES",False,False,False,
141,MADISON PARK I LLP,MADISON PARK PAINTING LLC,604 059 695,823811,"2021 43RD AVE E, SEATTLE, WA, 98112, UNITED STATES",False,False,False,
142,MADISON PARK I LLP,MADISON PARK PIANO LLC,605 050 592,1636998,"15207 NE 167TH PL, WOODINVILLE, WA, 98072-8149, UNITED STATES",False,False,False,
143,MADISON PARK I LLP,MADISON PARK PLACE HOMEOWNERS' ASSOCIATION,602 261 943,198081,"2800 THORNDYKE AVE W, SEATTLE, WA, 98199-2934, UNITED STATES",False,False,False,
144,MADISON PARK I LLP,"MADISON PARK PRIVATE WEALTH MANAGEMENT, LLC",604 861 736,1527533,"2611 24TH AVE E, SEATTLE, WA, 98112-2001, UNITED STATES",False,False,False,
145,LAKE COURT APARTMENTS L.L.C,"LAKE COURT APARTMENTS, L.L.C.",601 743 650,819670,"2012 43RD AVE E APT 102, SEATTLE, WA, 98112-2752, UNITED STATES",False,False,False,
146,MADISON GATE INVESTORS 2016 LLC,"MADISON GATE INVESTORS 2016, LLC",604 035 263,313657,"117 E  LOUISA ST STE 185, SEATTLE, WA, 98102, UNITED STATES",False,False,False,
147,STARBOARD MADISON VIEW DST,STARBOARD MADISON VIEW DST,604 353 896,1253623,"1201 N ORANGE ST STE 7044, WILMINGTON, DE, 19801-1189, UNITED STATES",False,False,False,
148,1608 EAST REPUBLICAN L L C,1608 EAST REPUBLICAN LLC,603 320 119,32972,"600 UNIVERSITY ST, SUITE 2915, SEATTLE, WA, 98101-4172, UNITED STATES",False,False,False,
149,WRP ASSOCIATES 19TH AVE LLC,"WRP ASSOCIATES 19TH AVENUE, LLC",601 977 493,334695,"1808 BELLEVUE AVE, STE 203, SEATTLE, WA, 98122-2064, UNITED STATES",False,False,False,
150,605 15TH AVENUE LLC,605 15TH AVENUE LLC,604 834 520,1508630,"ATTN: JOSEPH PHELPS, 801 2ND AVE, STE 1700, SEATTLE, WA, 98104-1520, UNITED STATES",False,False,False,
151,WC SEATTLE VI SPE LLC,"WC SEATTLE VI SPE, LLC",604 344 396,1237037,"2225 CAMPUS DR, EL SEGUNDO, CA, 90245-0001, UNITED STATES",False,False,False,
152,2200 BOSTON LLC,2200 BOSTON LLC,603 045 401,4080,"9837 HILLTOP RD, BELLEVUE, WA, 98004-4005, UNITED STATES",False,False,False,
153,EPIC PROPERTY MANAGEMENT L L C,EPIC PROPERTY MANAGEMENT LLC,602 230 533,677679,"1107 20TH AVE E, SEATTLE, WA, 98112, UNITED STATES",False,False,False,
154,SAFEWAY STORES 98 INC,"SAFEWAY STORES 98, INC.",601 584 757,264161,"11555 DUBLIN CANYON RD, PLEASANTON, CA, 94588-2815, UNITED STATES",False,False,False,
155,RP-SEASONS APTS LLC,RP-SEASONS APTS. LLC,602 668 183,954771,"2410 BOYER AVE E STE 1, SEATTLE, WA, 98112-2157, UNITED STATES",False,False,False,
156,ANHALT APARTMENT LLC,ANHALT APARTMENT LLC,603 203 888,27058,"2856 80TH AVE SE, MERCER ISLAND, WA, 98040-2981, UNITED STATES",False,False,False,
157,ANHALT APARTMENT LLC,TRINITY ANHALT APARTMENT LLC,603 203 887,311719,"3720 CARILLON PT, 7TH FLOOR, KIRKLAND, WA, 98033-7455, UNITED STATES",False,False,False,
158,EQR-MARK ON 8TH LLC,EQR-MARK ON 8TH LLC,604 381 513,1254348,"TWO NORTH RIVERSIDE PLAZA, SUITE 400, CHICAGO, IL, 60606, UNITED STATES",False,False,False,
159,EQR-MARK ON 8TH LLC,EQR-MARK ON 8TH MEZZ LLC,604 958 557,1589416,"2 N RIVERSIDE PLZ STE 400, CHICAGO, IL, 60606-2624, UNITED STATES",False,False,False,
160,24 ETRURIA LLC,24 ETRURIA LLC,604 202 783,1171778,"600 UNIVERSITY ST STE 2820, SEATTLE, WA, 98101-1184, UNITED STATES",False,False,False,
161,BPP HOLLAND MARINA SLU LLC,BPP HOLLAND MARINA SLU LLC,604 194 941,1166430,"233 S WACKER DR, SUITE 4700, CHICAGO, IL, 60606-6374, UNITED STATES",False,False,False,
162,219 1ST AVE N LLC,219 1ST AVE N LLC,603 481 075,4071,"1554 PARKSIDE DRIVE E, SEATTLE, WA, 98112, UNITED STATES",False,False,False,
163,219 1ST AVE N LLC,"16219 121ST AVENUE EAST, LLC",602 497 998,2601,"16217 121ST AVE E, PUYALLUP, WA, 98374, UNITED STATES",False,False,False,
164,IRP CHROMA APARTMENTS LLC,"IRP CHROMA APARTMENTS TRS SUB, LLC",604 468 826,1289388,"394 PACIFIC AVE FL 2, SAN FRANCISCO, CA, 94111-1715, UNITED STATES",True,False,False,
165,IRP CHROMA APARTMENTS LLC,"IRP CHROMA APARTMENTS, LLC",604 468 824,1289386,"394 PACIFIC AVE FL 2, SAN FRANCISCO, CA, 94111-1715, UNITED STATES",True,False,False,
166,CITY INVESTORS XXIV LLC,CITY INVESTORS XXIV L.L.C.,602 661 600,619191,"505 5TH AVE S STE 900, SEATTLE, WA, 98104, UNITED STATES",False,False,False,
167,HH SEATTLE LLC,HH SEATTLE LLC,603 254 786,229470,"14205 SE 36TH ST STE 143, BELLEVUE, WA, 98006-1596, UNITED STATES",True,False,False,
168,HH SEATTLE LLC,BAAL VIKASH HINDI ACADEMY OF SEATTLE,604 590 825,1347485,"12230 SE 196TH ST, KENT, WA, 98031-0517, UNITED STATES",False,False,False,
169,HH SEATTLE LLC,"CHHJ SEATTLE, LLC",604 190 746,1164749,"4229 W MARGINAL WAY SW, SEATTLE, WA, 98106-1211, UNITED STATES",False,False,False,
170,HH SEATTLE LLC,"H H - SEATTLE, LLC",602 719 354,728282,"6100 NEIL RD #500, RENO, NV, 89511, UNITED STATES",False,False,False,
171,HH SEATTLE LLC,"HH HOME CARE SEATTLE, LLC",604 388 384,1257014,"20514 127TH AVE. SE, SNOHOMISH, WA, 98296, UNITED STATES",False,False,False,
172,HH SEATTLE LLC,HH SEATTLE CITY GLASS LLC,605 116 857,1643727,"11728 AURORA AVE N, SEATTLE, WA, 98133-8254, UNITED STATES",False,False,False,
173,HH SEATTLE LLC,HH SEATTLE MEZZ BORROWER LLC,603 366 890,739389,"14205 SE 36TH ST STE 143, BELLEVUE, WA, 98006-1596, UNITED STATES",True,False,False,
174,HH SEATTLE LLC,"HHLP SEATTLE ASSOCIATES, LLC",604 088 718,750755,"44 HERSHA DR, HARRISBURG, PA, 17102-2241, UNITED STATES",False,False,False,
175,HH SEATTLE LLC,"HHLP SEATTLE LESSEE, LLC",604 087 361,739466,"44 HERSHA DRIVE, HARRISBURG, PA, 17102, UNITED STATES",False,False,False,
176,HH SEATTLE LLC,"MH HTSEATTLE, LLC",604 767 499,1470328,"1800 WAZEE ST, #200, DENVER, CO, 80202-2526, UNITED STATES",False,False,False,
177,HH SEATTLE LLC,TRUONG SINH HOC - SEATTLE,603 116 376,1020687,"212 NE 180TH ST, SHORELINE, WA, 98155, UNITED STATES",False,False,False,
178,1511 DEXTER LIMITED PS,1511 DEXTER LIMITED PARTNERSHIP,603 157 471,4143,"433 MINOR AVE N, SEATTLE, WA, 98109-5439, UNITED STATES",False,False,False,
179,624 YALE OWNER LLC,624 YALE OWNER LLC,604 974 816,1598637,"701 5TH AVE STE 5700, SEATTLE, WA, 98104-7014, UNITED STATES",False,False,False,
180,JUNE APARTMENTS LLC,JUNE APARTMENTS LLC,604 826 092,1512653,"2360 HUNTINGTON DR STE 200, SAN MARINO, CA, 91108-2653, UNITED STATES",False,False,False,
181,BELKORP ORION LLC,BELKORP ORION LLC,604 535 335,1320427,"900 1508 WEST BROADWAY, VANCOUVER, BC, V6J 1W9, CANADA",False,False,False,
182,403 DEXTER AVENUE NORTH GROUND OWNER LLC,403 DEXTER AVENUE NORTH GROUND OWNER LLC,604 661 116,1395459,"1114 AVENUE OF THE AMERICAS FL 39, NEW YORK, NY, 10036-7702, UNITED STATES",False,False,False,
183,FREMONT BRIDGE PARTNERS LLC,FREMONT BRIDGE PARTNERS LLC,604 715 581,1436172,"317 NICKERSON ST, SEATTLE, WA, 98109, UNITED STATES",False,False,False,
184,QUALITY FOOD CENTERS,"QUALITY FOOD CENTERS, INC.",602 342 740,398429,,False,False,False,
185,NAUTICAL LANDING LLC,"NAUTICAL LANDING, LLC",602 769 109,863282,"2500 WESTLAKE AVE N STE E, SEATTLE, WA, 98109-2262, UNITED STATES",False,False,False,
186,SPACE NEEDLE LLC,SPACE NEEDLE LLC,602 714 976,984049,"2901 3RD AVE, SUITE 600, SEATTLE, WA, 98121-1042, UNITED STATES",False,False,False,
187,SPACE NEEDLE LLC,6 STRING DISTRIBUTION INC.,604 205 005,1171937,"17210 HILLCREST TER SW, BURIEN, WA, 98166-3324, UNITED STATES",False,True,True,
188,SPACE NEEDLE LLC,SPACE NEEDLE BREAD COMPANY INC,604 205 005,1171937,,False,True,True,
189,SPACE NEEDLE LLC,SPACE NEEDLE CARRIER LLC,603 382 107,944797,"1020 CENTRAL AVE N # HH104, KENT, WA, 98032, UNITED STATES",False,False,False,
190,SPACE NEEDLE LLC,SPACE NEEDLE HOLDING CORPORATION,578 062 321,997290,"2901 3RD AVE, SUITE 600, SEATTLE, WA, 98121-1000, UNITED STATES",False,False,False,
191,SPACE NEEDLE LLC,SPACE NEEDLE MANAGEMENT LLC,602 715 786,443553,"2901 3RD AVE, SEATTLE, WA, 98121-1042, UNITED STATES",False,False,False,
192,SPACE NEEDLE LLC,SPACE NEEDLE NEWS,603 550 972,997291,"13703 139TH AVE SE, RENTON, WA, 98059, UNITED STATES",False,False,False,
193,SPACE NEEDLE LLC,SPACE NEEDLE PEDICAB LLC,604 810 071,1498092,"2420 82ND AVE NE, MEDINA, WA, 98039, UNITED STATES",False,False,False,
194,SPACE NEEDLE LLC,SPACE NEEDLE ROOFING LLC,604 741 209,1447003,"15865 118TH AVE SE, RENTON, WA, 98058-4662, UNITED STATES",False,False,False,
195,SPACE NEEDLE LLC,SPACENEEDLE VOLLEYBALL FOUNDATION,604 663 048,1399849,"3616 SOUTH RD, MUKILTEO, WA, 98275-1540, UNITED STATES",False,False,False,
196,CITY INVESTORS XXX LLC,CITY INVESTORS XXX LLC,604 084 625,611795,"505 5TH AVE STE 900, SEATTLE, WA, 98104, UNITED STATES",False,False,False,
197,CITY INVESTORS XXX LLC,BELLEVUE INVESTORS VII LLC,604 099 542,99192,"505 5TH AVE S STE 900, SEATTLE, WA, 98104-3821, UNITED STATES",False,True,True,
198,CITY INVESTORS XXX LLC,CITY INVESTORS XXXI LLC,604 099 542,99192,,False,True,True,
199,HOLY NAMES ACADEMY,HOLY NAMES ACADEMY,178 020 859,740106,"728 21ST AVE E, SEATTLE, WA, 98112-4022, UNITED STATES",False,False,False,
200,ASC MADISON LLC,ASC MADISON LLC,603 130 112,1096986,"415 118 AVENUE SE, BELLEVUE, WA, 98005, UNITED STATES",False,False,False,
201,GREENLIND BUILDING LLC,"THE GREENLIND BUILDING, LLC",602 824 199,473019,"1301 SPRING ST UNIT 25J, SEATTLE, WA, 98104, UNITED STATES",False,False,False,
202,BROADMOOR GOLF CLUB,BROADMOOR GOLF CLUB,178 008 290,78693,"2340 BROADMOOR DR E, SEATTLE, WA, 98112-2322, UNITED STATES",True,False,False,
203,BROADMOOR GOLF CLUB,"THE GOLF SHOP AT BROADMOOR GOLF CLUB, INC.",601 981 750,472657,"2340 BROADMOOR DR E, SEATTLE, WA, 98112-2322, UNITED STATES",True,False,False,
204,ADELPHI LLC,'PHILADELPHIA ROMANIAN PENTECOSTAL APOSTOLIC CHURCH',601 301 714,3051,,True,False,False,
205,ADELPHI LLC,"ADELPHI & CORK, LLC",604 420 966,1270386,"10747 A ST S STE G, TACOMA, WA, 98444-6095, UNITED STATES",False,False,False,
206,ADELPHI LLC,ADELPHI ENERGY LLC,603 383 317,457388,,True,False,False,
207,ADELPHI LLC,ADELPHI GROUP INC,604 021 737,18712,"8535 PHINNEY AVE N, SEATTLE, WA, 98103, UNITED STATES",False,False,False,
208,ADELPHI LLC,"ADELPHI MEDICAL STAFFING, LLC",604 944 175,1580962,"965 GENEVA WALK NW, KENNESAW, GA, 30152-2895, UNITED STATES",False,False,False,
209,ADELPHI LLC,"ADELPHI, LLC",602 174 021,474300,"1168 HARVARD AVE E STE 3, SEATTLE, WA, 98102-4397, UNITED STATES",False,False,False,
210,ADELPHI LLC,ADELPHIA METALS I LIMITED LIABILITY COMPANY,603 106 642,461698,"1930 MARLTON PIKE E, SUITE M-66, CHERRY HILL, NJ, 08003-4202, UNITED STATES",False,False,False,
211,ADELPHI LLC,ADELPHIA OUTREACH,602 958 735,14815,"1402 AUBURN WAY N # 116, AUBURN, WA, 98002, UNITED STATES",False,False,False,
212,ADELPHI LLC,"ADELPHIA TELECOMMUNICATIONS, INC.",601 965 076,18713,,True,False,False,
213,ADELPHI LLC,"ADELPHIA VOICE SERVICES, INC.",602 520 780,477183,"2711 CENTERVILLE RD STE 300, WILMINGTON, DE, 19808, UNITED STATES",False,False,False,
214,ADELPHI LLC,MONROE CHRISTADELPHIAN ECCLESIA,603 333 924,355901,"235 S LEWIS ST, MONROE, WA, 98272-2318, UNITED STATES",False,False,False,
215,ADELPHI LLC,OLYMPIA CHRISTADELPHIAN ECCLESIA,603 451 662,362845,"5330 61ST AVE NE, OLYMPIA, WA, 98516, UNITED STATES",False,False,False,
216,ADELPHI LLC,ORADELPHI LLC,604 461 950,1288086,"2522 N PROCTOR ST STE 578, TACOMA, WA, 98406-5338, UNITED STATES",False,False,False,
217,ADELPHI LLC,"PHILADELPHIA CHECKERS INVESTORS, LLC",604 276 710,1205533,,True,False,False,
218,ADELPHI LLC,PHILADELPHIA CHURCH,601 035 511,933729,"7704 24TH AVE NW, SEATTLE, WA, 98117-4411, UNITED STATES",False,False,False,
219,ADELPHI LLC,PHILADELPHIA CHURCH OF SEATTLE,602 096 107,891887,"4401 2ND AVE NE, SEATTLE, WA, 98105, UNITED STATES",False,False,False,
220,ADELPHI LLC,PHILADELPHIA GEAR CORPORATION,600 528 375,384297,"901 E 8TH AVE, KING OF PRUSSIA, PA, 19406",False,False,False,
221,ADELPHI LLC,PHILADELPHIA HARDWARE GROUP INC,604 941 522,1575913,"6590 TOP GUN ST, SAN DIEGO, CA, 92121-4122, UNITED STATES",False,False,False,
222,ADELPHI LLC,"PHILADELPHIA HARDWARE GROUP, INC.",601 653 313,1140990,"3705 166TH PL NE, ARLINGTON, WA, 98223, UNITED STATES",False,False,False,
223,ADELPHI LLC,PHILADELPHIA HOUSE,601 751 286,877749,,True,False,False,
224,ADELPHI LLC,PHILADELPHIA MACARONI COMPANY,602 813 493,903474,"760 S 11TH ST, PHILADELPHIA, PA, 19147-2614, UNITED STATES",False,False,False,
225,ADELPHI LLC,PHILADELPHIA PENTECOSTAL CHURCH,602 923 935,371500,"19417 36TH AVE W STE C, LYNNWOOD, WA, 98036-5743, UNITED STATES",False,False,False,
226,ADELPHI LLC,PHILADELPHIA REAL INVESTORS LLC,604 050 948,877750,"2210 VASHON COURT NE, RENTON, WA, 98059, UNITED STATES",False,False,False,
227,ADELPHI LLC,PHILADELPHIA ROMANIAN CHURCH,601 752 771,891888,"3301 E 29TH ST, VANCOUVER, WA, 98661-5007, UNITED STATES",False,False,False,
228,ADELPHI LLC,PHILADELPHIA UNIVERSITY,603 416 250,1140991,"4201 HENRY AVE, PHILADELPHIA, PA, 19144, UNITED STATES",False,False,False,
229,ELIZABETH JAMES SENIOR HOUSING,ELIZABETH JAMES SENIOR HOUSING,601 450 756,184800,"1620 12TH AVE STE 205, SEATTLE, WA, 98122-2568, UNITED STATES",False,False,False,
230,BUCKLEY GROUP LLC,"BUCKLEY INVESTMENT GROUP, L.L.C.",602 325 883,100380,"13 1/2 E MAIN ST, STE 211, WALLA WALLA, WA, 99362-1950, UNITED STATES",False,False,False,
231,BUCKLEY GROUP LLC,THE BUCKLEY GROUP LLC DBA THE BUCKLEY GROUP OF WASHINGTON LLC,603 399 741,1011301,"12759 NE WHITAKER WAY #D949, PORTLAND, OR, 97230, UNITED STATES",False,False,False,
232,BUCKLEY GROUP LLC,"THE BUCKLEY GROUP, LLC",602 000 223,466326,"7820 SW WILLOWMERE DR, PORTLAND, OR, 97225-1251, UNITED STATES",False,False,False,
233,JERICO DENTAL INVESTMENTS LTD,"JERICO DENTAL INVESTMENTS, LTD.",601 112 650,260255,"2633 EASTLAKE AVE E STE 307, SEATTLE, WA, 98102-3231, UNITED STATES",False,False,False,
234,BUNGALOWS AT QUEEN ANNE LLC,"THE BUNGALOWS AT QUEEN ANNE, LLC",602 673 148,1063554,"1938 43RD AVE E, SEATTLE, WA, 98112-3235, UNITED STATES",False,False,False,
235,JAYGEES HOLDINGS LTD,JAYGEES HOLDINGS LTD.,603 172 982,767425,"1280 CHARTWELL DRVE, WEST VANCOUVER, BC, V7S 2R3, CANADA",False,False,False,
236,KOLL LAKE UNION ASSOC L P,"KOLL LAKE UNION ASSOCIATES, L.P.",601 129 341,184633,,False,False,False,
237,TILDEN INVESTMENTS LLC,TILDEN INVESTMENTS LLC,601 994 973,992120,"7324 51ST AVE NE, SEATTLE, WA, 98115-6134, UNITED STATES",True,False,False,
238,TILDEN INVESTMENTS LLC,TILDEN FAMILY INVESTMENTS LIMITED PARTNERSHIP,602 741 552,477945,"7324 51ST AVE NE, SEATTLE, WA, 98115-6134, UNITED STATES",True,False,False,
239,TILDEN INVESTMENTS LLC,TILDEN-MEYER FAMILY INVESTMENTS LIMITED PARTNERSHIP,604 681 765,1411321,"1111 3RD AVE STE 800, SEATTLE, WA, 98101-3216, UNITED STATES",False,False,False,
240,MOHAI LEASING LLC,"MOHAI LEASING, LLC",602 963 250,838909,"860 TERRY AVE N, SEATTLE, WA, 98109-4330, UNITED STATES",False,False,False,
241,BILL & MELINDA GATES FOUNDATION,BILL & MELINDA GATES FOUNDATION ,,1183371,,True,True,False,
242,BILL & MELINDA GATES FOUNDATION,BILL & MELINDA GATES FOUNDATION ,,1260665,,True,True,False,
243,BILL & MELINDA GATES FOUNDATION,BILL & MELINDA GATES FOUNDATION ,,1301653,,True,True,False,
244,BILL & MELINDA GATES FOUNDATION,BILL & MELINDA GATES FOUNDATION ,,1223656,,True,True,False,
245,BILL & MELINDA GATES FOUNDATION,BILL & MELINDA GATES FOUNDATION ,,197,,True,True,False,
246,BILL & MELINDA GATES FOUNDATION,BILL & MELINDA GATES FOUNDATION ,,1339645,,True,True,False,
247,BILL & MELINDA GATES FOUNDATION,BILL & MELINDA GATES FOUNDATION LLC,604 697 907,1380547,,True,True,True,
248,BILL & MELINDA GATES FOUNDATION,BILL & MELINDA GATES FOUNDATION TRUST ,,273,,True,True,False,
249,BILL & MELINDA GATES FOUNDATION,BILL & MELINDA GATES FOUNDATION TRUST ,,1223655,,True,True,False,
250,BILL & MELINDA GATES FOUNDATION,BILL & MELINDA GATES FOUNDATION TRUST ,,1339646,,True,True,False,
251,BILL & MELINDA GATES FOUNDATION,BILL & MELINDA GATES FOUNDATION TRUST ,,1301654,,True,True,False,
252,BILL & MELINDA GATES FOUNDATION,BILL & MELINDA GATES FOUNDATION TRUST ,,1183378,,True,True,False,
253,BILL & MELINDA GATES FOUNDATION,BILL & MELINDA GATES FOUNDATION TRUST ,,1260664,,True,True,False,
254,BILL & MELINDA GATES FOUNDATION,BILL & MELINDA GATES FOUNDATION TRUST LLC,604 705 808,1380544,,True,True,True,
255,BILL & MELINDA GATES FOUNDATION,"BILL & MELINDA GATES FOUNDATION TRUST, LLC",604 705 808,1380544,"500 5TH AVE N, SEATTLE, WA, 98109-4636, UNITED STATES",True,True,True,
256,BILL & MELINDA GATES FOUNDATION,"BILL & MELINDA GATES FOUNDATION, LLC",604 697 907,1380547,"500 5TH AVE N, SEATTLE, WA, 98109-4636, UNITED STATES",True,True,True,
257,CP IPERS SEATTLE LLC,"CP/IPERS SEATTLE , LLC",604 367 274,1249491,"230 PARK AVE, 12TH FL, NEW YORK, NY, 10169-0005, UNITED STATES",False,False,False,
258,COLUMBIA WASHINGTON EASTLAKE OFFICE LLC,"COLUMBIA WASHINGTON EASTLAKE OFFICE, LLC",604 309 908,1221604,"120 N LA SALLE ST STE 2900, CHICAGO, IL, 60602-2937, UNITED STATES",False,False,False,
259,1144 EASTLAKE LLC,"1144 EASTLAKE, L.L.C.",602 004 367,58954,"2001 WESTERN AVE STE 330, SEATTLE, WA, 98121-2133, UNITED STATES",False,False,False,
260,ARE-SEATTLE NO 33 LLC,"ARE-SEATTLE NO. 33, LLC",604 258 659,1205765,"251 LITTLE FALLS DR, WILMINGTON, DE, 19808-1674, UNITED STATES",False,False,False,
261,H5 CAPITAL - SEATTLE REAL ESTATE II LLC,"H5 CAPITAL - SEATTLE REAL ESTATE II, LLC",604 071 790,198955,"9320 WILSHIRE BLVD STE 300, BEVERLY HILLS, CA, 90212, UNITED STATES",False,False,False,
262,WA HAZEL AND JOHNS LLC,"WAS HAZEL AND JOHNS, LLC",604 108 266,1161128,"412 QUEEN ANNE AVE N, SEATTLE, WA, 98109-4560, UNITED STATES",False,False,False,
263,EAST WEST INVESTMENT CO INC,"EAST - WESTERN INVESTMENTS, LLC",603 345 654,108894,"195 MATA RD, KENNEWICK, WA, 99338-7639, UNITED STATES",False,False,False,
264,EAST WEST INVESTMENT CO INC,"EAST TO WEST INVESTMENTS, LLC",603 213 335,154221,"4417 SW 91ST DR, GAINESVILLE, FL, 32608-7137, UNITED STATES",False,False,False,
265,EAST WEST INVESTMENT CO INC,EAST WEST INVESTMENT PROPERTIES LLC,604 972 736,1597957,"9820 NE 200TH ST, BOTHELL, WA, 98011-2300, UNITED STATES",False,False,False,
266,EAST WEST INVESTMENT CO INC,"EAST-WEST INVESTMENT CO., INC.",601 444 047,655377,"9612 54TH AVE S, SEATTLE, WA, 98118-5705, UNITED STATES",False,False,False,
267,EAST WEST INVESTMENT CO INC,"EAST-WEST REAL ESTATE & INVESTMENT, L.L.C.",602 575 917,674989,,False,False,False,
268,EAST WEST INVESTMENT CO INC,EASTWEST REAL ESTATE INVESTMENT & DEVELOPMENT LLC,603 334 058,154835,"32926 135TH CT SE, AUBURN, WA, 98092-8516, UNITED STATES",False,False,False,
269,GATES ARCHIVE LLC,GATES ARCHIVE LLC,603 105 050,130764,"400 E MERCER ST, SEATTLE, WA, 98102, UNITED STATES",False,False,False,
270,GI TC LAKE UNION LLC,GI TC LAKE UNION LLC,604 690 011,1412432,"6720 N SCOTTSDALE RD, SUITE 350, SCOTTSDALE, AZ, 85253-4456, UNITED STATES",False,False,False,
271,MCP ALLEY24 EAST LLC,"MCP ALLEY24 EAST, LLC",603 575 354,842339,"ONE METLIFE WAY, WHIPPANY, NJ, 07981, UNITED STATES",False,False,False,
272,BLUME ROY BUILDING LLC,BLUME ROY BUILDING LLC,602 613 711,88812,"617 EASTLAKE AVE E STE 340, SEATTLE, WA, 98109-5682, UNITED STATES",False,False,False,
273,PEMCO MUTUAL INSURANCE COMPANY,PEMCO MUTUAL INSURANCE COMPANY,600 119 113,900059,,False,False,False,
274,BLUME YALE LIMITED PARTNERSHIP,BLUME YALE LIMITED PARTNERSHIP,601 737 578,583503,"617 EASTLAKE AVE E STE 340, SEATTLE, WA, 98109-5682, UNITED STATES",False,False,False,
275,ASSOCIATED GENERAL CONTRACTORS,ASSOCIATED GENERAL CONTRACTORS STUDENT CHAPTER OF THE UNIVERSITY OF WASHINGTON,604 029 438,536830,"120 ARCHITECTURE HALL, SEATTLE, WA, 98195-0001, UNITED STATES",False,False,False,
276,ASSOCIATED GENERAL CONTRACTORS,INLAND NORTHWEST ASSOCIATED GENERAL CONTRACTORS  APPRENTICESHIP PROGRAMS,604 422 199,1274260,"2110 N FANCHER RD, SPOKANE VLY, WA, 99212-1331, UNITED STATES",False,False,False,
277,ASSOCIATED GENERAL CONTRACTORS,"OREGON - COLUMBIA CHAPTER, THE ASSOCIATED GENERAL CONTRACTORS OF AMERICA",601 590 300,889369,"1200 WESTLAKE AVE N, #300, SEATTLE, WA, 98109, UNITED STATES",False,False,False,
278,ASSOCIATED GENERAL CONTRACTORS,THE ASSOCIATED GENERAL CONTRACTORS OF WASHINGTON,600 416 134,297667,"1200 WESTLAKE AVE N STE 301, SEATTLE, WA, 98109-3528, UNITED STATES",False,False,False,
279,UB PROPERTY L L C,AUBURN PROPERTY GROUP LLC,603 622 801,552882,"404 AUBURN WAY S, AUBURN, WA, 98002, UNITED STATES",False,False,False,
280,UB PROPERTY L L C,"AUBURN PROPERTY, LLC",602 949 731,44474,"12935 SE 45TH LN, BELLEVUE, WA, 98006, UNITED STATES",False,False,False,
281,UB PROPERTY L L C,"BLUBIRD PROPERTY MAINTENANCE ""LLC""",604 321 330,1224031,"315 W GIBSON AVE APT 1, CHELAN, WA, 98816-9792, UNITED STATES",False,False,False,
282,UB PROPERTY L L C,CLUB PROPERTY GROUP LLC,604 890 575,1549102,"2023 W 3RD AVE # 303I, SPOKANE, WA, 99201-7663, UNITED STATES",False,False,False,
283,UB PROPERTY L L C,CLUBHOUSE POINT PROPERTY OWNERS ASSOCIATION,603 024 236,629206,"8781 CLUBHOUSE POINT DR, BLAINE, WA, 98230-6317, UNITED STATES",False,False,False,
284,UB PROPERTY L L C,DOUBLE J PROPERTY SERVICES LLC,603 304 385,169472,"5823 BOULEVARD EXTENSION RD SE, OLYMPIA, WA, 98501, UNITED STATES",False,False,False,
285,UB PROPERTY L L C,"DOUBLE KAY PROPERTY HOLDINGS, LLC",604 000 622,154454,"18120 80TH ST KPN, VAUGHN, WA, 98394-9674, UNITED STATES",False,False,False,
286,UB PROPERTY L L C,"DOUBLE U PROPERTY MANAGEMENT GROUP, LLC",605 066 686,1637976,"2005 S FRUITLAND, PUYALLUP, WA, 98371-7347, UNITED STATES",False,False,False,
287,UB PROPERTY L L C,DOUBLEDAY PROPERTY SOLUTIONS LLC,604 926 834,1565497,"3825 34TH AVE W APT 2, SEATTLE, WA, 98199-1644, UNITED STATES",False,False,False,
288,UB PROPERTY L L C,DUBOIS PROPERTY INVESTMENTS LLC,603 520 693,658633,"5010 SW 317TH LN, T101, FEDERAL WAY, WA, 98023-3770, UNITED STATES",False,False,False,
289,UB PROPERTY L L C,"DUBSEA REAL PROPERTY, LLC",604 008 719,671136,"500 BROADWAY ST STE 400, VANCOUVER, WA, 98660-3324, UNITED STATES",False,False,False,
290,UB PROPERTY L L C,"GRUBB & ELLIS EQUITY ADVISORS, PROPERTY MANAGEMENT, INC.",602 970 215,736864,"160 GREENTREE DRIVE #101, DOVER, DE, 19904, UNITED STATES",False,False,False,
291,UB PROPERTY L L C,HANDLEY SUBDIVISION PROPERTY OWNERS ASSOCIATION,605 087 337,1640609,,False,False,False,
292,UB PROPERTY L L C,HANEY'S PARK SUBDIVISION PROPERTY OWNERS ASSOCIATION,601 175 311,222456,"4532 HANEY RD, LOON LAKE, WA, 99148-9747, UNITED STATES",False,False,False,
293,UB PROPERTY L L C,"HANNAH MITSUBISHI REAL PROPERTY, LLC",602 532 550,1119159,"10808 NE COXLEY DR, VANCOUVER, WA, 98662-6149, UNITED STATES",False,False,False,
294,UB PROPERTY L L C,HAWES SUBDIVISION PROPERTY OWNERS ASSOC,603 463 807,734673,"PO BOX 26, ROCHESTER, WA, 98579, UNITED STATES",False,False,False,
295,UB PROPERTY L L C,KITSAP GOLF AND COUNTRY CLUB PROPERTY DEVELOPMENT,601 830 727,798276,"3885 NW GOLF CLUB HILL RD, BREMERTON, WA, 98312-1627, UNITED STATES",False,False,False,
296,UB PROPERTY L L C,"KUBRA PROPERTY, LLC",603 233 592,794320,"607 SW GRADY WAY STE 210, RENTON, WA, 98057-2977, UNITED STATES",False,False,False,
297,UB PROPERTY L L C,OLYMPIC CLUB PROPERTY LLC,604 515 747,1311428,"430 N KILLINGSWORTH ST, PORTLAND, OR, 97217-2441, UNITED STATES",False,False,False,
298,UB PROPERTY L L C,"RUBICON PROPERTY 1, LLC",603 551 003,946516,"6995 KICKERVILLE RD, FERNDALE, WA, 98248, UNITED STATES",False,False,False,
299,UB PROPERTY L L C,"RUBICON PROPERTY 2, LLC",603 551 005,985479,"6995 KICKERVILLE RD, FERNDALE, WA, 98248-5402, UNITED STATES",False,False,False,
300,UB PROPERTY L L C,RUBIX PROPERTY SOLUTIONS LLC,603 517 912,960527,"2118 4TH AVE W, SEATTLE, WA, 98119, UNITED STATES",False,False,False,
301,UB PROPERTY L L C,"SUB PROPERTY UNIT APPLE, LLC",603 395 506,461936,"14205 SE 36TH ST STE 100, BELLEVUE, WA, 98006-1553, UNITED STATES",True,False,False,
302,UB PROPERTY L L C,"SUB PROPERTY UNIT CHERRY, L.L.C.",604 918 376,1563437,"14205 SE 36TH ST STE 100, BELLEVUE, WA, 98006-1553, UNITED STATES",True,False,False,
303,UB PROPERTY L L C,"SUB PROPERTY UNIT CHERRY, LLC",603 395 511,977498,"14205 SE 36TH ST STE 100, BELLEVUE, WA, 98006-1553, UNITED STATES",True,False,False,
304,DWF V WEST LAKE LLC,"DWF V WEST LAKE, LLC",604 416 971,1284396,"301 HOWARD ST, SUITE 2100, SAN FRANCISCO, CA, 94105-6616, UNITED STATES",False,False,False,
305,THE SALVATION ARMY,THE SALVATION ARMY,048 002 487,473062,"30840 HAWTHORNE BLVD, RCH PALOS VRD, CA, 90275-5301, UNITED STATES",True,False,False,
306,THE SALVATION ARMY,THE SALVATION ARMY PUYALLUP RESIDENCES,601 517 074,1055954,"30840 HAWTHORNE BLVD, RCH PALOS VRD, CA, 90275-5301, UNITED STATES",True,False,False,
307,THE SALVATION ARMY,THE SALVATION ARMY SEATTLE RESIDENCES,601 294 494,473063,"30840 HAWTHORNE BLVD, RCH PALOS VRD, CA, 90275-5301, UNITED STATES",True,False,False,
308,THE SALVATION ARMY,"THE SALVATION ARMY SERVICES, INC.",601 257 490,1039704,"30840 HAWTHORNE BLVD, RCH PALOS VRD, CA, 90275-5301, UNITED STATES",True,False,False,
309,MAGNOLIA PROPERTIES L L C,"MAGNOLIA CLISE PLACE PROPERTIES, LLC",602 682 484,831073,,True,False,False,
310,MAGNOLIA PROPERTIES L L C,"MAGNOLIA HILL PROPERTIES, LLC",602 509 508,337397,"14900 176TH AVE NE, WOODINVILLE, WA, 98072-9307, UNITED STATES",False,False,False,
311,MAGNOLIA PROPERTIES L L C,"MAGNOLIA ONE PROPERTIES, L.L.C.",604 887 919,1544068,"14239 W BOW HILL RD, BOW, WA, 98232-9234, UNITED STATES",True,False,False,
312,MAGNOLIA PROPERTIES L L C,"MAGNOLIA PROPERTIES, LLC",601 811 645,824602,"159 S JACKSON ST, SUITE 320, SEATTLE, WA, 98104-3097, UNITED STATES",False,False,False,
313,MAGNOLIA PROPERTIES L L C,"MAGNOLIA PROPERTIES, LTD., A CALIFORNIA LIMITED PARTNERSHIP",602 049 972,297280,,True,False,False,
314,MAGNOLIA PROPERTIES L L C,"MAGNOLIA TWO PROPERTIES, L.L.C.",604 889 305,1544070,"14239 W BOW HILL RD, BOW, WA, 98232-9234, UNITED STATES",True,False,False,
315,MAGNOLIA PROPERTIES L L C,MAGNOLIA VILLAGE PROPERTIES LLC,603 298 545,313572,"2110 WESTERN AVE, SEATTLE, WA, 98121, UNITED STATES",False,False,False,
316,MAGNOLIA PROPERTIES L L C,MAGNOLIA WEST PROPERTIES LLC,604 467 536,1287794,"1540 THORNDYKE AVE W, SEATTLE, WA, 98199-4328, UNITED STATES",False,False,False,
317,WESTLAKE PROPERTY HOLDINGS LLC,WESTLAKE PROPERTY HOLDINGS LLC,602 000 298,1087796,"227 WESTLAKE AVE N, SEATTLE, WA, 98109, UNITED STATES",False,False,False,
318,THE MAXWELL PINEAPPLE LLC,MAXWELL PINEAPPLE LLC,603 473 824,810840,"155 108TH AVE NE STE 500, BELLEVUE, WA, 98004-5901, UNITED STATES",False,False,False,
319,202 WESTLAKE OFFICE LLC,202 WESTLAKE OFFICE L.L.C.,604 288 090,1207197,"333 W WACKER DR STE 2300, CHICAGO, IL, 60606-1266, UNITED STATES",False,False,False,
320,WH CY SEATTLE HOTEL LLC,WH CY SEATTLE HOTEL LLC,603 621 341,1162254,"600 UNIVERSITY ST STE 2820, SEATTLE, WA, 98101-1184, UNITED STATES",False,False,False,
321,PFHC-700 5TH AVE LLC,"PFHC-700 5TH AVE, LLC",602 907 595,891775,"11010 NE 8TH ST STE 465, BELLEVUE, WA, 98004-4408, UNITED STATES",False,False,False,
322,615 SOUTH ALASKA LLC,"615 SOUTH ALASKA, LLC",602 216 875,8426,"601 S ALASKA ST, SEATTLE, WA, 98108-1728, UNITED STATES",False,False,False,
323,BASE PROPERTIES II LLC,"BASE PROPERTIES II, L.L.C.",603 268 502,573527,"601 DEXTER AVE N, SEATTLE, WA, 98109, UNITED STATES",False,False,False,
324,BASE PROPERTIES II LLC,"BASE PROPERTIES III, L.L.C.",603 552 409,569214,"601 DEXTER AVE. N., SEATTLE, WA, 98109, UNITED STATES",False,False,False,
325,SOUTHPARK LAND LLC,SOUTHPARK LAND LLC,603 534 552,944119,"5050 1ST AVE S #102, SEATTLE, WA, 98134, UNITED STATES",False,False,False,
326,ROBERT & SHIRLEY WILSON FAMILY L L C THE,THE ROBERT AND SHIRLEY WILSON FAMILY LLC,602 977 523,475583,"2457 SW 170TH ST, SEATTLE, WA, 98166, UNITED STATES",False,False,False,
327,PNP PROPERTIES LLC,PNP PROPERTIES L.L.C.,602 349 336,893453,"4809 LAKE WASHINGTON BLVD NE, KIRKLAND, WA, 98033, UNITED STATES",False,False,False,
328,PNP PROPERTIES LLC,PNP PROPERTIES SEATTLE LLC,605 016 180,1629099,"2108 SW ANDOVER ST, SEATTLE, WA, 98106-1148, UNITED STATES",False,False,False,
329,JAC 9243 10TH AVENUE S LLC,"JAC 9243 10TH AVENUE S, LLC",603 275 106,763209,"4742 42ND AVE SW # 156, SEATTLE, WA, 98116-4553, UNITED STATES",False,False,False,
330,SCHARHON FAMILY LLC,SCHARHON FAMILY LLC,603 577 262,924097,"9229 10TH AVE S, SEATTLE, WA, 98108, UNITED STATES",False,False,False,
331,SCHARHON FAMILY LLC,SCHARHON FAMILY EASTLAKE LLC,604 752 768,1455821,"701 5TH AVE STE 6100, SEATTLE, WA, 98104-7043, UNITED STATES",False,False,False,
332,SCHARHON FAMILY LLC,SCHARHON FAMILY FREMONT LLC,604 599 127,1351642,"9150 SE 54TH STREET, MERCER ISLAND, WA, 98040-5148, UNITED STATES",False,False,False,
333,SCHARHON FAMILY LLC,SCHARHON FAMILY ISLAND LANAI LLC,604 735 082,1446302,"8404 SE 53RD PL, MERCER ISLAND, WA, 98040-4641, UNITED STATES",False,False,False,
334,REAM FAMILY LIMITED PARTNERSHIP,DREAM FAMILY HOUSE AFH  LLC,604 910 403,1556061,"4211 SW 315TH ST, FEDERAL WAY, WA, 98023-2132, UNITED STATES",False,False,False,
335,REAM FAMILY LIMITED PARTNERSHIP,DREAM HOUSE FAMILY LIMITED PARTNERSHIP,601 408 847,670445,,False,False,False,
336,REAM FAMILY LIMITED PARTNERSHIP,DREAM VALLEY ADULT FAMILY HOME 2 LLC,604 948 122,1580065,"3217 N MCKINNON RD, SPOKANE, WA, 99217-7803, UNITED STATES",False,False,False,
337,REAM FAMILY LIMITED PARTNERSHIP,DREAM VALLEY ADULT FAMILY HOME LLC,604 444 224,1275339,"11423 E 10TH AVE, SPOKANE VLY, WA, 99206-2830, UNITED STATES",False,False,False,
338,REAM FAMILY LIMITED PARTNERSHIP,DREAMCATCHERS FAMILY INVESTMENTS LLC,604 082 390,670462,"8101 88TH STREET CT SW, LAKEWOOD, WA, 98498-5909, UNITED STATES",False,False,False,
339,REAM FAMILY LIMITED PARTNERSHIP,DREAMHAVEN ADULT FAMILY HOME LLC,604 824 385,1506698,"2495 25TH AVE NE, ISSAQUAH, WA, 98029-2614, UNITED STATES",False,False,False,
340,REAM FAMILY LIMITED PARTNERSHIP,DREAMLAND ADULT FAMILY HOME LLC,604 460 059,1284248,"PO BOX 257, OLYMPIA, WA, 98507-0257, UNITED STATES",True,False,False,
341,REAM FAMILY LIMITED PARTNERSHIP,DREAMS ADULT FAMILY HOME LLC,604 103 148,668075,"1307 S 251ST CT, DES MOINES, WA, 98198-8583, UNITED STATES",False,False,False,
342,REAM FAMILY LIMITED PARTNERSHIP,DREAMTIME FAMILY SERVICES LLC,602 689 577,150331,"6212 29TH AVE NE, SEATTLE, WA, 98115, UNITED STATES",False,False,False,
343,REAM FAMILY LIMITED PARTNERSHIP,REAM ADULT FAMILY HOME - LLC,604 227 215,1185815,"PO BOX 257, OLYMPIA, WA, 98507-0257, UNITED STATES",True,False,False,
344,REAM FAMILY LIMITED PARTNERSHIP,REAM FAMILY LLC,601 674 757,918843,"736 S CHICAGO ST, SEATTLE, WA, 98108, UNITED STATES",False,False,False,
345,REAM FAMILY LIMITED PARTNERSHIP,SUNNY DREAM FAMILY LLC,604 285 179,1208873,"4201 S STEELE ST, TACOMA, WA, 98409-7371, UNITED STATES",False,False,False,
346,REAM FAMILY LIMITED PARTNERSHIP,SWEET DREAMS ADULT FAMILY HOME LLC,603 478 252,466957,"14914 179TH AVE SE, MONROE, WA, 98272-1111, UNITED STATES",False,False,False,
347,REAM FAMILY LIMITED PARTNERSHIP,SWEET DREAMS FAMILY HOME CHILD CARE LLC,604 888 687,1549382,"16407 116TH AVE SE, RENTON, WA, 98058-5241, UNITED STATES",False,False,False,
348,GEORGETOWN PROFESSIONAL CENTER LLC,"GEORGETOWN PROFESSIONAL CENTER, LLC",604 087 138,194111,"6735 84TH AVE SE, MERCER ISLAND, WA, 98040-5232, UNITED STATES",False,False,False,
349,650 SIW QOZB LLC,"650 SIW QOZB, LLC",604 465 314,1285412,"159 S JACKSON ST, SUITE 300, SEATTLE, WA, 98104-4435, UNITED STATES",False,False,False,
350,HIRAO OTANI ENTERPRISES LLC,HIRAO OTANI ENTERPRISES LLC,602 808 364,224278,"525 S FRONT ST, SEATTLE, WA, 98108, UNITED STATES",False,False,False,
351,FISHER FAMILY HOLDINGS LLC,FISHER FAMILY HOLDINGS LLC,602 164 115,178168,"2605 92ND AVE NE, BELLEVUE, WA, 98004, UNITED STATES",False,False,False,
352,BOYER TOWING INC,"BOYER TOWING, INC.",600 418 678,54716,"7318 4TH AVE S, SEATTLE, WA, 98108-4101, UNITED STATES",False,False,False,
353,DAE II L L C,DAE II LLC,602 826 566,135500,"601 UNION ST, SUITE 3016, SEATTLE, WA, 98101-3913, UNITED STATES",False,False,False,
354,DAE II L L C,DAE YOU II CORPORATION,603 061 957,120160,"707 STATE AVE, MARYSVILLE, WA, 98270-4536, UNITED STATES",False,False,False,
355,DAE II L L C,"QUILCEDA ESTATES II, LLC",604 309 532,1220917,"10511 19TH AVE SE STE C, EVERETT, WA, 98208-4279, UNITED STATES",False,False,False,
356,DAE II L L C,"STRIGIDAE INVESTMENTS II, LLC",604 478 805,1300633,"24206 SE 248TH ST, MAPLE VALLEY, WA, 98038-8235, UNITED STATES",False,False,False,
357,LAN FAMILY LLC,#1  ISLAND LIVING  ADULT FAMILY HOME LLC,604 029 096,523,"4916 N  VISTA DRIVE E, BONNEY LAKE, WA, 98391, UNITED STATES",False,False,False,
358,LAN FAMILY LLC,#1 HELANA'S ADULT FAMILY HOMES LLC,604 274 737,1200223,"16522 58TH PL W, LYNNWOOD, WA, 98037-8305, UNITED STATES",False,False,False,
359,LAN FAMILY LLC,1997 BLANUSA FAMILY LIMITED PARTNERSHIP,601 836 060,58904,,True,False,False,
360,LAN FAMILY LLC,1999 GILLILAND FAMILY LIMITED PARTNERSHIP,601 971 329,58912,"701 9TH PL, MUKILTEO, WA, 98275, UNITED STATES",False,False,False,
361,LAN FAMILY LLC,2002 OPLAND FAMILY LIMITED PARTNERSHIP,602 209 190,61930,"19519 76TH AVE SE, SNOHOMISH, WA, 98296, UNITED STATES",False,False,False,
362,LAN FAMILY LLC,"2015 HOLLAND FAMILY, L.L.C.",603 515 844,2732,"2806 HARBORVIEW DR, APT B, GIG HARBOR, WA, 98335-1902, UNITED STATES",False,False,False,
363,LAN FAMILY LLC,"2021 MACMILLAN FAMILY, L.L.C.",604 839 929,1513226,"411 12TH AVE N, EDMONDS, WA, 98020-2931, UNITED STATES",False,False,False,
364,LAN FAMILY LLC,6725 KIRKLAND ALLIANCE MULTIFAMILY INVESTMENTS LLC,604 113 345,372768,"10210 NE 8TH ST STE 200, BELLEVUE, WA, 98004-4218, UNITED STATES",False,False,False,
365,LAN FAMILY LLC,"AIMEE FILAN ANDERSON FAMILY, LLC",604 461 939,1287584,"223 N MAIN ST, COLFAX, WA, 99111-1816, UNITED STATES",False,False,False,
366,LAN FAMILY LLC,"AIRSHIP KIRKLAND FAMILY, LP",604 734 933,1443506,"12226 134TH CT NE, REDMOND, WA, 98052-2429, UNITED STATES",False,False,False,
367,LAN FAMILY LLC,ALAN & KAYE HALE FAMILY LIMITED PARTNERSHIP,601 649 470,19793,"3802 E 26TH AVE, SPOKANE, WA, 99223-5616, UNITED STATES",False,False,False,
368,LAN FAMILY LLC,"ALAN JOHNSON FAMILY, LLC",601 920 798,25514,,True,False,False,
369,LAN FAMILY LLC,ALAN L. BARER LLC,601 994 969,972065,"2562 midvale ave, LOS ANGELES, CA, 90064-3229, UNITED STATES",False,False,False,
370,LAN FAMILY LLC,"ALAN WITTE FAMILY PROPERTY, LLC",602 833 099,533609,"1651 ROCK ISLAND ROAD, EAST WENATCHEE, WA, 98802, UNITED STATES",False,False,False,
371,LAN FAMILY LLC,"ALOHILANI ADULT FAMILY HOME CARE, LLC",605 013 481,1632142,"342 DUTERROW RD SE, OLYMPIA, WA, 98513-6857, UNITED STATES",False,False,False,
372,LAN FAMILY LLC,ANDERSON ISLAND FAMILY LIMITED PARTNERSHIP,601 756 973,548987,,True,False,False,
373,LAN FAMILY LLC,BALANCED FAMILY CHIROPRACTIC LLC,604 659 154,1395856,"20120 76TH AVE W, EDMONDS, WA, 98026, UNITED STATES",False,False,False,
374,LAN FAMILY LLC,"BENCHMARK LAND COMPANY - SYLVAN VILLAGE MULTIFAMILY, L.L.C.",601 779 812,576943,,True,False,False,
375,LAN FAMILY LLC,BILAN FAMILY CHILDCARE LLC,604 795 198,1487859,"9837 9TH AVE SW UNIT 101, SEATTLE, WA, 98106-2994, UNITED STATES",False,False,False,
376,LAN FAMILY LLC,BIRKELAND FAMILY L.L.C. I,601 705 792,579083,,True,False,False,
377,LAN FAMILY LLC,BIRKELAND FAMILY L.L.C. II,601 705 789,577204,,True,False,False,
378,LAN FAMILY LLC,BIRKELAND FAMILY L.L.C. IV,601 705 786,57596,,True,False,False,
379,LAN FAMILY LLC,BIRKELAND FAMILY LIMITED LIABILITY COMPANY III,601 685 491,48956,,True,False,False,
380,LAN FAMILY LLC,BIRKELAND FAMILY LLC V,602 001 758,587964,,True,False,False,
381,LAN FAMILY LLC,BIRKLAND FAMILY INC.,602 967 890,66763,"7312 S PALOUSE HWY, SPOKANE, WA, 99223, UNITED STATES",False,False,False,
382,MVI 7TH AVENUE LLC,"MVI 7TH AVENUE, LLC",602 560 412,858030,"1200 WESTLAKE AVE N STE 310, SEATTLE, WA, 98109-3528, UNITED STATES",False,False,False,
383,5901 FOURTH LLC,5901 FOURTH LLC,602 675 692,8233,"3404 4TH AVE S, SEATTLE, WA, 98134-1905, UNITED STATES",False,False,False,
384,BURKHEIMER FAMILY L L C,BURKHEIMER FAMILY LIMITED LIABILITY COMPANY,601 758 766,76979,"962 HUNTER RD, ELLENSBURG, WA, 98926-8074, UNITED STATES",False,False,False,
385,RAINIER HOSPITALITY LLC,RAINIER HOSPITALITY LLC,601 983 093,925253,"3926 AURORA AVE N, SEATTLE, WA, 98103-7802, UNITED STATES",False,False,False,
386,RAINIER HOSPITALITY LLC,RAINIER HOSPITALITY SERVICES LLC,603 576 635,957663,"28116 10TH AVE S, DES MOINES, WA, 98198-9819, UNITED STATES",False,False,False,
387,SEQUIM LODGING CORPORATION,SEQUIM LODGING CORPORATION,601 532 196,425191,"226 7TH AVE N, SEATTLE, WA, 98109-5007, UNITED STATES",False,False,False,
388,PFHC-601 ROY LLC,"PFHC-601 ROY, LLC",602 907 574,933453,"11010 NE 8TH ST STE 465, BELLEVUE, WA, 98004-4408, UNITED STATES",False,False,False,
389,APPLE NINE SEATTLE FEE OWNER INC,"APPLE NINE SEATTLE FEE OWNER, INC.",604 763 806,1460630,"814 E MAIN ST, RICHMOND, VA, 23219-3306, UNITED STATES",False,False,False,
390,425 QUEEN ANNE LLC,"425 QUEEN ANNE, L.P. DBA MEDITERRANEAN INN",602 016 865,9287,,False,False,False,
391,425 QUEEN ANNE LLC,"425 QUEEN ANNE, LLC",602 049 405,6417,"425 QUEEN ANNE AVE N, SEATTLE, WA, 98109-4517, UNITED STATES",False,False,False,
392,HARBORVIEW INVESTMENT LTD,"HARBORVIEW INVESTMENT, LTD.",601 408 626,730535,"2829 RUCKER AVE STE 100, EVERETT, WA, 98201-3456, UNITED STATES",False,False,False,
393,224 WAN LLC,"224 WAN, LLC",603 028 998,77237,"224 WESTLAKE AVE N, SUITE 500, SEATTLE, WA, 98109-5261, UNITED STATES",False,False,False,
394,TEMPERATE PARADISE PROPERTIES LLC,"TEMPERATE PARADISE PROPERTIES, LLC",602 159 566,1058835,"1800 WESTLAKE AVE N STE 305, SEATTLE, WA, 98109-2782, UNITED STATES",False,False,False,
395,PONTE GADEA KIARA LLC,"PONTE GADEA KIARA, LLC",604 995 584,1618857,"200 S BISCAYNE BLVD STE 3250, MIAMI, FL, 33131-2310, UNITED STATES",False,False,False,
396,1145 REPUBLICAN ST WA OWNER LLC,1145 REPUBLICAN ST (WA) OWNER LLC,604 786 509,1475477,"233 S WACKER DR STE 4700, CHICAGO, IL, 60606-6332, UNITED STATES",False,False,False,
397,CSH QUEEN ANNE LLC,"CSH QUEEN ANNE LESSEE, LLC",603 575 874,635958,"1275 PENNSYLVANIA AVE. NW, SECOND FLOOR, WASHINGTON, DC, 20004, UNITED STATES",False,False,False,
398,CSH QUEEN ANNE LLC,"CSH QUEEN ANNE LESSEE, LLC",603 568 612,128223,"100 CROCKETT ST, SEATTLE, WA, 98109, UNITED STATES",True,False,False,
399,CSH QUEEN ANNE LLC,"CSH QUEEN ANNE, LLC",603 566 205,128224,"100 CROCKETT ST, SEATTLE, WA, 98109, UNITED STATES",True,False,False,
400,CSH QUEEN ANNE LLC,"CSH QUEEN ANNE, LLC",603 575 878,150485,"1275 PENNSYLVANIA AVE. NW, FLOOR 2, WASHINGTON, DC, 20004, UNITED STATES",False,False,False,
401,PARK CSH LLC,"THE PARK CSH, LLC",604 057 661,1004772,"1200 WESTLAKE AVE  N STE 504, SEATTLE, WA, 98109, UNITED STATES",False,False,False,
402,GREENWICH APTS LLC,GREENWICH APTS. L.L.C.,602 556 508,217189,"5830 NE ARROWHEAD DR, BOTHELL, WA, 98028, UNITED STATES",False,False,False,
403,GALER CREST APARTMENTS LLC,GALER CREST APARTMENTS LLC,604 832 407,1505623,"801 2ND AVE STE 700, SEATTLE, WA, 98104-1573, UNITED STATES",False,False,False,
404,419 QUEEN ANNE AVENUE LLC,419 QUEEN ANNE AVENUE LLC,604 429 127,1277029,"1000 2ND AVE STE 1800, SEATTLE, WA, 98104-3619, UNITED STATES",False,False,False,
405,KUMA INVESTMENTS LLC,KUMA INVESTMENTS LLC,603 314 426,816872,"9424 VINEYARD CRST, BELLEVUE, WA, 98004-4026, UNITED STATES",False,False,False,
406,KUMA INVESTMENTS LLC,"KUMAR INVESTMENT, LLC",603 587 735,268661,"1001 4TH AVE #3200, SEATTLE, WA, 98154, UNITED STATES",False,False,False,
407,KUMA INVESTMENTS LLC,KUMAR INVESTMENTS LLC,604 746 042,1452154,"3495 NE ALOCLEK DR, HILLSBORO, OR, 97124-8205, UNITED STATES",False,False,False,
408,KUMA INVESTMENTS LLC,"KUMASAKA INVESTMENTS, L.L.C.",602 024 742,816873,"671 S JACKSON ST STE 201, SEATTLE, WA, 98104, UNITED STATES",False,False,False,
409,KUMA INVESTMENTS LLC,KUMAU INVESTMENTS LLC,603 208 466,283747,"820 A STREET, SUITE 600, TACOMA, WA, 98372, UNITED STATES",False,False,False,
410,MGRE 105 MERCER LLC,"MGRE 105 MERCER, LLC",604 543 183,1324278,"105 MERCER ST, SEATTLE, WA, 98109, UNITED STATES",False,False,False,
411,2145 DEXTER AVE N LLC,2145 DEXTER AVE N LLC,602 589 022,61440,"18605 17TH AVE NW, SHORELINE, WA, 98177-3316, UNITED STATES",False,False,False,
412,CASA MILANO LLC,"CASA MILANO, LLC",602 538 256,605517,"415 1ST AVE N STE 200, SEATTLE, WA, 98109-4765, UNITED STATES",False,False,False,
413,HENDRIX 419 LLC,HENDRIX 419 LLC,604 186 921,221445,"720 SENECA ST STE B, SEATTLE, WA, 98101-3265, UNITED STATES",False,False,False,
414,CITY PLACE IV L L C,CITY PLACE IV LLC,602 012 566,132422,,False,False,False,
415,JENSEN BLOCK APARTMENTS LLC,JENSEN BLOCK APARTMENTS LLC,603 250 176,291293,"1253 S JACKSON ST STE A, SEATTLE, WA, 98144-3075, UNITED STATES",False,False,False,
416,BLUEPRINT VAL ANNE LLC,"BLUEPRINT VAL ANNE, LLC",604 087 985,1100466,"4147 CALIFORNIA AVE SW, SEATTLE, WA, 98116, UNITED STATES",False,False,False,
417,900 QUEEN ANNE LLC,"900 QUEEN ANNE, L.L.C.",602 134 026,11430,"2825 EASTLAKE AVE E, SUITE 250, SEATTLE, WA, 98102-3013, UNITED STATES",False,False,False,
418,MONTANITA ASSOCIATES L L C,"MONTANITA ASSOCIATES, L.L.C.",601 642 842,846695,"200 1ST AVE W STE 520, SEATTLE, WA, 98119-4219, UNITED STATES",False,False,False,
419,EDGECLIFF PARTNERS L L C,EDGECLIFF PARTNERS LLC,603 339 849,677863,"929 QUEEN ANNE AVE N, SEATTLE, WA, 98109-5616, UNITED STATES",False,False,False,
420,SI XIX LLC,"HEITMAN CREDIT ACQUISITION XIX, LLC",604 538 604,1322849,"191 N WACKER DR STE 2500, CHICAGO, IL, 60606-1885, UNITED STATES",False,False,False,
421,SI XIX LLC,"SI XIX, LLC",602 784 041,970190,"599 CASTRO ST STE 400, MOUNTAIN VIEW, CA, 94041-3009, UNITED STATES",False,False,False,
422,GI TC SEATTLE LLC,GI TC SEATTLE LLC,604 050 575,714637,"6720 N SCOTTSDALE RD, SUITE 350, SCOTTSDALE, AZ, 85253, UNITED STATES",False,False,False,
423,GI TC SEATTLE LLC,GI TC SEATTLE SERVICES LLC,604 056 308,205108,"6720 N SCOTTSDALE RD, SUITE 350, SCOTTSDALE, AZ, 85253-4456, UNITED STATES",False,False,False,
424,GI TC SEATTLE LLC,TLINGIT CULTURAL FOUNDATION OF SEATTLE,603 061 834,308712,"13751 91ST PL NE, KIRKLAND, WA, 98034, UNITED STATES",False,False,False,
425,HP HOTEL LLC,HP HOTEL LLC,603 258 032,1121304,"14205 SE 36TH ST STE 143, BELLEVUE, WA, 98006-1596, UNITED STATES",False,False,False,
426,HP HOTEL LLC,"HPF HOTEL PARTNERS, LLC",602 448 606,154593,"1000 2ND AVE STE 3700, SEATTLE, WA, 98104, UNITED STATES",False,False,False,
427,HP HOTEL LLC,"SOUTHPORT HOTEL EB-5 II, LP",603 490 303,963854,"1083 LK WASHINGTON BVLD N, STE 50, RENTON, WA, 98056, UNITED STATES",False,False,False,
428,HP HOTEL LLC,"SOUTHPORT HOTEL EB-5, LP",603 310 279,449393,"1133 LAKE WASHINGTON BLVD N STE 90, RENTON, WA, 98056-6489, UNITED STATES",False,False,False,
429,HP HOTEL LLC,SOUTHPORT ONE HOTEL LLC,602 977 036,438503,"1083 LK WASHINGTON BLVD N, # 50, RENTON, WA, 98056, UNITED STATES",False,False,False,
430,HP HOTEL LLC,WH PEARL HOTEL LLC,604 502 420,1307173,"600 UNIVERSITY ST STE 2820, SEATTLE, WA, 98101-1184, UNITED STATES",False,False,False,
431,1725 WESTLAKE INVESTMENTS LLC,1725 WESTLAKE INVESTMENTS LLC,604 140 367,44370,"1725 WESTLAKE AVE N, STE 200, SEATTLE, WA, 98109-3070, UNITED STATES",False,False,False,
432,UNION INVESTMENT REAL ESTATE GMBH,"UNION INVESTMENT REAL ESTATE GMBH DBA UNION INVESTMENT REAL ESTATE GMBH, LLC",604 243 870,1305134,"1007 STEWART ST, SEATTLE, WA, 98101-1547, UNITED STATES",False,False,False,
433,CR DEXTER STATION LLC,CR DEXTER STATION LLC,604 110 769,644778,"1500 BROADWAY STE 1902, NEW YORK, NY, 10036-4052, UNITED STATES",False,False,False,
434,USQ PHASE EIGHT LLC,"USQ PHASE EIGHT, LLC",604 553 400,1328430,"235 WHITEHORSE LN, KENNETT SQUARE, PA, 19348-2497, UNITED STATES",False,False,False,
435,BRE BMR 1101 WESTLAKE LLC,BRE-BMR 1101 WESTLAKE LLC,604 900 062,1552532,"4570 EXECUTIVE DR STE 400, SAN DIEGO, CA, 92121-3074, UNITED STATES",False,False,False,
436,400 FAIRVIEW AVE LLC,400 FAIRVIEW AVENUE LLC,604 307 133,1219080,"245 SUMMER ST # V4C, BOSTON, MA, 02210-1133, UNITED STATES",False,False,False,
437,ARE SEATTLE NO 45 OWNER LLC,"ARE-SEATTLE NO. 45 OWNER, LLC",604 779 658,1474058,"26 N EUCLID AVE, PASADENA, CA, 91101-1961, UNITED STATES",False,False,False,
438,RECREATIONAL EQUIPMENT INC,"RECREATIONAL EQUIPMENT STORAGE, LLC",604 771 921,1466283,"1555 DOWN RIVER DR, WOODLAND, WA, 98674-9513, UNITED STATES",False,False,False,
439,RECREATIONAL EQUIPMENT INC,"RECREATIONAL EQUIPMENT, INC.",578 027 004,399276,"1700 45TH ST E STE 101, SUMNER, WA, 98390-2217, UNITED STATES",False,False,False,
440,KR 401 TERRY L L C,"KR 401 TERRY, LLC",603 381 486,267391,"12200 W OLYMPIC BLVD #200, LOS ANGELES, CA, 90064, UNITED STATES",False,False,False,
441,CITY INVESTORS XII L L C,CITY INVESTORS XII L.L.C.,601 952 992,622675,"505 5TH AVE S STE 900, SEATTLE, WA, 98104-3821, UNITED STATES",True,False,False,
442,CITY INVESTORS XII L L C,CITY INVESTORS XIII L.L.C.,601 956 101,132283,,False,False,False,
443,CITY INVESTORS XII L L C,CITY INVESTORS XXII L.L.C.,602 012 568,1104919,"505 5TH AVE S STE 900, SEATTLE, WA, 98104-3821, UNITED STATES",True,False,False,
444,CITY INVESTORS XII L L C,CITY INVESTORS XXIII L.L.C.,602 520 072,99191,"505 5TH AVE S STE 900, SEATTLE, WA, 98104, UNITED STATES",False,False,False,
445,1001 FAIRVIEW LLC,1001 FAIRVIEW LLC,603 252 142,1054,"1329 N NORTHLAKE WAY, SEATTLE, WA, 98103, UNITED STATES",False,False,False,
446,CHINA SUN INC,"CHINA CAT SUNFLOWER, L.L.C.",602 181 285,102673,,False,False,False,
447,CHINA SUN INC,CHINA SUN BUFFET INC,604 521 466,1319512,"4331 BETHEL RD SE, PORT ORCHARD, WA, 98366-1256, UNITED STATES",True,False,False,
448,CHINA SUN INC,CHINA SUN BUFFET INC,604 923 920,1563200,"4331 BETHEL RD SE, PORT ORCHARD, WA, 98366-1256, UNITED STATES",True,False,False,
449,CHINA SUN INC,CHINA SUN FOOT MASSAGE LLC,603 165 798,610421,"7903 W GRAND RIDGE BLVD STE#L, KENNEWICK, WA, 98336, UNITED STATES",False,False,False,
450,CHINA SUN INC,CHINA SUN INC. DBA CANAAN BUFFET,603 221 521,610067,"12815 S FAIRWAY RIDGE LN, SPOKANE, WA, 99224-8416, UNITED STATES",False,False,False,
451,CHINA SUN INC,"CHINA SUN, INC.",601 551 817,1104514,"5809 153RD PL SW, EDMONDS, WA, 98026-4242, UNITED STATES",False,False,False,
452,CHINA SUN INC,NEW CHINA SUN BUFFET INC,603 593 176,364919,"4331 BETHEL RD SE, PORT ORCHARD, WA, 98366, UNITED STATES",False,False,False,
453,CHINA SUN INC,NEW CHINA SUN INC,602 901 064,865280,"6205 GRANDRIDGE DR, PORT ORCHARD, WA, 98367, UNITED STATES",False,False,False,
