Unnamed: 0,SearchTerm,BusinessName,UBINumber,BusinessId,Address,Status,address_match,ubi_match,id_match,isMatch
0,KAR STANDARD LLC,KAR STANDARD LLC,604 145 518,763141,"1 FEDERAL ST FL 17, BOSTON, MA, 02110-2003, UNITED STATES",Active,False,False,False,1.0
1,300 FIFTH AVENUE LLC,300 FIFTH AVENUE LLC,604 670 512,1399595,"1000 2ND AVE STE 1800, SEATTLE, WA, 98104-3619, UNITED STATES",Active,False,False,False,1.0
2,MSI - 1ST & KING LLC,MSI - 1ST & KING LLC,602 739 680,880019,"316 OCCIDENTAL AVE S, STE 300, SEATTLE, WA, 98104-4421, UNITED STATES",Active,False,False,False,1.0
3,BRICKMAN PACIFIC LLC,BRICKMAN PACIFIC LLC,603 445 367,74763,"C/O BRICKMAN, ONCE GREENWICH OFFICE PARK, BUILDING 1N, SUITE 175, GREENWICH, CT, 06831, UNITED STATES",Active,False,False,False,1.0
4,BPP 800 FIFTH PROPERTY OWNER LLC,BPP 800 FIFTH PROPERTY OWNER LLC,604 371 982,1248153,"233 S WACKER DR, SUITE 4700, CHICAGO, IL, 60606-6332, UNITED STATES",Active,False,False,False,1.0
5,SEATTLE DOWNTOWN HOTEL & RESIDENCES LLC,SEATTLE DOWNTOWN HOTEL & RESIDENCES LLC,603 340 323,1001050,"433 CALIFORNIA ST, STE 700, SAN FRANCISCO, CA, 94104-2011, UNITED STATES",Active,False,False,False,1.0
6,POLSON HOLDINGS LLC,POLSON HOLDINGS LLC,603 591 729,909243,"2101 FOURTH AVENUE, SUITE 310, SEATTLE, WA, 98121, UNITED STATES",Active,False,False,False,1.0
7,UNICO BOP COLMAN BUILDING LLC,UNICO BOP COLMAN BUILDING LLC,604 412 880,1268800,"1326 5TH AVE, SUITE 800, SEATTLE, WA, 98101-2627, UNITED STATES",Active,False,False,False,1.0
8,REEDO LP,REEDO LP,603 010 792,255022,"12886 INTERURBAN AVE S, SEATTLE, WA, 98168, UNITED STATES",Active,False,False,False,1.0
9,RFA MASIN BLOCK LLC,RFA MASIN BLOCK LLC,604 773 676,1472467,"55 2ND ST STE 1900, SAN FRANCISCO, CA, 94105-3497, UNITED STATES",Active,False,False,False,1.0
10,TATNUCK VENTURES LLC,TATNUCK VENTURES LLC,602 628 574,472081,"2360 CORPORATE CIR STE 330, LAS VEGAS, NV, 89074, UNITED STATES",Active,False,False,False,1.0
11,SREH 2014 LLC,SREH 2014 LLC,603 391 691,1017673,"1000 2ND AVE STE 1800, SEATTLE, WA, 98104-3619, UNITED STATES",Active,False,False,False,1.0
12,GO-BRICKMAN CENTRAL OWNER LLC,GO-BRICKMAN CENTRAL OWNER LLC,604 300 012,1211955,"C/O BRICKMAN, ONCE GREENWICH OFFICE PARK, BUILDING 1N, SUITE 175, GREENWICH, CT, 06831, UNITED STATES",Active,False,False,False,1.0
13,VBGO 901 FIFTH SEA LLC,VBGO 901 FIFTH SEA LLC,604 418 295,1290530,"277 E TOWN ST, COLUMBUS, OH, 43215-4627, UNITED STATES",Active,False,False,False,1.0
14,SAFECO PLAZA LLC,SAFECO PLAZA LLC,604 780 283,1476042,"800 BOYLSTON ST STE 1900, BOSTON, MA, 02199-8101, UNITED STATES",Active,True,False,False,1.0
15,BPP 999 THIRD AVENUE OWNER LLC,BPP 999 THIRD AVENUE OWNER LLC,604 467 183,1288971,"233 S WACKER DR STE 4700, CHICAGO, IL, 60606-6374, UNITED STATES",Active,False,False,False,1.0
16,HINES NORTON SEATTLE LLC,HINES NORTON SEATTLE LLC,604 816 375,1498693,"845 TEXAS AVENUE SUITE 3300, HOUSTON, TX, 77002, UNITED STATES",Active,False,False,False,1.0
17,PIONEER BUILDING LEVEL OFFICE LLC,PIONEER BUILDING LEVEL OFFICE LLC,603 532 620,890019,"600 1ST AVE, SEATTLE, WA, 98104-2216, UNITED STATES",Active,False,False,False,1.0
18,GO-BRICKMAN BRODERICK OWNER LLC,GO-BRICKMAN BRODERICK OWNER LLC,604 336 373,1232326,"C/O BRICKMAN, ONCE GREENWICH OFFICE PARK,, BUILDING 1N, SUITE 175, GREENWICH, CT, 06831, UNITED STATES",Active,False,False,False,1.0
19,UNICO BOP WASHINGTON PARK LLC,UNICO BOP WASHINGTON PARK LLC,604 431 986,1274714,"1215 4TH AVENUE, SUITE 600, SEATTLE, WA, 98161, UNITED STATES",Active,False,False,False,1.0
20,WLAM PROPERTY ASSOCIATION,WLAM PROPERTY ASSOCIATION,602 622 734,1053842,"719 S KING ST, SEATTLE, WA, 98104-3035, UNITED STATES",Active,True,False,False,1.0
21,UV 316 ALASKAN LLC,UV 316 ALASKAN LLC,604 006 184,1072571,"701 5TH AVE STE 6400, SEATTLE, WA, 98104-7100, UNITED STATES",Active,False,False,False,1.0
22,REDCO OCCIDENTAL 547 OWNER LLC,REDCO OCCIDENTAL 547 OWNER LLC,604 455 119,1282940,,,False,True,True,1.0
23,AMERICAN HOTEL BUILDING LLC,AMERICAN HOTEL BUILDING LLC,602 840 118,539763,"520 S KING ST, SEATTLE, WA, 98104-2834, UNITED STATES",Active,False,False,False,1.0
24,HPT IHG-2 PROPERTIES TRUST,HPT IHG-2 PROPERTIES TRUST,603 181 390,740606,"255 WASHINGTON ST, TWO NEWTON PLACE, SUITE 300, NEWTON, MA, 02458-1634, UNITED STATES",Active,False,False,False,1.0
25,ARCTIC CLUB HOTEL LLC,ARCTIC CLUB HOTEL LLC,602 440 867,554813,"108 N WASHINGTON ST STE 603, SPOKANE, WA, 99201-5001, UNITED STATES",Administratively Dissolved,False,False,False,1.0
26,MADISON HOTEL LLC,MADISON HOTEL LLC,601 816 426,802731,"1700 7TH AVE STE 2300, SEATTLE, WA, 98101-1387, UNITED STATES",Active,False,False,False,1.0
27,SCD 2U LLC,SCD 2U LLC,603 490 488,965330,"389 INTERPACE PKWY, 5TH FLOOR, PARSIPPANY, NJ, 07054-1132, UNITED STATES",Active,False,False,False,1.0
28,PUBLIC STORAGE,PUBLIC STORAGE,602 740 958,392901,"701 WESTERN AVE, SUITE 200, GLENDALE, CA, 91201-2349, UNITED STATES",Active,False,False,False,1.0
29,POST ALLEY COURT APARTMENTS NW LLC,POST ALLEY COURT APARTMENTS NW LLC,602 313 631,885421,"7820 SW WILLOWMERE DR, PORTLAND, OR, 97225-1251, UNITED STATES",Active,False,False,False,1.0
30,PLYMOUTH HOUSING GROUP,PLYMOUTH HOUSING GROUP,600 471 736,379461,"2113 3RD AVE, SEATTLE, WA, 98121-2321, UNITED STATES",Active,False,False,False,1.0
31,DOWNTOWN EMERGENCY SERVICE CENTER,DOWNTOWN EMERGENCY SERVICE CENTER,601 142 394,155236,"515 3RD AVE, SEATTLE, WA, 98104-2304, UNITED STATES",Active,False,False,False,1.0
32,SMRE MARKETSIDE LLC,SMRE MARKETSIDE LLC,603 220 361,432541,"411 W PUTNAM AVE, STE 450, GREENWICH, CT, 06830-6290, UNITED STATES",Active,False,False,False,1.0
33,PR 1430 SECOND LLC,PR 1430 SECOND LLC,604 855 791,1526069,"655 BROAD STREET, 14TH FLOOR, NEWARK, NJ, 07102, UNITED STATES",Active,False,False,False,1.0
34,VIKTORIA SEATTLE LLC,VIKTORIA SEATTLE LLC,603 505 061,1037283,"10100 SANTA MONICA BOUELVARD SUITE 420, LOS ANGELES, CA, 90067, UNITED STATES",Active,False,False,False,1.0
35,SIXTH & PINE BUILDING LLC,SIXTH & PINE BUILDING LLC,602 815 703,430337,"217 PINE ST, #500, SEATTLE, WA, 98101-1590, UNITED STATES",Active,False,False,False,1.0
36,T-C ASPIRA LLC,T-C ASPIRA LLC,603 251 720,1050256,"730 3RD AVE, MS: 730/12/02, NEW YORK, NY, 10017, UNITED STATES",Active,False,False,False,1.0
37,1942 WESTLAKE LP,1942 WESTLAKE LP,604 488 643,1299203,"10900 NE 4TH ST STE 1440, BELLEVUE, WA, 98004-5873, UNITED STATES",Active,True,False,False,1.0
38,1200 HOWELL STREET LLC,1200 HOWELL STREET LLC,603 485 893,59014,"1924 1ST AVE STE 300, SEATTLE, WA, 98101-4802, UNITED STATES",Active,False,False,False,1.0
39,WASHINGTON STATE CONVENTION CENTER,WASHINGTON STATE CONVENTION CENTER,601 074 722,1075657,"800 CONVENTION PLACE, 5TH FLOOR, SEATTLE, WA, 98101, UNITED STATES",Administratively Dissolved,False,False,False,1.0
40,TARGET CORPORATION,TARGET CORPORATION,601 007 793,294338,"1000 NICOLLET MALL, MINNEAPOLIS, MN, 55403-2542, UNITED STATES",Active,True,False,False,1.0
41,FANA DOYLE LLC,FANA DOYLE LLC,603 228 327,173583,"10655 NE 4TH ST STE 700, BELLEVUE, WA, 98004-5039, UNITED STATES",Active,False,False,False,1.0
42,4&U COMMERCIAL LLC,4&U COMMERCIAL LLC,604 924 093,1570750,"1505 5TH AVE STE 600, SEATTLE, WA, 98101-1678, UNITED STATES",Active,False,False,False,1.0
43,4TH AVENUE BLDG LLC,4TH AVENUE BLDG LLC,604 065 660,95496,"11221 PACIFIC HWY SW, LAKEWOOD, WA, 98499-5170, UNITED STATES",Active,False,False,False,1.0
44,4TH AVENUE BLDG LLC,4TH AVENUE BLDG LLC,602 253 701,95495,,Administratively Dissolved,False,False,False,1.0
45,VIRGINIA STREET JOINT VENTURE LLC,VIRGINIA STREET JOINT VENTURE LLC,604 063 765,1082783,"2107 ELLIOTT AVE STE 303, SEATTLE, WA, 98121-2159, UNITED STATES",Active,False,False,False,1.0
46,1415 WESTERN LLC,1415 WESTERN LLC,603 397 806,762885,"4616 25TH AVE NE, #773, SEATTLE, WA, 98105-4183, UNITED STATES",Active,False,False,False,1.0
47,SEATTLE CHILDREN'S HOSPITAL,SEATTLE CHILDREN'S HOSPITAL,178 019 356,961369,"4800 SAND POINT WAY NE, SEATTLE, WA, 98105-3901, UNITED STATES",Active,True,False,False,1.0
48,TILT49 OFFICE DEVELOPERS LLC,TILT49 OFFICE DEVELOPERS LLC,603 497 884,509627,"1425 4TH AVE STE 200, SEATTLE, WA, 98101-2274, UNITED STATES",Withdrawn,False,False,False,1.0
49,WESTERN OFFICE PORTFOLIO PROPERTY OWNER LLC,WESTERN OFFICE PORTFOLIO PROPERTY OWNER LLC,604 370 949,1250815,"1215 4TH AVE STE 600, SEATTLE, WA, 98161-1084, UNITED STATES",Active,False,False,False,1.0
50,URG PARK PLACE LLC,URG PARK PLACE LLC,604 527 666,1315026,"1425 4TH AVE STE 500, SEATTLE, WA, 98101-2264, UNITED STATES",Active,False,False,False,1.0
51,UNION SQUARE LIMITED LIABILITY COMPANY,UNION SQUARE LIMITED LIABILITY COMPANY,602 265 343,499278,"600 UNIVERSITY ST STE 2820, SEATTLE, WA, 98101-1184, UNITED STATES",Active,True,False,False,1.0
52,MSI POLL LLC,MSI POLL LLC,604 337 852,1234917,"316 OCCIDENTAL AVE S STE 300, SEATTLE, WA, 98104-4421, UNITED STATES",Active,False,False,False,1.0
53,PIKE STREET INVESTORS LLC,PIKE STREET INVESTORS LLC,602 325 768,376733,"10 STATE HOUSE SQ FL 15, HARTFORD, CT, 06103-3600, UNITED STATES",Active,False,False,False,1.0
54,BRICKMAN VANCE OWNER LLC,BRICKMAN VANCE OWNER LLC,604 189 238,574381,"399 PARK AVE, 18TH FLOOR, NEW YORK, NY, 10022, UNITED STATES",Active,False,False,False,1.0
55,GO-BRICKMAN MIKEN OWNER LLC,GO-BRICKMAN MIKEN OWNER LLC,604 336 381,1232340,"C/O BRICKMAN, ONCE GREENWICH OFFICE PARK, BUILDING 1N, SUITE 175, GREENWICH, CT, 06831, UNITED STATES",Active,False,False,False,1.0
56,JGB LLC,JGB LLC,602 743 791,793478,"1425 4TH AVE # 420, SEATTLE, WA, 98101, UNITED STATES",Active,False,False,False,1.0
57,LBA REALTY LLC,LBA REALTY LLC,602 610 453,788372,"3347 MICHELSON DR STE 200, IRVINE, CA, 92612-0687, UNITED STATES",Active,True,False,False,1.0
58,LCF DECATUR LLC,LCF DECATUR LLC,602 604 949,293211,"3100 80TH AVE NE, HUNTS POINT, WA, 98004-1012, UNITED STATES",Active,False,False,False,1.0
59,LOGAN BUILDING LLC,LOGAN BUILDING LLC,603 259 948,838793,"1215 4TH AVENUE, SUITE 600, SEATTLE, WA, 98161, UNITED STATES",Active,False,False,False,1.0
60,BCAL MET PARK PROPERTY LLC,BCAL MET PARK PROPERTY LLC,604 316 300,1221990,"200 STATE STREET 5TH FLOOR, BOSTON, MA, 02109, UNITED STATES",Active,False,False,False,1.0
61,1800 NINTH ACQUISITION LLC,1800 NINTH ACQUISITION LLC,604 533 218,1322949,"383 MADISON AVE, NEW YORK, NY, 10017-3217, UNITED STATES",Active,False,False,False,1.0
62,BGO PLAZA 600 JV LLC,BGO PLAZA 600 JV LLC,604 537 878,1328392,"1425 4TH AVE STE 200, C/O URG PLAZA 600 INVESTORS LLC,, SEATTLE, WA, 98101, UNITED STATES",Active,False,False,False,1.0
63,TIMES SQUARE BUILDING LLC,TIMES SQUARE BUILDING LLC,601 893 912,1011985,"1809 7TH AVE STE 300, SEATTLE, WA, 98101-1341, UNITED STATES",Active,True,False,False,1.0
64,TOWER BUILDING LLC,TOWER BUILDING LLC,601 893 911,1062467,"1809 7TH AVE STE 300, SEATTLE, WA, 98101-1341, UNITED STATES",Active,True,False,False,1.0
65,FIFTH & PINE LLC,FIFTH & PINE LLC,602 452 775,176055,"2001 ROSS AVENUE, SUITE 3400, DALLAS, TX, 75201, UNITED STATES",Active,False,False,False,1.0
66,1821 BOREN AVENUE LLC,1821 BOREN AVENUE LLC,604 097 725,2130,"925 4TH AVE STE 3900, SEATTLE, WA, 98104-1113, UNITED STATES",Active,False,False,False,1.0
67,1915 SECOND AVENUE LLC,1915 SECOND AVENUE LLC,603 176 132,3642,"2801 ALASKAN WAY, SEATTLE, WA, 98121-1134, UNITED STATES",Withdrawn,False,False,False,1.0
68,ROOSEVELT HOTEL OWNER LLC,ROOSEVELT HOTEL OWNER LLC,603 440 553,952440,"1531 SEVENTH AVE, SEATTLE, WA, 98101, UNITED STATES",Active,False,False,False,1.0
69,101 PINE STREET LLC,101 PINE STREET LLC,604 101 710,1332,,,False,True,True,1.0
70,RUNNING REBELS OWNER LLC,RUNNING REBELS OWNER LLC,603 099 961,436138,"4747 BETHESDA AVENUE, SUITE 1100, BETHESDA, MD, 20814, UNITED STATES",Delinquent,False,False,False,1.0
71,101 DENNY LLC,101 DENNY LLC,603 370 372,3148,"506 2ND AVE, SUITE 1020, SEATTLE, WA, 98104-2328, UNITED STATES",Active,False,False,False,1.0
72,MIDTOWN21 LLC,MIDTOWN21 LLC,604 129 091,318280,"925 4TH AVE STE 3900, SEATTLE, WA, 98104-1113, UNITED STATES",Active,False,False,False,1.0
73,ACORN DEVELOPMENT LLC,ACORN DEVELOPMENT LLC,603 183 512,1093666,"410 TERRY AVENUE  NORTH, SEATTLE, WA, 98103, UNITED STATES",Active,False,False,False,1.0
0,SEATTLE INDIAN HEALTH BOARD,SEATTLE INDIAN HEALTH BOARD,600 440 936,962119,"611 12TH AVE S, SEATTLE, WA, 98144-2007, UNITED STATES",Active,False,False,False,
1,MSI PROVIDENT LLC,MSI PROVIDENT LLC,602 029 841,330835,"316 OCCIDENTAL AVE S, SUITE 300, SEATTLE, WA, 98104-4421, UNITED STATES",Active,False,False,False,
2,SOUND,SOUND,601 097 364,448085,"6400 SOUTHCENTER BLVD, TUKWILA, WA, 98188-2547, UNITED STATES",Active,False,True,True,
3,RAR 2501 LLC,RAR 2501 LLC,604 413 118,1268577,"3757 S RIDGEWAY PL, SEATTLE, WA, 98144-6211, UNITED STATES",Active,False,False,False,
4,AGC ARTHOUSE OWNER LLC,AGC ARTHOUSE OWNER LLC,604 811 933,1494233,"C/O ANGELO, GORDON & CO., L.P., 245 PARK AVENUE, 26TH FLOOR, NEW YORK, NY, 10167, UNITED STATES",Active,False,False,False,
5,CONCEPT ONE APARTMENTS LLC,CONCEPT ONE APARTMENTS LLC,603 392 633,85444,"4115 ROOSEVELT WAY NE, SEATTLE, WA, 98105, UNITED STATES",Administratively Dissolved,False,False,False,
6,CASTLE LLC,CASTLE LLC,604 019 399,96526,"801 2ND AVE STE 700, SEATTLE, WA, 98104-1573, UNITED STATES",Active,False,False,False,
7,2900 ON FIRST APARTMENTS LLC,2900 ON FIRST APARTMENTS LLC,604 936 688,1577983,"777 CALIFORNIA AVE STE 100, PALO ALTO, CA, 94304-1199, UNITED STATES",Active,False,False,False,
8,GRAHAM TERRY APARTMENTS LLC,GRAHAM TERRY APARTMENTS LLC,602 896 887,235415,"433 MINOR AVE N, SEATTLE, WA, 98109-5439, UNITED STATES",Active,False,False,False,
9,SUNSET APARTMENTS LIMITED PARTNERSHIP,SUNSET APARTMENTS LIMITED PARTNERSHIP,603 075 591,290372,"433 MINOR AVE N, SEATTLE, WA, 98109-5439, UNITED STATES",Active,True,False,False,
10,ELLIS COURT APARTMENTS LLC,ELLIS COURT APARTMENTS LLC,603 066 681,185080,"2801 ALASKAN WAY STE 310, SEATTLE, WA, 98121-1135, UNITED STATES",Active,False,False,False,
11,ALWAYS COMPETE LLC,ALWAYS COMPETE LLC,603 494 119,28912,"1200 WESTLAKE AVE N, SUITE 310, SEATTLE, WA, 98109-3528, UNITED STATES",Active,False,False,False,
12,CX3 DAVENPORT LLC,CX3 DAVENPORT LLC,604 263 023,1193106,"1620 BROADWAY ST, SEATTLE, WA, 98122, UNITED STATES",Active,False,False,False,
13,OREGON APARTMENTS LLC,OREGON APARTMENTS LLC,602 755 604,367225,"433 MINOR AVE N, SEATTLE, WA, 98109-5439, UNITED STATES",Active,False,False,False,
14,VINE COURT APARTMENTS LLC,VINE COURT APARTMENTS LLC,602 759 199,532406,"433 MINOR AVE N, SEATTLE, WA, 98109-5439, UNITED STATES",Active,False,False,False,
15,BREMER APARTMENTS LLC,BREMER APARTMENTS LLC,604 667 947,1401826,"1620 12TH AVE, STE 205, SEATTLE, WA, 98122-2568, UNITED STATES",Active,False,False,False,
16,2202 EIGHTH AVENUE LLC,2202 EIGHTH AVENUE LLC,603 550 293,63531,"1700 7TH AVE STE 1800, SEATTLE, WA, 98101, UNITED STATES",Active,False,False,False,
17,WA TOWER 12 APARTMENTS LLC,WA TOWER 12 APARTMENTS LLC,604 172 610,512610,"9757 NE JUANITA DR STE 300, KIRKLAND, WA, 98034-4291, UNITED STATES",Active,False,False,False,
18,WINDSOR ADVISERS 2030 EIGHTH AVENUE LLC,WINDSOR ADVISERS 2030 EIGHTH AVENUE LLC,604 200 365,1170073,"125 HIGH STREET, HIGH STREET TOWER, 27TH FLOOR, BOSTON, MA, 02110, UNITED STATES",Active,False,False,False,
19,NINTH AND LENORA LLC,NINTH AND LENORA LLC,603 427 336,855687,"125 HIGH STREET, HIGH STREET TOWER, 27TH FLOOR, BOSTON, MA, 02110, UNITED STATES",Active,False,False,False,
20,RISE-CG JA LOFTS LIMITED PARTNERSHIP,RISE-CG JA LOFTS LIMITED PARTNERSHIP,604 523 841,1314594,"1518 1ST AVE S STE 500, SEATTLE, WA, 98134-1456, UNITED STATES",Active,False,False,False,
21,SECURITY HOUSE LLLP,SECURITY HOUSE LLLP,603 613 857,419522,"433 MINOR AVE N, SEATTLE, WA, 98109-5439, UNITED STATES",Active,True,False,False,
22,2001 SIXTH LLC,2001 SIXTH LLC,602 745 341,2678,"1700 7TH AVE STE 1800, SEATTLE, WA, 98101, UNITED STATES",Active,True,False,False,
23,WRI 2200 WESTLAKE LP,WRI 2200 WESTLAKE LP,603 587 485,528804,"500 N BROADWAY, SUITE 201, JERICHO, NY, 11753, UNITED STATES",Active,False,False,False,
24,BCAL 3005 PROPERTY LLC,BCAL 3005 PROPERTY LLC,604 658 165,1387779,"200 STATE ST STE 5, BOSTON, MA, 02109-2628, UNITED STATES",Active,False,False,False,
25,900 VIRGINIA STREET LLC,900 VIRGINIA STREET LLC,602 772 541,8082,"2015 TERRY AVE APT 309, SEATTLE, WA, 98121-2745, UNITED STATES",Active,False,False,False,
26,CORNISH COLLEGE OF THE ARTS,CORNISH COLLEGE OF THE ARTS,600 178 881,112111,"1000 LENORA ST, SEATTLE, WA, 98121-2951, UNITED STATES",Active,False,False,False,
27,BELLTOWN ON FIRST LIMITED PARTNERSHIP,BELLTOWN ON FIRST LIMITED PARTNERSHIP,604 865 694,1534711,"1201 838 W HASTINGS ST, VANCOUVER, BC, V6C 0A6, CANADA",Active,False,False,False,
28,GREAT LAKE INVESTMENT CORPORATION,GREAT LAKE INVESTMENT CORPORATION,603 433 108,238226,"11900 NE 1ST ST, STE 300 RM 3094, BELLEVUE, WA, 98005-3049, UNITED STATES",Active,False,False,False,
29,2020 FIFTH HOLDINGS LLC,2020 FIFTH HOLDINGS LLC,604 314 880,1223363,"1700 7TH AVE STE 1800, SEATTLE, WA, 98101-1312, UNITED STATES",Active,False,False,False,
30,TOUCHSTONE WEST 8TH BUILDING LLC,TOUCHSTONE WEST 8TH BUILDING LLC,602 656 991,1157800,"7 GIRALDA FARMS, 3RD FLOOR, MADISON, NJ, 07940, UNITED STATES",Voluntarily Dissolved,False,False,False,
31,SREH 2018 HOLDINGS LLC,SREH 2018 HOLDINGS LLC,604 433 468,1275297,"1000 2ND AVE STE 1800, SEATTLE, WA, 98104-3619, UNITED STATES",Active,False,False,False,
32,TRIANON LLC,TRIANON LLC,601 984 474,505811,"4223 12TH AVE NE, SEATTLE, WA, 98105-5901, UNITED STATES",Active,False,False,False,
33,BIT BCAL BLANCHARD PROPERTY LLC,BIT BCAL BLANCHARD PROPERTY LLC,604 361 055,1247272,"200 STATE ST, 5TH FLOOR, BOSTON, MA, 02109, UNITED STATES",Active,False,False,False,
34,UCP 2401 ELLIOTT LLC,UCP 2401 ELLIOTT LLC,604 166 835,1024485,"1215 FOURTH AVENUE, SUITE 600, SEATTLE, WA, 98161, UNITED STATES",Active,False,False,False,
35,VIRGINIA STREET REIT LLC,VIRGINIA STREET REIT LLC,603 425 160,1066574,"1215 4TH AVE #2400, SEATTLE, WA, 98161, UNITED STATES",Voluntarily Dissolved,False,False,False,
36,2601 ELLIOTT OWNER LLC,2601 ELLIOTT OWNER LLC,604 767 289,1466481,"235 MONTGOMERY ST FL 15, SAN FRANCISCO, CA, 94104-3102, UNITED STATES",Active,False,False,False,
37,SREH 2018 MANAGEMENT LLC,SREH 2018 MANAGEMENT LLC,604 433 466,1275295,"1000 2ND AVE STE 1800, SEATTLE, WA, 98104-3619, UNITED STATES",Active,False,False,False,
38,88 VINE LLC,88 VINE LLC,604 638 328,1374207,"1000 2ND AVE STE 1800, SEATTLE, WA, 98104-3619, UNITED STATES",Active,False,False,False,
39,PALLADIAN HOTEL LLC,PALLADIAN HOTEL LLC,604 281 143,1207593,"2000 2ND AVE, SEATTLE, WA, 98121-2234, UNITED STATES",Active,False,False,False,
40,PALLADIAN HOTEL LLC,PALLADIAN HOTEL LLC,604 247 091,1195770,,,False,True,True,
41,DREAM LEGACY PRU SPE LLC,DREAM LEGACY PRU SPE LLC,603 538 073,1110497,"155 108TH AVE NE STE 500, BELLEVUE, WA, 98004-5901, UNITED STATES",Active,True,False,False,
42,UNICO BOP KORN WALKER LLC,UNICO BOP KORN WALKER LLC,604 509 326,1310047,"1215 FOURTH AVENUE, SUITE 600, SEATTLE, WA, 98161, UNITED STATES",Active,False,False,False,
43,IBORROW 201 1ST AVENUE OWNER LLC,IBORROW 201 1ST AVENUE OWNER LLC,604 506 135,1308422,"12100 WILSHIRE BLVD STE 510, LOS ANGELES, CA, 90025-7139, UNITED STATES",Terminated,False,False,False,
44,LOUISA HOTEL REDEVELOPMENT LLC,LOUISA HOTEL REDEVELOPMENT LLC,604 163 166,308563,"1414 31ST AVE S STE 300, SEATTLE, WA, 98144-3955, UNITED STATES",Active,False,False,False,
45,HANA PLACE SEATTLE LLC,HANA PLACE SEATTLE LLC,604 429 817,1271799,"701 5TH AVE STE 5700, SEATTLE, WA, 98104-7014, UNITED STATES",Active,False,False,False,
46,DA LI INTERNATIONAL LLC,DA LI INTERNATIONAL LLC,603 592 405,649974,"450 S MAIN ST STE 168, SEATTLE, WA, 98104-5172, UNITED STATES",Active,True,False,False,
47,HONG KONG BUILDING LLC,HONG KONG BUILDING LLC,602 299 720,729854,"4223 12TH AVE NE, SEATTLE, WA, 98105-5901, UNITED STATES",Active,False,False,False,
48,MILWAUKEE LLC,MILWAUKEE LLC,602 298 896,207610,"668 S KING ST, SEATTLE, WA, 98104, UNITED STATES",Active,False,False,False,
49,MAIN STREET INTERIM LLC,MAIN STREET INTERIM LLC,602 355 440,315546,"409 MAYNARD AVE S, SUITE P2, SEATTLE, WA, 98104, UNITED STATES",Administratively Dissolved,False,False,False,
50,FAIRFIELD WASHINGTON TERRACE LP,FAIRFIELD WASHINGTON TERRACE LP,604 530 063,1321455,"5355 MIRA SORRENTO PL, SUITE 100, SAN DIEGO, CA, 92121-3803, UNITED STATES",Active,False,False,False,
51,ALPS HOTEL LLC,ALPS HOTEL LLC,602 294 041,538964,"621 S KING ST, SEATTLE, WA, 98104-2943, UNITED STATES",Active,False,False,False,
52,INTERNATIONAL HOUSE APARTMENTS LLC,INTERNATIONAL HOUSE APARTMENTS LLC,604 109 108,237451,"30 HUDSON YARDS, 72ND FL, NEW YORK, NY, 10001-2170, UNITED STATES",Active,False,False,False,
53,ASCONA SEATTLE LLC,ASCONA SEATTLE LLC,604 167 691,41977,"801 2ND AVE STE 700, SEATTLE, WA, 98104-1573, UNITED STATES",Active,False,False,False,
54,GRE DOWNTOWNER LLC,GRE DOWNTOWNER LLC,603 044 709,206128,"2801 ALASKAN WAY STE 310, SEATTLE, WA, 98121-1135, UNITED STATES",Active,True,False,False,
55,OK HOTEL APARTMENTS LLC,OK HOTEL APARTMENTS LLC,604 826 163,1507726,"300 LENORA ST # 246, SEATTLE, WA, 98121-2411, UNITED STATES",Active,False,False,False,
56,SUSTAINABLE URBAN DEVELOPMENT #1 LLC,SUSTAINABLE URBAN DEVELOPMENT #1 LLC,602 383 985,1001361,"816 2ND AVE STE 300, SEATTLE, WA, 98104-1534, UNITED STATES",Administratively Dissolved,False,False,False,
57,CRE 315 MAYNARD LLC,CRE 315 MAYNARD LLC,604 247 595,1200900,"2930 WESTLAKE AVE N, STE100, SEATTLE, WA, 98109-1968, UNITED STATES",Active,False,False,False,
58,CAI SUNLIGHT PROPERTIES LLC,CAI SUNLIGHT PROPERTIES LLC,604 765 156,1465552,"8411 MAPLE LANE, MERCER ISLAND, WA, 98040, UNITED STATES",Active,False,False,False,
59,GOVERNOR BUILDING LLC,GOVERNOR BUILDING LLC,602 636 059,235085,"1200 WESTLAKE AVE N STE 608, SEATTLE, WA, 98109-3529, UNITED STATES",Active,False,False,False,
60,S-QOZB LLC,S-QOZB LLC,604 387 188,1257707,"701 5TH AVE STE 6400, SEATTLE, WA, 98104-7100, UNITED STATES",Active,False,False,False,
61,GEE HOW OAK TIN FOUNDATION,GEE HOW OAK TIN FOUNDATION,601 115 612,708289,"519 7TH AVE S, SEATTLE, WA, 98104-2971, UNITED STATES",Active,False,False,False,
62,CRE HH PARTNERS LLC,CRE HH PARTNERS LLC,604 830 699,1514341,"2930 WESTLAKE AVE N STE 100, SEATTLE, WA, 98109-1968, UNITED STATES",Active,False,False,False,
63,223 YESLER LLLP,223 YESLER LLLP,604 269 683,1197255,"1253 S JACKSON ST STE A, SEATTLE, WA, 98144-3075, UNITED STATES",Active,True,False,False,
64,PIONEER PRESERVATION ASSOCIATES LP,PIONEER PRESERVATION ASSOCIATES LP,604 987 469,1611994,"139 S BEVERLY DR STE 309, BEVERLY HILLS, CA, 90212-3040, UNITED STATES",Active,False,False,False,
65,CRE LOWMAN PARTNERS LLC,CRE LOWMAN PARTNERS LLC,604 523 850,1314604,"2930 WESTLAKE AVE N STE 100, SEATTLE, WA, 98109-1968, UNITED STATES",Active,False,False,False,
66,CATHAY INVESTMENT LLC,CATHAY INVESTMENT LLC,602 650 413,600956,"6421 W MERCER WAY, MERCER ISLAND, WA, 98040-4857, UNITED STATES",Active,False,False,False,
67,GOOD ARTS LLC,GOOD ARTS LLC,603 532 228,715921,"1117 MINOR AVE, SEATTLE, WA, 98101-4246, UNITED STATES",Active,False,False,False,
68,PRU 114 LLC,PRU 114 LLC,602 720 016,904120,"114 ALASKAN WAY S, SUITE 120, SEATTLE, WA, 98104, UNITED STATES",Active,False,False,False,
69,TRPF MILLENNIUM TOWER LLC,TRPF MILLENNIUM TOWER LLC,604 193 771,1165953,"730 3RD AVE, MS:730/12/02, NEW YORK, NY, 10017-3206, UNITED STATES",Active,False,False,False,
70,PTL PROPERTY LIMITED PARTNERSHIP,PTL PROPERTY LIMITED PARTNERSHIP,602 493 349,942810,"220 3RD AVE S #100, SEATTLE, WA, 98104, UNITED STATES",Active,False,False,False,
71,COLUMBIA TRUST COMPANY,COLUMBIA TRUST COMPANY,601 768 877,632805,"805 SW BROADWAY STE 780, PORTLAND, OR, 97205-3344, UNITED STATES",Active,False,False,False,
72,NEW ENGLAND BUILDING LLC,NEW ENGLAND BUILDING LLC,601 893 989,868875,"85 S WASHINGTON ST STE 211, SEATTLE, WA, 98104-3403, UNITED STATES",Active,False,False,False,
73,COMPASS CENTER HOUSING DEVELOPMENT,COMPASS CENTER HOUSING DEVELOPMENT,601 201 571,84798,"220 DEXTER AVE N, SEATTLE, WA, 98109-5104, UNITED STATES",Active,False,False,False,
74,MSI MAYNARD LLC,MSI MAYNARD LLC,604 537 696,1325768,"316 OCCIDENTAL AVE S STE 300, SEATTLE, WA, 98104-4421, UNITED STATES",Active,False,False,False,
75,8 S WELLER LLC,8 S WELLER LLC,604 900 906,1548903,"3926 AURORA AVE N, SEATTLE, WA, 98103-7802, UNITED STATES",Active,False,False,False,
4,HOWARD BUILDING SEATTLE LLC,"HOWARD BUILDING SEATTLE, LLC",603 468 238,154242,"614 1ST AVE, SUITE 400, SEATTLE, WA, 98104-2255, UNITED STATES",Active,False,False,False,1.0
5,HARTFORD BUILDING LLC,"HARTFORD BUILDING, LLC",604 990 747,1609954,"208 JAMES ST, SEATTLE, WA, 98104-2220, UNITED STATES",Active,False,False,False,1.0
6,WASHINGTON SHOE BUILDING LLC,"WASHINGTON SHOE BUILDING, LLC",602 647 733,1054283,"208 JAMES ST #C, SEATTLE, WA, 98104, UNITED STATES",Active,False,False,False,1.0
8,GC COLUMBIA LLC,"GC COLUMBIA TRS, LLC",604 304 584,1221458,"818 W 7TH ST STE 410, 818 W. 7TH STREET, STE 410, LOS ANGELES, CA, 90017-3463, UNITED STATES",Active,False,False,False,1.0
9,GC COLUMBIA LLC,"GC COLUMBIA, LLC",603 523 026,718576,"818 W 7TH ST, STE 410, LOS ANGELES, CA, 90017-3463, UNITED STATES",Active,False,False,False,1.0
10,TEMASEK L L C,"TEMASEK, L.L.C.",601 930 871,1154643,"601 UNION ST, SUITE 4100, SEATTLE, WA, 98101-1368, UNITED STATES",Active,False,False,False,1.0
11,EXPEDITORS INTERNATIONAL OF WA INC,"EXPEDITORS INTERNATIONAL OF WASHINGTON, INC.",600 335 063,158813,"1015 THIRD AVE, SEATTLE, WA, 98104, UNITED STATES",Active,False,False,False,1.0
12,BCSP MARITIME BUILDING,BCSP MARITIME BUILDING LLC,604 282 227,1205818,"275 E BROAD ST, COLUMBUS, OH, 43215-3703, UNITED STATES",Active,False,False,False,1.0
14,505 UNION STATION LTD,505 UNION STATION LLC,602 347 763,9316,"505 5TH AVE S #900, SEATTLE, WA, 98104, UNITED STATES",Active,False,False,False,1.0
15,505 UNION STATION LTD,505 UNION STATION MM INC,602 347 627,361253,"505 5TH AVE S STE 900, SEATTLE, WA, 98104-3821, UNITED STATES",Merged,False,False,False,1.0
16,HUDSON FIRST & KING LLC,"HUDSON FIRST & KING, LLC",603 316 717,217798,"11601 WILSHIRE BOULEVARD, NINTH FLOOR, LOS ANGELES, CA, 90025, UNITED STATES",Active,False,False,False,1.0
17,NEUBERT FAMILY LIMITED PARTNERSHIP,THE NEUBERT FAMILY LIMITED PARTNERSHIP,602 546 418,1071888,"61 BENSON CREEK DR, TWISP, WA, 98856-9606, UNITED STATES",Active,False,False,False,1.0
19,IC U S A NO 8 PROPERTY PARTNERSHIP,IC U.S.A. NO. 8 PROPERTY LIMITED PARTNERSHIP,602 570 885,746841,,Administratively Dissolved,False,False,False,1.0
20,BURKE-STATE BLDG LLC,"BURKE-STATE BLDG., LLC",601 728 210,101420,"316 OCCIDENTAL AVE S, STE 300, SEATTLE, WA, 98104, UNITED STATES",Active,False,False,False,1.0
21,GLOBE PARTNERS LLC,"GLOBE BUILDING PARTNERS, LLC",603 417 335,209429,"807 W SHOSHONE PL, SPOKANE, WA, 99203, UNITED STATES",Active,False,False,False,1.0
22,GLOBE PARTNERS LLC,"GLOBE PARTNERS, LLC",602 023 571,135138,"85 S WASHINGTON ST STE 211, SEATTLE, WA, 98104-3403, UNITED STATES",Active,False,False,False,1.0
23,GLOBE PARTNERS LLC,GLOBE PARTNERSHIPS LLC,604 929 540,1570102,"2528 S WILKESON ST, TACOMA, WA, 98405-3129, UNITED STATES",Active,False,False,False,1.0
24,ONE HUNDRED KING L L C,"ONE HUNDRED KING, LLC",603 062 948,887963,"437 BEAVER ST FL 2, SEWICKLEY, PA, 15143-1543, UNITED STATES",Active,False,False,False,1.0
25,GREF 111 SOUTH JACKSON LP,"GREF 111 SOUTH JACKSON, LP",603 504 015,721462,"222 S RIVERSIDE PLZ FL 34, CHICAGO, IL, 60606-6886, UNITED STATES",Active,False,False,False,1.0
26,HUDSON MERRILL PLACE L L C,"HUDSON MERRILL PLACE, LLC",603 368 506,748554,"11601 WILSHIRE BOULEVARD, NINTH FLOOR, LOS ANGELES, CA, 90025, UNITED STATES",Active,False,False,False,1.0
27,COLLINS BUILDING LLC,COLLINS BUILDING REDEVELOPMENT GROUP LLC,602 579 848,82515,"2232 BROADWAY STE 101, EVERETT, WA, 98201, UNITED STATES",Administratively Dissolved,False,False,False,1.0
28,COLLINS BUILDING LLC,"COLLINS BUILDING, LLC",604 976 252,1601986,"208 JAMES ST, SEATTLE, WA, 98104-2220, UNITED STATES",Active,False,False,False,1.0
29,COLLINS BUILDING LLC,"COLLINS FINE HOMEBUILDING, LLC",603 528 051,1105761,"1023 S THORP HWY, ELLENSBURG, WA, 98926-8006, UNITED STATES",Active,False,False,False,1.0
30,COLLINS BUILDING LLC,THE COLLINS BUILDING COALITION,602 934 252,469042,"2418 CALIFORNIA STREET #C, EVERETT, WA, 98201, UNITED STATES",Inactive,False,False,False,1.0
317,T C 4 & MADISON LLC,T-C 4TH & MADISON LLC,603 282 482,1017402,"730 3RD AVE, NEW YORK, NY, 10017-3206, UNITED STATES",Active,False,False,False,1.0
319,SELIG HOLDINGS COMPANY LLC,SELIG HOLDINGS COMPANY L.L.C.,602 559 881,928036,"1000 2ND AVE STE 1800, SEATTLE, WA, 98104-3619, UNITED STATES",Active,True,False,False,1.0
340,710 SECOND AVE (WA) OWNER LLC,"710 SECOND AVE (WA) OWNER, LLC",604 363 275,1250229,"4700 WILSHIRE BLVD, LOS ANGELES, CA, 90010-3853, UNITED STATES",Active,False,False,False,1.0
342,PANAMA INTERNATIONAL CORP,PANAMA INTERNATIONAL CORPORATION,601 004 835,367555,"605 1/2 S MAIN ST, SEATTLE, WA, 98104-2754, UNITED STATES",Active,False,False,False,1.0
343,PIONEER SQUARE HOTEL CO,PIONEER SQUARE HOTEL COMPANY,600 617 852,932172,"77 YESLER WAY, SEATTLE, WA, 98104-2530, UNITED STATES",Active,False,False,False,1.0
344,EXECUTIVE HOTEL SEATTLE L L C,EXECUTIVE HOTEL SEATTLE LLC,602 499 594,1113446,"4420 132ND ST SE, SUITE 201, MILL CREEK, WA, 98012, UNITED STATES",Active,False,False,False,1.0
345,1915 3RD AVE LP,1915 3RD AVE LLC,603 558 821,2922,"918 SOUTH ST STE 1018, SEATTLE, WA, 98134, UNITED STATES",Administratively Dissolved,False,False,False,1.0
347,1 BOND TOWER LLC,"1 BOND TOWER, LLC",603 393 469,768,"2100 MCKINNEY AVE #800, DALLAS, TX, 75201, UNITED STATES",Withdrawn,False,False,False,1.0
348,JJ&G CAMLIN LLC,"JJ&G CAMLIN, LLC",602 870 263,769751,"2001 WESTERN AVE #330, SEATTLE, WA, 98121, UNITED STATES",Active,False,False,False,1.0
349,TW FAIRMOUNT PARTNERS L P,TW FAIRMOUNT PARTNERS LP,602 966 962,509515,"1907 1ST AVE, SEATTLE, WA, 98101-1039, UNITED STATES",Active,False,False,False,1.0
350,1ST & PINE PROPERTY OWNER LLC,1ST AND PINE PROPERTY OWNER LLC,604 172 196,62390,"12100 OLYMPIC BLVD. #350, LOS ANGELES, CA, 90064, UNITED STATES",Terminated,False,False,False,1.0
351,BREIER SCHEETZ PROPERTIES LLC,BREIER-SCHEETZ PROPERTIES L.L.C.,602 352 042,597885,"464 12TH AVE, SUITE 201, SEATTLE, WA, 98122-7050, UNITED STATES",Active,False,False,False,1.0
352,M J  LEHMAN DESCENDANTS LLC,M. J. LEHMANN DESCENDANTS LLC,602 095 499,311686,"4903 DOON WAY, ANACORTES, WA, 98221-2905, UNITED STATES",Active,False,False,False,1.0
354,EQR-SECOND AND PINE LLC,"EQR-SECOND AND PINE, LLC",603 226 168,151331,"TWO NORTH RIVERSIDE PLAZA, SUITE 400, CHICAGO, IL, 60606, UNITED STATES",Active,True,False,False,1.0
355,HART PINE LLC,"HART PINE, LLC",603 519 213,745183,"191 N WACKER DR STE 2500, CHICAGO, IL, 60606-1885, UNITED STATES",Active,False,False,False,1.0
357,EQR-HARBOR STEPS LLC,"EQR-HARBOR STEPS, L.L.C.",602 519 982,190557,"TWO NORTH RIVERSIDE PLAZA, SUITE 400, CHICAGO, IL, 60606, UNITED STATES",Active,True,False,False,1.0
358,MMP OLIVIAN OWNER LLC,"MMP OLIVIAN OWNER, LLC",604 555 999,1333951,"1 METLIFE WAY, WHIPPANY, NJ, 07981-1449, UNITED STATES",Active,False,False,False,1.0
359,OLIVE TOWER APARTMENTS L L C,OLIVE TOWER APARTMENTS LLC,602 668 935,882437,"433 MINOR AVE N, SEATTLE, WA, 98109-5439, UNITED STATES",Active,False,False,False,1.0
360,CATHOLIC ARCHDIOCESE OF SEATTLE,CATHOLIC COMMUNITY FOUNDATION OF THE ARCHDIOCESE OF SEATTLE,604 792 837,1481205,"710 9TH AVE, SEATTLE, WA, 98104-2017, UNITED STATES",Active,False,False,False,1.0
361,601 PINE STREET INVESTMENT GROUP INC,"601 PINE STREET INVESTMENT GROUP, INC.",602 454 789,82731,"5910 N CENTRAL EXPRESSWAY, SUITE 1200, DALLAS, TX, 75206, UNITED STATES",Active,False,False,False,1.0
364,1918 EIGHTH LLC,"1918 EIGHTH, LLC",602 735 324,3286,"225 108TH AVE NE #400, BELLEVUE, WA, 98004, UNITED STATES",Administratively Dissolved,False,False,False,1.0
366,MDB LANDMARK LLC,"MDB LANDMARK, LLC",604 488 379,1299187,"621 SW ALDER ST STE 800, PORTLAND, OR, 97205-3623, UNITED STATES",Active,False,False,False,1.0
367,1921 27 FIFTH AVENUE HOLDINGS LLC,"1921-27 FIFTH AVENUE HOLDINGS, LLC",604 468 245,1287279,"7 PENN PLAZA, NEW YORK, NY, 10001, UNITED STATES",Active,False,False,False,1.0
442,COLISEUM BUILDING LLC,"COLISEUM BUILDING, LLC",602 676 313,626052,"801 GRAND AVE, DES MOINES, IA, 50309, UNITED STATES",Active,False,False,False,1.0
446,BAYVIEW FARMS LLC,"BAYVIEW FARMS, LLC",603 450 846,571397,"431 BUFFALO LANE, MESA, WA, 99343, UNITED STATES",Active,False,False,False,1.0
448,ROIC WASHINGTON LLC,"ROIC WASHINGTON, LLC",603 026 438,416558,"11250 EL CAMINO REAL, SUITE 200, SAN DIEGO, CA, 92130-2677, UNITED STATES",Active,False,False,False,1.0
475,NORDSTROM INC,"NORDSTROM, INC.",178 071 138,349702,"1617 6TH AVE, SEATTLE, WA, 98101-1707, UNITED STATES",Active,True,False,False,1.0
482,1405 FIFTH & UNION ASSOCIATES LLC,"1405 FIFTH AND UNION ASSOCIATES, LLC",604 172 046,1780,"4 BRYANT PARK, SUITE 502, NEW YORK, NY, 10018, UNITED STATES",Active,False,False,False,1.0
483,TMT OLIVE LAB INC,"TMT OLIVE LAB, INC.",603 122 591,1047449,"4 EMBARCADERO CTR STE 3300, SAN FRANCISCO, CA, 94111-4184, UNITED STATES",Active,False,False,False,1.0
484,REGENCY MERIDIAN L L C,"REGENCY MERIDIAN, LLC",603 345 924,400335,"1111 BROADWAY, OFFICE OF THE CHIEF INVESTMENT OFFICER OF THE REGENTS-UNIVERSITY OF CALIFORINIA, OAKLAND, CA, 94607-4139, UNITED STATES",Active,False,False,False,1.0
485,1301 6TH AVENUE (WA) OWNER LLC,"1301 6TH AVENUE (WA) OWNER, LLC",604 552 088,1328666,"4700 WILSHIRE BLVD, LOS ANGELES, CA, 90010-3853, UNITED STATES",Active,False,False,False,1.0
486,HUDSON 1099 STEWART STREET LLC,"HUDSON 1099 STEWART STREET, LLC",604 037 980,155001,"11601 WILSHIRE BOULEVARD, NINTH FLOOR, LOS ANGELES, CA, 90025, UNITED STATES",Active,False,False,False,1.0
487,PIERS 55 & 56 INC,PIERS 55 & 56 L.L.C.,601 772 820,241274,"316 OCCIDENTAL AVE S STE 300, SEATTLE, WA, 98104-4421, UNITED STATES",Active,False,False,False,1.0
488,ALASKA TRADE BLDG LLC,"ALASKA TRADE BLDG, LLC",604 377 193,1256606,"8451 SE 68TH ST STE 200, MERCER ISLAND, WA, 98040-5240, UNITED STATES",Active,False,False,False,1.0
496,ARZCO 1 INVESTMENT CORP,ARZCO 1 INVESTMENT CORP.,604 309 137,1219684,"8TH FLOOR GARHOUD VIEWS BUILDING, DEIRA, DUBAI, 00000, UNITED ARAB EMIRATES",Active,False,False,False,1.0
497,800 STEWART LLC,"800 STEWART, LLC",603 258 757,10888,"800 STEWART ST, SEATTLE, WA, 98101-1306, UNITED STATES",Active,False,False,False,1.0
498,EXPEDITORS INTERNATIONAL OF WASHINGTON INC,"EXPEDITORS INTERNATIONAL OF WASHINGTON, INC.",600 335 063,158813,"1015 THIRD AVE, SEATTLE, WA, 98104, UNITED STATES",Active,False,False,False,1.0
499,DP BUNKER HILL LLC,"DP BUNKER HILL, LLC",603 545 500,155339,"818 W 7TH ST STE 410, LOS ANGELES, CA, 90017-3463, UNITED STATES",Active,False,False,False,1.0
500,PPF OFF 720 OLIVE WAY LLC,"PPF OFF 720 OLIVE WAY, LLC",604 288 094,1207280,"3280 PEACHTREE ROAD, NE, 20TH FLOOR, ATLANTA, GA, 30305, UNITED STATES",Active,False,False,False,1.0
526,101 STEWART STREET LLC,"101 STEWART STREET, LLC",604 518 215,1311743,"222 SOUTH RIVERSIDE PLAZA, 34TH FLOOR, CHICAGO, IL, 60606, UNITED STATES",Active,False,False,False,1.0
528,ONNI 1411 FOURTH DEVELOPMENT LP,"ONNI 1411 FOURTH DEVELOPMENT, INC.",603 587 072,859354,"5055 N 32ND ST STE 200, PHOENIX, AZ, 85018-1401, UNITED STATES",Active,True,False,False,1.0
529,520 PIKE STREET INC,"520 PIKE STREET, INC.",602 347 340,10523,"45 ROCKEFELLER PLZ FL 7, NEW YORK, NY, 10111-0100, UNITED STATES",Active,False,False,False,1.0
530,BPP 1420 FIFTH AVE OWNER LLC,BPP 1420 FIFTH AVENUE OWNER LLC,604 467 324,1286910,"233 S WACKER DR STE 4700, CHICAGO, IL, 60606-6374, UNITED STATES",Active,False,False,False,1.0
531,1201 TAB OWNER LLC,"1201 TAB OWNER, LLC",603 244 928,2220,"1201 3RD AVE, SEATTLE, WA, 98101, UNITED STATES",Active,False,False,False,1.0
532,WALLYSONS INC,WALLYSONS INC.,601 338 627,1053391,"711 CAPITOL WAY S STE 204, OLYMPIA, WA, 98501, UNITED STATES",Active,False,False,False,1.0
533,SPRING & 1111 THIRD PROPERTY SEA LLC,SPRING AND 1111 THIRD PROPERTY (SEA) LLC,604 296 470,1217950,"1215 FOURTH AVENUE, SUITE 600, SEATTLE, WA, 98161, UNITED STATES",Active,False,False,False,1.0
534,SECOND & SPRING PROPERTY SEA LLC,SECOND AND SPRING PROPERTY (SEA) LLC,604 299 552,1217955,"1215 4TH AVENUE, SUITE 600, SEATTLE, WA, 98161, UNITED STATES",Active,False,False,False,1.0
535,HUDSON 1918 EIGHTH AVENUE LLC,"HUDSON 1918 EIGHTH AVENUE, LLC",604 678 268,1409166,"11601 WILSHIRE BLVD., 9TH FLOOR, LOS ANGELES, CA, 90025, UNITED STATES",Active,False,False,False,1.0
536,KR 6TH AVE LLC,"KR 6TH AVE, LLC",604 535 085,1326807,"12200 W OLYMPIC BLVD, SUITE 200 ATTN: LEGAL DEPARTMENT, LOS ANGELES, CA, 90064-1044, UNITED STATES",Active,False,False,False,1.0
537,CSHV 1600 7TH AVENUE LLC,"CSHV 1600 7TH AVENUE, LLC",603 176 819,1107609,"333 WEST WACKER DRIVE, SUITE 2300, CHICAGO, IL, 60606, UNITED STATES",Active,False,False,False,1.0
540,GIBRALTAR TOWER LLC,GIBRALTAR TOWER LLC.,602 511 823,721870,"720 SENECA ST, SUITE B, SEATTLE, WA, 98101-3265, UNITED STATES",Active,False,False,False,1.0
541,HT-SEATTLE OWNER LLC,"HT-SEATTLE OWNER, LLC",604 032 015,1121384,"217 PINE ST STE 200, SEATTLE, WA, 98101-1591, UNITED STATES",Active,False,False,False,1.0
546,SEATTLE FUNDING CORP,SEATTLE FUNDING CORP.,604 373 748,1245643,"68 S SERVICE RD STE 120, MELVILLE, NY, 11747-2350, UNITED STATES",Active,False,False,False,1.0
549,DC SEATTLE 1 PROPERTY LLC,"DC SEATTLE 1 PROPERTY, LLC",604 953 695,1590580,"5314 RIVER RUN DR STE 330, PROVO, UT, 84604-5692, UNITED STATES",Active,False,False,False,1.0
550,1415 5TH AVENUE SEATTLE LLC,"1415 5TH AVENUE, SEATTLE, LLC",604 186 121,60754,"C/O JUNSON CAPITAL, UNITS 5211-12, 52/F, THE CENTER, 99 QUEEN'S ROAD CENTRAL, HONGKONG, HONGKONG, HONGKONG, HONG KONG S.A.R.",Active,False,False,False,1.0
551,MILNER VENTURES LLC,"MILNER VENTURES, LLC",602 259 240,334251,"31217 NE 110TH ST, CARNATION, WA, 98014-9743, UNITED STATES",Delinquent,False,False,False,1.0
615,MARKET PLACE CENTER LTD,"MARKET PLACE CENTER, LTD.",600 583 233,829762,"86 PINE ST, SEATTLE, WA, 98101-1531, UNITED STATES",Active,False,False,False,1.0
621,MOODY NATIONAL YALE-SEATTLE HOLDINGS LLC,"MOODY NATIONAL YALE-SEATTLE HOLDING, LLC",603 579 184,209933,"9655 KATY FWY STE 600, HOUSTON, TX, 77024-1385, UNITED STATES",Active,False,False,False,1.0
622,WIRELESS PROPCO LLC,"WIRELESS PROPCO, LLC",604 921 988,1566971,"44 S BROADWAY STE 601, WHITE PLAINS, NY, 10601-4422, UNITED STATES",Active,False,False,False,1.0
623,TODAYS HOTEL SEATTLE CORPORATION,TODAY'S HOTEL SEATTLE CORPORATION,601 877 875,1047522,"1113 6TH AVE, SEATTLE, WA, 98101-3002, UNITED STATES",Active,False,False,False,1.0
625,WORLDMARK THE CLUB,"WORLDMARK, THE CLUB",601 203 364,1056986,"6277 SEA HARBOR DR, ORLANDO, FL, 32821-8027, UNITED STATES",Active,True,False,False,1.0
626,VANCE HOTEL ASSOCIATES LIMITED PARTNERSHIP,"VANCE HOTEL ASSOCIATES, LLC",602 678 924,318440,"1531 7TH AVE, SEATTLE, WA, 98101, UNITED STATES",Active,False,False,False,1.0
627,SEATTLE HOST HOTEL COMPANY L L C,SEATTLE HOST HOTEL COMPANY LLC,602 658 705,944347,"4747 BETHESDA AVENUE, SUITE 1300, BETHESDA, MD, 20814-5584, UNITED STATES",Active,False,False,False,1.0
628,8TH & PINE JOINT VENTURE,8TH & PINE JOINT VENTURE LLC,603 459 107,1092741,"10400 NE 4TH ST, #2225, BELLEVUE, WA, 98004-5184, UNITED STATES",Active,False,False,False,1.0
5,HARTFORD BUILDING LLC,"HARTFORD BUILDING, LLC",604 990 747,1609954,"208 JAMES ST, SEATTLE, WA, 98104-2220, UNITED STATES",Active,False,False,False,1.0
29,COLLINS BUILDING LLC,"COLLINS FINE HOMEBUILDING, LLC",603 528 051,1105761,"1023 S THORP HWY, ELLENSBURG, WA, 98926-8006, UNITED STATES",Active,False,False,False,1.0
