SearchTerm,BusinessName,UBINumber,BusinessId,Address,Status,address_match,ubi_match,id_match,isMatch
FTW LLC,"FTW, LLC",602 088 226,128023,"1037 NE 65TH ST # 339, SEATTLE, WA, 98115-6655, UNITED STATES",Active,False,False,False,
QUAIL PARK OF WEST SEATTLE LLC,"QUAIL PARK OF WEST SEATTLE, LLC",603 348 245,952757,"146 N CANAL ST STE 350, SEATTLE, WA, 98103, UNITED STATES",Active,False,False,False,
SABRA PARK WEST LLC,"SABRA PARK WEST, LLC",604 169 651,988232,"C/O SABRA HEALTH CARE REIT, INC., 18500 VON KARMAN AVENUE, SUITE 550, IRVINE, CA, 92612, UNITED STATES",Active,False,False,False,
DNXT LLC,"DNXT, LLC",604 219 279,1181278,"17735 NE 65TH ST STE 120, REDMOND, WA, 98052-4924, UNITED STATES",Active,True,False,False,
ACI REAL ESTATE SPE 137 LLC,"ACI REAL ESTATE SPE 137, LLC",604 621 842,1364724,"250 E PARKCENTER BLVD, BOISE, ID, 83706-3940, UNITED STATES",Active,False,False,False,
NEWARK MEADOWS LLC,"NEWARK MEADOWS, LLC",604 534 061,1320828,"4410 MOUNTAINGATE DR, RENO, NV, 89519-7921, UNITED STATES",Active,False,False,False,
ROOSEVELT SQUARE REGENCY LLC,"ROOSEVELT SQUARE REGENCY, LLC",604 203 198,1170704,"1 INDEPENDENT DR, SUITE 114, JACKSONVILLE, FL, 32202-5019, UNITED STATES",Active,False,False,False,
68TH AND ROOSEVELT LLC,"68TH AND ROOSEVELT, LLC",604 032 419,102440,"3023 80TH AVE SE, STE 300, MERCER ISLAND, WA, 98040-6014, UNITED STATES",Active,False,False,False,
SRMAHULTRACK66 LLC,"SRMAHULTRACK66, LLC",604 969 523,1595129,"111 N POST ST STE 200 STE 1600, SPOKANE, WA, 99201-4911, UNITED STATES",Active,False,False,False,
SRMAHULBROOKLYN65 LLC,"SRMAHULBROOKLYN65, LLC",604 969 623,1595126,"111 N POST ST STE 200, SPOKANE, WA, 99201-4911, UNITED STATES",Active,False,False,False,
GREEN LAKE PHASE II LLC,"GREEN LAKE PHASE II, LLC",603 567 384,140011,"4518 SW EDMUNDS ST, SEATTLE, WA, 98116-4423, UNITED STATES",Active,True,False,False,
ROOSTER APARTMENTS LLC,"ROOSTER APARTMENTS, LLC",603 307 494,408368,"C/O FKSDO, 901 5TH AVE STE 4000, SEATTLE, WA, 98164-2004, UNITED STATES",Active,False,False,False,
SRMAHULLUNA LLC,"SRMAHULLUNA, LLC",604 969 621,1595122,"111 N POST ST STE 200, SPOKANE, WA, 99201-4911, UNITED STATES",Active,False,False,False,
LANGER PROPERTIES LLC,"LANGER PROPERTIES, LLC",602 081 654,298218,"1421 34TH AVE, SUITE 300, SEATTLE, WA, 98122-3333, UNITED STATES",Active,False,False,False,
CASCADIA PARTNERS LLC,"CASCADIA PARTNERS, LLC",601 933 362,98487,"2402 NE 65TH ST, STE 100, SEATTLE, WA, 98115-1300, UNITED STATES",Active,False,False,False,
SOB DEVELOPMENT LLC,"SOB DEVELOPMENT, LLC",602 030 549,1150616,"720 SENECA ST STE B, SEATTLE, WA, 98101-3265, UNITED STATES",Active,False,False,False,
HIVE APARTMENTS LLC,"HIVE APARTMENTS, LLC",604 812 162,1499581,"6717 ROOSEVELT WAY NE STE 103, SEATTLE, WA, 98115-6681, UNITED STATES",Active,False,False,False,
JASPER 91 LLC,"JASPER 91, LLC",603 294 260,769063,"2033 6TH AVE, SUITE 600, SEATTLE, WA, 98121-2591, UNITED STATES",Active,False,False,False,
OTT DEVELOPMENT LLC,OTT DEVELOPMENT L.L.C.,602 035 413,889743,"129 E LAKE SAMMAMISH SHORE LN NE, SAMMAMISH, WA, 98074-6923, UNITED STATES",Active,False,False,False,
RAVENNA HOUSE 2015 LLC,"RAVENNA HOUSE 2015, LLC",603 539 223,940668,"117 E LOUISA ST STE 185, SEATTLE, WA, 98102, UNITED STATES",Active,False,False,False,
CRYSTAL COURT APARTMENTS LLC,"CRYSTAL COURT APARTMENTS, LLC",603 048 306,633775,"1225 S. WELLER ST., STE 500, SEATTLE, WA, 98144, UNITED STATES",Active,False,False,False,
TRINITY LAKEVIEW COURT LLC,"TRINITY LAKEVIEW COURT, LLC",603 224 756,1037531,"2825 EASTLAKE AVE E STE 200, SEATTLE, WA, 98102-3085, UNITED STATES",Active,False,False,False,
NORTHGATE ATHLETIC CLUB LLC,"NORTHGATE ATHLETIC CLUB, LLC",602 565 715,351634,"333 NE 97TH ST, SEATTLE, WA, 98115, UNITED STATES",Active,False,False,False,
NORTH SEATTLE PROFESSIONAL CENTER LLC,"NORTH SEATTLE PROFESSIONAL CENTER, LLC",602 557 882,353237,"8451 SE 68TH ST STE 200, MERCER ISLAND, WA, 98040-5240, UNITED STATES",Active,False,False,False,
CSH MAPLE LEAF LLC,"CSH MAPLE LEAF, LLC",603 539 747,127970,"1275 PENNSYLVANIA AVE, NW, SECOND FLOOR, WASHINGTON, DC, 20004, UNITED STATES",Active,True,False,False,
IDA CULVER HOUSE RAVENNA LLC,"IDA CULVER HOUSE RAVENNA, LLC",604 835 196,1514946,"400 UNION ST, SEATTLE, WA, 98101-2502, UNITED STATES",Active,False,False,False,
WILLOW CREEK PROPERTIES LLC,"WILLOW CREEK PROPERTIES, LLC",601 926 344,531980,"9700 LAKE CITY WAY NE, SEATTLE, WA, 98115-2347, UNITED STATES",Active,False,False,False,
444 RAVENNA LLC,444 RAVENNA L.L.C.,601 988 680,8865,"511 BOREN AVE N STE 300, SEATTLE, WA, 98109-5505, UNITED STATES",Active,False,False,False,
NORTHGATE LODGING LLLP,"NORTHGATE LODGING, LLLP",603 237 547,1136764,"950 N 72ND ST STE 100, SEATTLE, WA, 98103, UNITED STATES",Active,False,False,False,
WC SEATTLE VI SPE LLC,"WC SEATTLE VI SPE, LLC",604 344 396,1237037,"2225 CAMPUS DR, EL SEGUNDO, CA, 90245-0001, UNITED STATES",Active,False,False,False,
MADISON GATE INVESTORS 2016 LLC,"MADISON GATE INVESTORS 2016, LLC",604 035 263,313657,"117 E  LOUISA ST STE 185, SEATTLE, WA, 98102, UNITED STATES",Active,False,False,False,
PARKSIDE LLC,PARKSIDE LIMITED LIABILITY COMPANY,601 842 424,371111,"2940 FAIRVIEW AVE E, SEATTLE, WA, 98102-3016, UNITED STATES",Active,False,False,False,
RUTH COURT APARTMENTS LLC,"RUTH COURT APARTMENTS, LLC",603 493 895,1146900,"20727 SE 24TH ST, SAMMAMISH, WA, 98075-9623, UNITED STATES",Active,False,False,False,
RM LITTLEFIELD LLC,"RM LITTLEFIELD, LLC",602 552 303,409804,"2940 FAIRVIEW AVE E, SEATTLE, WA, 98102, UNITED STATES",Administratively Dissolved,False,False,False,
ADELPHI LLC,"ADELPHI, LLC",602 174 021,474300,"1168 HARVARD AVE E STE 3, SEATTLE, WA, 98102-4397, UNITED STATES",Active,False,False,False,
NAUTICAL LANDING LLC,"NAUTICAL LANDING, LLC",602 769 109,863282,"2500 WESTLAKE AVE N STE E, SEATTLE, WA, 98109-2262, UNITED STATES",Active,False,False,False,
CITY INVESTORS XXIV LLC,CITY INVESTORS XXIV L.L.C.,602 661 600,619191,"505 5TH AVE S STE 900, SEATTLE, WA, 98104, UNITED STATES",Active,False,False,False,
IRP CHROMA APARTMENTS LLC,"IRP CHROMA APARTMENTS, LLC",604 468 824,1289386,"394 PACIFIC AVE FL 2, SAN FRANCISCO, CA, 94111-1715, UNITED STATES",Active,True,False,False,
RAR2 QUEEN ANNE - METRO MARKET QRS LLC,"RAR2 QUEEN ANNE - METRO MARKET QRS, LLC",603 126 960,925853,"222 SOUTH RIVERSIDE PLAZA, 34TH FLOOR, CHICAGO, IL, 60606, UNITED STATES",Active,False,False,False,
17910 BURBANK LLC,"17910 BURBANK, LLC",603 286 300,766007,"2801 ALASKAN WAY, C/O MN SERVICE CORPORATION (WA), SEATTLE, WA, 98121-1128, UNITED STATES",Active,False,False,False,
WPPI SEATTLE AC LLC,"WPPI SEATTLE AC, LLC",604 224 250,1183580,"9800 CONNECTICUT DRIVE, CROWN POINT, IN, 46307, UNITED STATES",Withdrawn,False,False,False,
SULMONETTI ZINN LLC,"SULMONETTI ZINN, LLC",601 723 514,1044405,"525 MINOR AVE N, SEATTLE, WA, 98109-5665, UNITED STATES",Active,False,False,False,
SHLP NEPTUNE LLC,"SHLP NEPTUNE, LLC",604 287 458,1207894,,,False,True,True,
PPF AMLI 535 PONTIUS AVENUE NORTH LLC,"PPF AMLI 535 PONTIUS AVENUE NORTH, LLC",602 677 351,405231,"141 W JACKSON BLVD, STE 300, CHICAGO, IL, 60604-3123, UNITED STATES",Active,False,False,False,
400 FAIRVIEW LLC,"400 FAIRVIEW, LLC",603 158 145,58731,"389 INTERPACE PKWY, 5TH FLOOR, PARSIPPANY, NJ, 07054-1132, UNITED STATES",Withdrawn,False,False,False,
EQR-ALCYONE APARTMENTS LLC,"EQR-ALCYONE APARTMENTS, LLC",603 449 360,151326,"TWO NORTH RIVERSIDE PLAZA, SUITE 400, CHICAGO, IL, 60606, UNITED STATES",Active,False,False,False,
SI XXI LLC,"SI XXI, LLC",602 991 216,979599,"599 CASTRO ST STE 400, MOUNTAIN VIEW, CA, 94041-3009, UNITED STATES",Active,False,False,False,
229 QUEEN ANNE NORTH LLC,"229 QUEEN ANNE NORTH, LLC",602 040 679,37149,"11029 TOTEM POLE LN, WOODWAY, WA, 98020-5237, UNITED STATES",Active,False,False,False,
GDCV LOWER QUEEN ANNE LLC,"GDCV LOWER QUEEN ANNE, LLC",603 549 618,225279,"465 MEETING STREET, STE.500, CHARLESTON, SC, 29403, UNITED STATES",Active,False,False,False,
CHAMPION SLU PROPERTY LLC,"CHAMPION SLU PROPERTY, LLC",604 372 940,1249568,"3201 WILSHIRE BLVD STE 102, SANTA MONICA, CA, 90403-2344, UNITED STATES",Active,False,False,False,
DELMONT APARTMENTS LLC,"DELMONT APARTMENTS, LLC",602 785 807,141496,"41206 SE REINIG RD, SNOQUALMIE, WA, 98065-9050, UNITED STATES",Active,False,False,False,
MGP 42 LLC,"MGP 42, LLC",603 043 679,820078,"4500 DORR ST, TOLEDO, OH, 43615, UNITED STATES",Active,False,False,False,
TB 800 SECOND AVENUE LLC,"TB 800 SECOND AVENUE, L.L.C.",602 776 753,462512,"511 BOREN AVE N STE 300, SEATTLE, WA, 98109-5505, UNITED STATES",Active,False,False,False,
AQUA TERRACE LLC,"AQUA TERRACE, LLC",602 605 112,544548,"100 BOSTON ST, SEATTLE, WA, 98109-2321, UNITED STATES",Active,True,False,False,
GILBERT SEATTLE GROUP LLC,"GILBERT SEATTLE GROUP, LLC",604 922 567,1565768,"113 CHERRY ST # 83202, SEATTLE, WA, 98104-2205, UNITED STATES",Active,False,False,False,
CROSSPOINTE INVESTMENTS LLC,"CROSSPOINTE INVESTMENTS, L.L.C.",602 360 737,126796,"10831 SE LAKE RD, BELLEVUE, WA, 98004, UNITED STATES",Active,False,False,False,
BROADWAY SILVER CLOUD INN LLC,BROADWAY SILVER CLOUD INN L.L.C.,601 918 968,589158,"103 118TH AVE SE, SUITE 300, BELLEVUE, WA, 98005-3753, UNITED STATES",Active,False,False,False,
KELLER FAMILY PROPERTIES LLC,"KELLER FAMILY PROPERTIES, LLC",601 991 252,273945,"3209 17TH AVE W, SEATTLE, WA, 98119-1708, UNITED STATES",Active,True,False,False,
SS INTERBAY LLC,"SS INTERBAY, LLC",604 081 558,284210,"4901 Vineland Road, Suite 350, ORLANDO, FL, 32811-7300, UNITED STATES",Active,False,False,False,
INTERBAY URBAN STORAGE LLC,"INTERBAY URBAN STORAGE, LLC",603 576 703,755907,"5030 KATELLA AVE STE 228, LOS ALAMITOS, CA, 90720-2819, UNITED STATES",Active,False,False,False,
A-1 SELF STORAGE LLC,"A-1 SELF STORAGE, LLC",602 181 161,1093078,"16482 SE 48TH PL, BELLEVUE, WA, 98006-5820, UNITED STATES",Active,False,False,False,
MAGNOLIA BRIDGE SELF STORAGE INVESTMENT LLC,"MAGNOLIA BRIDGE SELF STORAGE INVESTMENT, LLC",604 169 981,315324,"2105 MADISON ST, MADISON, WI, 53711-2131, UNITED STATES",Active,False,False,False,
ESSEX CANVAS LLC,"ESSEX CANVAS, LLC",604 839 379,1519908,"1100 PARK PL STE 200, SAN MATEO, CA, 94403-7107, UNITED STATES",Active,False,False,False,
LPF SLATE LLC,"LPF SLATE, LLC",603 279 259,821228,"333 W WACKER DR STE 2300, CHICAGO, IL, 60606-1266, UNITED STATES",Active,False,False,False,
H2O APARTMENTS LLC,"H2O APARTMENTS, LLC",602 967 741,724636,"14808 210TH AVE NE, WOODINVILLE, WA, 98077-7634, UNITED STATES",Active,False,False,False,
SKYLINE HOUSE APARTMENTS LLC,"SKYLINE HOUSE APARTMENTS, LLC",602 158 224,433208,"600 W OLYMPIC PL, SEATTLE, WA, 98119-3648, UNITED STATES",Active,False,False,False,
CTA I LLC,"CTA I, LLC",603 511 720,636039,"218 ROCKMONT DR, FORT MILL, SC, 29708",Terminated,False,False,False,
KAPLAN REAL ESTATE SERVICES LLC,"KAPLAN REAL ESTATE SERVICES, LLC",602 006 344,278506,"733 98TH AVE NE, 98TH AVE NE, BELLEVUE, WA, 98004-4916, UNITED STATES",Active,False,False,False,
FRANCONIA APARTMENTS LLC,"FRANCONIA APARTMENTS, LLC",602 867 174,171089,"900 UNIVERSITY ST, APT. 14-O, SEATTLE, WA, 98101-2580, UNITED STATES",Active,False,False,False,
LOLA APARTMENTS LLC,"LOLA APARTMENTS, LLC",604 557 104,1329543,"326 W MERCER ST, SEATTLE, WA, 98119-3959, UNITED STATES",Active,False,False,False,
LA CHARME ASSOCIATES LLC,"LA CHARME ASSOCIATES, LLC",602 906 907,803163,"9802 RAINIER AVE SOUTH, SEATTLE, WA, 98118, UNITED STATES",Active,False,False,False,
FOURTH WEST PROPERTIES LLC,FOURTH WEST PROPERTIES LIMITED LIABILITY COMPANY,601 772 037,699569,"601 UNION ST #2600, SEATTLE, WA, 98101, UNITED STATES",Active,True,False,False,
CARLYLE APARTMENTS SEATTLE LLC,"CARLYLE APARTMENTS SEATTLE, LLC",603 218 648,622087,"3595 NW 85TH TER, OCALA, FL, 34482-3885, UNITED STATES",Active,False,False,False,
LINEAGE WA POS RE 2 LLC,"LINEAGE WA POS RE 2, LLC",604 545 083,1393727,"46500 HUMBOLT DRIVE, NOVI, MI, 48377, UNITED STATES",Active,False,False,False,
SVAP III ELLIOT PLAZA LLC,"SVAP III ELLIOT PLAZA, LLC",604 369 616,1244286,"302 DATURA STREET, SUITE 100, WEST PALM BEACH, FL, 33401, UNITED STATES",Active,False,False,False,
CRUISE LLC,"CRUISE, LLC",603 479 745,130102,"1111 EXPEDIA GROUP WAY W, ATTN LEGAL, SEATTLE, WA, 98119-1111, UNITED STATES",Active,False,False,False,
HAYS ELLIOTT PROPERTIES LLC,HAYS ELLIOTT PROPERTIES L.L.C.,601 950 369,746600,"1436 ELLIOTT AVE W, SEATTLE, WA, 98119-3124, UNITED STATES",Active,False,False,False,
QA CANAL LLC,"QA CANAL, LLC",604 668 335,1398852,"115 DORFFEL DR E, SEATTLE, WA, 98112-5001, UNITED STATES",Active,False,False,False,
BAYVIEW BUILDING ASSOCIATES LLC,"BAYVIEW BUILDING ASSOCIATES, LLC",602 317 225,564000,"5465 BEACH DR SW, SEATTLE, WA, 98136-1045, UNITED STATES",Active,False,False,False,
HIT PORTFOLIO II OWNER LLC,"HIT PORTFOLIO II OWNER, LLC",603 438 306,256951,"11325 RANDOM HILLS RD, SUITE 360, FAIRFAX, VA, 22030-0972, UNITED STATES",Active,False,False,False,
98 NORFOLK LLC,"98 NORFOLK, LLC",602 690 850,360449,"9877 40TH AVE S, SEATTLE, WA, 98118, UNITED STATES",Active,False,False,False,
5940 MARTIN LUTHER KING WAY SOUTH LLC,"5940 MARTIN LUTHER KING WAY SOUTH, LLC",604 998 596,1619694,"3106 SUMNER TAPPS HWY E STE A, LAKE TAPPS, WA, 98391-6716, UNITED STATES",Active,False,False,False,
MATTESON GREENHOUSE INVESTORS LLC,"MATTESON GREENHOUSE INVESTORS, LLC",603 331 579,323458,"GREENHOUSE - 3701 S HUDSON STREET, SEATTLE, WA, 98118, UNITED STATES",Active,False,False,False,
STATION AT OTHELLO PARK LLC,"STATION AT OTHELLO PARK, LLC",603 409 744,1002879,"601 S. FIGUEROA STREET,49TH FLOOR, LOS ANGELES, CA, 90017, UNITED STATES",Active,False,False,False,
SB-FELIX NORTH LLC,"SB-FELIX NORTH, LLC",604 778 491,1475855,"5506 6TH AVE S STE 206, SEATTLE, WA, 98108-2553, UNITED STATES",Active,True,False,False,
SOUTH BENNETT STREET HOMES LLC,"SOUTH BENNETT STREET HOMES, LLC",602 660 044,962826,"1737 NW 56TH ST #101B, SEATTLE, WA, 98107, UNITED STATES",Administratively Dissolved,False,False,False,
CROWN HILL LLC,"CROWN HILL, LLC",602 089 847,648850,"5143 NE LAURELCREST LN, SEATTLE, WA, 98105-5247, UNITED STATES",Active,False,False,False,
LILLEHAMMER LLC,"LILLEHAMMER, LLC",603 487 098,323875,"950 N 72ND ST #100, SEATTLE, WA, 98103, UNITED STATES",Active,False,False,False,
CP5 NOBA LLC,"CP5 NOBA, LLC",604 964 080,1593598,"2082 MICHELSON DR FL 4, IRVINE, CA, 92612-1212, UNITED STATES",Active,False,False,False,
CP5 BELAY LLC,"CP5 BELAY, LLC",604 967 620,1593588,"2082 MICHELSON DR FL 4, IRVINE, CA, 92612-1212, UNITED STATES",Active,False,False,False,
NW LIMITED PARTNERSHIP,NW LLC,604 054 160,357864,"735 95TH AVE NE, BELLEVUE, WA, 98004, UNITED STATES",Administratively Dissolved,False,False,False,
CROWN RIDGE LLC,"CROWN RIDGE, LLC",602 403 208,1107512,"457 N 39TH ST, SEATTLE, WA, 98103-8559, UNITED STATES",Active,False,False,False,
FORTYSEVEN LLC,"FORTYSEVEN, LLC",604 043 847,698922,"8356 16TH AVE NW, SEATTLE, WA, 98117-3662, UNITED STATES",Active,False,False,False,
SVF ADMIRAL SAFEWAY SEATTLE LLC,"SVF ADMIRAL SAFEWAY SEATTLE, LLC",603 220 283,1001668,"C/O AMERICAN REALTY ADVISORS, 515 S. FLOWER ST, 49TH FLOOR, LOS ANGELES, CA, 90071, UNITED STATES",Active,False,False,False,
3 M 42 LLC,"3 M 42, LLC",604 076 079,1092155,"4532 42ND AVE SW, SEATTLE, WA, 98116-4755, UNITED STATES",Active,False,False,False,
BROADSTONE SKY LLC,"BROADSTONE SKY, LLC",603 395 732,602318,"C/O AEW, 2 SEAPORT LANE, 15TH FLOOR, BOSTON, MA, 02210, UNITED STATES",Active,False,False,False,
4730 CALIFORNIA LLC,"4730 CALIFORNIA, LLC",603 272 348,5382,"6710 E CAMELBACK RD, SUITE 100, SCOTTSDALE, AZ, 85251-2031, UNITED STATES",Active,True,False,False,
HUDSON SQUARE APARTMENTS LLC,"HUDSON SQUARE APARTMENTS, LLC",602 698 010,749941,"2940 FAIRVIEW AVE E, SEATTLE, WA, 98102-3016, UNITED STATES",Active,False,False,False,
4801 FAUNTLEROY LLC,"4801 FAUNTLEROY, LLC",603 554 569,344604,"2633 EASTLAKE AVE E STE 307, SEATTLE, WA, 98102-3231, UNITED STATES",Active,False,False,False,
4821 FAUNTLEROY LLC,"4821 FAUNTLEROY, LLC",603 234 691,344607,"4821 FAUNLEROY WAY SW, SEATTLE, WA, 98116, UNITED STATES",Active,False,False,False,
RIPPLE ROCK LLC,RIPPLE ROCK L.L.C.,601 928 799,951222,,Administratively Dissolved,True,False,False,
PARK HAMILTON INVESTORS 2019 LLC,"PARK HAMILTON INVESTORS 2019, LLC",604 513 802,1309470,"117 E LOUISA ST STE 185, SEATTLE, WA, 98102-3203, UNITED STATES",Active,False,False,False,
VILLA ANDORA 1520 LLC,"VILLA ANDORA 1520, LLC",604 926 618,1567194,"15726 25TH DR SE, MILL CREEK, WA, 98012-7866, UNITED STATES",Active,False,False,False,
ALKI 37 LLC,"ALKI 37, LLC",602 351 385,536197,"ALKI PROPERTY MANAGEMTN LLC, 5407 BEACH DR SW, SEATTLE, WA, 98136, UNITED STATES",Active,False,False,False,
MANNING PLACE LLC,"MANNING PLACE, LLC",602 632 416,306864,"1200 WESTLAKE AVE N STE 310, SEATTLE, WA, 98109-3528, UNITED STATES",Active,False,False,False,
ALJOYA THORNTON PLACE LLC,"ALJOYA THORNTON PLACE, LLC",602 743 018,26070,"400 UNION ST, SEATTLE, WA, 98101-2502, UNITED STATES",Active,False,False,False,
MGP XIV LLC,"MGP XIV, LLC",602 092 949,815215,"4500 DORR ST, TOLEDO, OH, 43615-4040, UNITED STATES",Merged,False,False,False,
BRFII NORTHGATE LLC,"BRFII NORTHGATE, LLC",604 757 305,1455915,"11611 SAN VICENTE BLVD STE 900, LOS ANGELES, CA, 90049, UNITED STATES",Active,False,False,False,
CHSW HOLDINGS NORTHWEST LLC,"CHSW HOLDINGS NORTHWEST, LLC",604 829 081,1509286,"12360 LAKE CITY WAY NE STE 450, SEATTLE, WA, 98125-5452, UNITED STATES",Active,False,False,False,
EAST UNION 22 LLC,"EAST UNION 22, LLC",603 447 479,672944,"401 N 36TH ST STE 104, SEATTLE, WA, 98103-8630, UNITED STATES",Active,False,False,False,
2051 MADISON STREET PARTNERS LLC,"2051 MADISON STREET PARTNERS, LLC",603 371 500,3561,"11601 WILSHIRE BLVD STE 2110, LOS ANGELES, CA, 90025-1784, UNITED STATES",Active,False,False,False,
GS ZIG LLC,"GS ZIG, LLC",604 209 573,1177383,"465 MEETING STREET STE.500, CHARLESTON, SC, 29403, UNITED STATES",Active,False,False,False,
RISE-CG CAPITOL HILL LP,"RISE-CG CAPITOL HILL, LP",604 312 438,1220449,"C/O RISE PROPERTIES, 1518 1ST AVE S, SEATTLE, WA, 98134, UNITED STATES",Active,False,False,False,
TA PIKE MOTORWORKS LLC,"TA PIKE MOTORWORKS, LLC",604 424 168,1276709,"1 FEDERAL ST FL 17, BOSTON, MA, 02110-2003, UNITED STATES",Active,False,False,False,
ASB REO FLATS LLC,"ASB REO FLATS, LLC",603 483 950,1096982,"C/O ASB CAPITAL MANAGEMENT LLC, 7501 WISCONSIN AVENUE, SUITE 1300W, BETHESDA, MD, 20814, UNITED STATES",Active,False,False,False,
SEATTLE MADISON LLC,"SEATTLE MADISON, L.L.C.",603 226 910,445387,"1900 WEST LOOP S, SUITE 1300, HOUSTON, TX, 77027-3214, UNITED STATES",Active,False,False,False,
ASB SUNSET ELECTRIC LLC,"ASB SUNSET ELECTRIC, LLC",603 483 976,44277,"C/O ASB CAPITAL MANAGEMENT LLC, 7501 WISCONSIN AVENUE, SUITE 1300W, BETHESDA, MD, 20814, UNITED STATES",Active,False,False,False,
BARCLAY 118 LLC,"BARCLAY 118, LLC",603 491 373,51053,"2033 6TH AVE, SUITE 600, SEATTLE, WA, 98121-2591, UNITED STATES",Active,False,False,False,
EQR-320 PINE LLC,"EQR-320 PINE, LLC",603 401 449,190555,"TWO NORTH RIVERSIDE PLAZA, SUITE 400, CHICAGO, IL, 60606, UNITED STATES",Active,False,False,False,
1011 E TERRACE ST OWNER LLC,"1011 E TERRACE ST OWNER, LLC",604 795 740,1484822,"15 LAKE BELLEVUE DR STE 200, BELLEVUE, WA, 98005-2485, UNITED STATES",Active,False,False,False,
VITALITY ON HOWELL LLC,"VITALITY ON HOWELL, LLC",604 151 885,1073149,"29328 1ST AVE S, FEDERAL WAY, WA, 98003-3638, UNITED STATES",Active,False,False,False,
1531 BROADWAY LLC,"1531 BROADWAY, LLC",603 614 346,33921,"1180 W PEACHTREE ST NW, SUITE 2100, ATLANTA, GA, 30309-3495, UNITED STATES",Active,False,False,False,
UNION 18 PARTNERS LLC,"UNION 18 PARTNERS, LLC",604 027 754,1025265,"11601 WILSHIRE BLVD STE 2110, LOS ANGELES, CA, 90025-1784, UNITED STATES",Active,False,False,False,
UPPER PINE LLC,"UPPER PINE, LLC",602 565 039,1060814,"1620 BROADWAY STE 201, SEATTLE, WA, 98122-2564, UNITED STATES",Active,False,False,False,
MORRIS APARTMENTS LLC,"MORRIS APARTMENTS, LLC",602 485 583,872622,"1743 SUMMIT AVE, SEATTLE, WA, 98122-6921, UNITED STATES",Active,False,False,False,
ABONITA LLC,"ABONITA, LLC",602 557 412,16353,"2940 FAIRVIEW AVE E, SEATTLE, WA, 98102-3016, UNITED STATES",Active,False,False,False,
OLIVE TERRACE APARTMENTS LLC,"OLIVE TERRACE APARTMENTS, L.L.C.",601 677 809,855598,"420 E HOWELL ST, SEATTLE, WA, 98122-6949, UNITED STATES",Active,False,False,False,
312 E OLIVE PL LLC,"312 E OLIVE PL, LLC",602 684 297,5040,"357 S SAMS ST, MONROE, WA, 98272-2235, UNITED STATES",Active,False,False,False,
CRE WINSTON LLC,"CRE WINSTON, LLC",603 154 997,124091,"2930 WESTLAKE AVE N #100, SEATTLE, WA, 98109, UNITED STATES",Active,False,False,False,
RANDOLPH PARTNERS LLC,"RANDOLPH PARTNERS, LLC",602 376 737,954098,"1200 WESTLAKE AVE N STE 608, SEATTLE, WA, 98109-3529, UNITED STATES",Delinquent,False,False,False,
WASHINGTON IRVING 2012 LLC,"WASHINGTON IRVING 2012, LLC",603 244 761,509005,"117 E LOUISA ST # 185, SEATTLE, WA, 98102-3203, UNITED STATES",Active,False,False,False,
EQR-RIANNA I LLC,"EQR-RIANNA I, LLC",602 985 521,166002,,,False,True,True,
510 BROADWAY PARTNERS LLC,"510 BROADWAY PARTNERS, LLC",604 130 419,249135,"3303 HUNTER BLVD S, SEATTLE, WA, 98144, UNITED STATES",Active,False,False,False,
BOREN DEVELOPMENT LLC,"BOREN DEVELOPMENT, LIMITED LIABILITY COMPANY",602 277 440,53805,"4554 CALIFORNIA AVE SW, SEATTLE, WA, 98116-4111, UNITED STATES",Active,False,False,False,
BANCROFT INVESTORS 2009 LLC,"BANCROFT INVESTORS 2009, LLC",602 884 438,1098331,"117 E LOUISA ST # 185, SEATTLE, WA, 98102-3203, UNITED STATES",Active,False,False,False,
PARAMOUNT APARTMENTS LLC,"PARAMOUNT APARTMENTS, LLC",602 785 818,377188,"41206 SE REINIG RD, SNOQUALMIE, WA, 98065-9050, UNITED STATES",Active,False,False,False,
HOWELL STREET ASSOCIATES LLC,"HOWELL STREET ASSOCIATES, LLC",602 530 921,743440,"1225 S WELLER ST STE 550, SEATTLE, WA, 98144, UNITED STATES",Active,False,False,False,
TE GKI BOYLSTON LLC,"TE GKI BOYLSTON, LLC",604 755 176,1463782,"1827 EVERGREEN POINT RD, MEDINA, WA, 98039-2325, UNITED STATES",Active,False,False,False,
YESLER PLACE LLC,"YESLER PLACE, LLC",603 239 860,580406,"801 23RD AVE S STE 201, SEATTLE, WA, 98144, UNITED STATES",Active,False,False,False,
MADISON CROSSING LLC,"MADISON CROSSING, L.L.C.",601 640 421,847337,"1315 5TH AVE WEST, SEATTLE, WA, 98119, UNITED STATES",Active,False,False,False,
PIKE BUILDING LLC,"PIKE BUILDING, LLC",602 627 271,879322,"1000 E PIKE ST, SEATTLE, WA, 98122-3819, UNITED STATES",Active,False,False,False,
700 BROADWAY MOB LLC,"700 BROADWAY MOB, LLC",604 813 518,1495435,"5050 S SYRACUSE ST, SUITE 800, DENVER, CO, 80237-3379, UNITED STATES",Active,False,False,False,
HCP 600 BROADWAY MOB LLC,"HCP 600 BROADWAY MOB, LLC",602 451 583,219437,"1920 MAIN STREET, STE 1200, IRVINE, CA, 92614, UNITED STATES",Active,False,False,False,
1205 EAST PIKE LLC,"1205 EAST PIKE, LLC",604 846 312,1515892,"2633 EASTLAKE AVE E, SUITE 307, SEATTLE, WA, 98102, UNITED STATES",Active,False,False,False,
900 E PINE LLC,"900 E PINE, LLC",602 468 492,15353,"1620 BROADWAY STE 200, SEATTLE, WA, 98122-2564, UNITED STATES",Active,False,False,False,
AP PINE AND BOYLSTON LLC,"AP PINE AND BOYLSTON, LLC",604 564 004,1330263,"1616 CAMDEN ROAD, SUITE 210, CHARLOTTE, NC, 28203, UNITED STATES",Active,False,False,False,
SEATTLE PACIFIC BUSINESS PARK LLC,"SEATTLE PACIFIC BUSINESS PARK, LLC",602 282 480,988567,"241 S LANDER ST, SEATTLE, WA, 98134-1901, UNITED STATES",Active,False,False,False,
SODO PARTNERS LLC,"SODO PARTNERS, LLC",603 165 128,439251,"2005 AIRPORT WAY S, SEATTLE, WA, 98134, UNITED STATES",Active,False,False,False,
TRIGGER BUILDING LLC,"TRIGGER BUILDING, LLC",604 664 718,1397188,"2302 HEWITT AVE, EVERETT, WA, 98201, UNITED STATES",Active,False,False,False,
CEDERSTRAND RENTALS LLC,"CEDERSTRAND RENTALS, LLC",602 165 885,612884,"7621 RAINIER AVE S, SEATTLE, WA, 98118-3947, UNITED STATES",Active,False,False,False,
2724 1ST AVENUE SOUTH LLC,"2724 1ST AVENUE SOUTH, LLC",602 561 540,6773,"8451 SE 68TH ST STE 200, MERCER ISLAND, WA, 98040-5240, UNITED STATES",Active,False,False,False,
HUDSON STREET SPE LLC,"HUDSON STREET SPE, LLC",602 634 550,733107,"5005 3RD AVE S, PO BOX 24567, SEATTLE, WA, 98124, UNITED STATES",Active,False,False,False,
INS HOLDINGS LLC,"INS HOLDINGS, LLC",602 816 382,162803,"1400 AIRPORT WAY S, SEATTLE, WA, 98134-1613, UNITED STATES",Active,False,False,False,
1ST AVENUE SOUTH SEATTLE OWNER LLC,"1ST AVENUE SOUTH SEATTLE OWNER, LLC",604 757 395,1464721,"515 S FLOWER ST FL 49, LOS ANGELES, CA, 90071-2201, UNITED STATES",Active,False,False,False,
SC SEATTLE RE II LLC,"SC SEATTLE RE II, LLC",604 921 267,1567206,"1650 SPRING GATE LN, LAS VEGAS, NV, 89134-6247, UNITED STATES",Active,False,False,False,
CGA II LLC,"CGA II, L.L.C.",602 766 632,619168,"2401 4TH AVE, STE 840, SEATTLE, WA, 98121-3419, UNITED STATES",Active,False,False,False,
640 SPOKANE LLC,"640 SPOKANE, LLC",603 452 157,309770,"1833 PARKSIDE DR E, SEATTLE, WA, 98112-3722, UNITED STATES",Active,False,False,False,
MONROE COMMERCIAL PROPERTIES LLC,"MONROE COMMERCIAL PROPERTIES, LLC",603 001 881,839856,"717 S. LANDER ST., SEATTLE, WA, 98134, UNITED STATES",Active,False,False,False,
STADIUM SILVER CLOUD INN LLC,"STADIUM SILVER CLOUD INN, L.L.C.",602 213 697,473239,"103 118TH AVE SE, SUITE 300, BELLEVUE, WA, 98005-3753, UNITED STATES",Active,False,False,False,
DAHLGREN FAMILY LLC #1,DAHLGREN FAMILY L.L.C. #1,602 115 049,643820,"701 5TH AVE STE 5500, SEATTLE, WA, 98104-7096, UNITED STATES",Voluntarily Dissolved,True,False,False,
NORTH SEATTLE AURORA PROPERTIES LLC,"NORTH SEATTLE AURORA PROPERTIES, LLC",604 078 335,894501,"13733 AURORA AVE N, SEATTLE, WA, 98133-6912, UNITED STATES",Active,False,False,False,
10306 MERIDIAN AVENUE NORTH LLC,"10306 MERIDIAN AVENUE NORTH, LLC",603 214 072,3272,"44 MONTGOMERY ST, SUITE 610, SAN FRANCISCO, CA, 94104-4608, UNITED STATES",Active,False,False,False,
FFHS HOUSING PARTNERS LP,"FFHS HOUSING PARTNERS, LP",604 212 609,1176360,"415 1ST AVENUE NORTH, #19240, SEATTLE, WA, 98109, UNITED STATES",Active,False,False,False,
CEDRUS PROPERTIES LLC,"CEDRUS PROPERTIES, LLC",603 356 543,119435,"2229 112TH AVE NE STE 200, BELLEVUE, WA, 98004-2981, UNITED STATES",Active,False,False,False,
TRISTAR PROPERTIES LLC,"TRISTAR PROPERTIES, LLC",602 746 036,999469,"413 WILDCAT ST SE, LACEY, WA, 98503, UNITED STATES",Administratively Dissolved,False,False,False,
TRISTAR PROPERTIES LLC,"TRISTAR PROPERTIES, LLC",604 085 731,494688,"605 WENDELL DR., CAMPBELL, CA, 95008, UNITED STATES",Active,False,False,False,
GREENWOOD VISTA LLC,"GREENWOOD VISTA, LLC",604 117 034,706437,"226 SUMMIT AVE. EAST, SEATTLE, WA, 98102, UNITED STATES",Active,False,False,False,
MFP INVESTMENTS LLC,"MFP INVESTMENTS, LLC",604 291 047,1208925,"31351 OLD SAN JUAN RD, SAN JUAN CAPO, CA, 92675-2406, UNITED STATES",Active,False,False,False,
SUMMER AURORA LLC,"SUMMER AURORA, LLC",604 150 557,1025550,"11258 RIVIERA PL NE, SEATTLE, WA, 98125-5959, UNITED STATES",Active,False,False,False,
11010 GREENWOOD SEATTLE LLC,"11010 GREENWOOD SEATTLE, LLC",604 087 014,5123,"1913 14TH AVE E, SEATTLE, WA, 98112-2801, UNITED STATES",Active,False,False,False,
MIRALY PATSM LLC,"MIRALY PATSM, LLC",603 329 443,353260,"2216 70TH AVE SE, MERCER ISLAND, WA, 98040, UNITED STATES",Active,False,False,False,
TALL COMPANY LLC,TALL COMPANY L.L.C.,602 738 799,1006841,"1200 5TH AVE, SUITE 1925, SEATTLE, WA, 98101-1127, UNITED STATES",Active,False,False,False,
MGP X AURORA LLC,"MGP X AURORA, LLC",604 026 747,848464,"425 CALIFORNIA ST FL 10, SAN FRANCISCO, CA, 94104-2102, UNITED STATES",Active,False,False,False,
TLK PROPERTIES LLC,TLK PROPERTIES L.L.C.,602 191 912,485350,"433 W ROLLING HILLS LN, WENATCHEE, WA, 98801-9161, UNITED STATES",Active,False,False,False,
NORTHWAY WEST LLC,NORTHWAY WEST L.L.C.,602 351 771,347090,"433 W ROLLING HILLS LN, WENATCHEE, WA, 98801-9161, UNITED STATES",Active,False,False,False,
PCK-DLK LLC,PCK-DLK L.L.C.,604 498 616,1307775,"16340 MAPLEWILD AVE SW, BURIEN, WA, 98166-3130, UNITED STATES",Active,False,False,False,
PCK-DLK LLC,"PCK-DLK, LLC",602 850 779,900921,"4600 37TH AVE SW, SEATTLE, WA, 98126, UNITED STATES",Administratively Dissolved,False,False,False,
NOVA APARTMENTS LLC,"NOVA APARTMENTS, LLC",604 460 769,1285457,"6043 TAMPA AVE STE 101A, TARZANA, CA, 91356-1194, UNITED STATES",Active,False,False,False,
SEACLIFF WESTSIDE II LLC,"SEACLIFF WESTSIDE II, LLC",603 447 728,942513,"1000 S SEAWARD AVE, VENTURA, CA, 93001-3735, UNITED STATES",Active,False,False,False,
AVALON WEST PARTNERS LLC,"AVALON WEST PARTNERS, LLC",603 459 868,46198,"19009 PARK COMMONS DR, BEND, OR, 97703-6790, UNITED STATES",Active,False,False,False,
SVF LINK SEATTLE LLC,"SVF LINK SEATTLE, LLC",603 186 338,455653,"C/O AMERICAN REALTY ADVISORS, 515 S. FLOWER ST 49TH FLOOR, LOS ANGELES, CA, 90071, UNITED STATES",Active,False,False,False,
HILL CREST WEST SEATTLE LLC,"HILL CREST WEST SEATTLE, L.L.C.",602 258 029,230327,"219 E GARFIELD ST STE 600, SEATTLE, WA, 98102-3785, UNITED STATES",Active,False,False,False,
SWEENEY ORCHARDS TWO LLC,"SWEENEY ORCHARDS TWO, LLC",604 205 552,1172320,"4422 36TH AVE SW, SEATTLE, WA, 98126-2622, UNITED STATES",Active,False,False,False,
MMJV LLC,"MMJV, LLC",604 647 540,1379193,"9830 SE 35TH PL, MERCER ISLAND, WA, 98040-3150, UNITED STATES",Active,False,False,False,
ASAR LLC,ASAR LIMITED LIABILITY COMPANY,602 231 454,41778,"111 SUNSET AVE N STE 200, EDMONDS, WA, 98020-3229, UNITED STATES",Active,False,False,False,
LAKE CITY 5 LLC,"LAKE CITY 5, LLC",603 442 618,279994,"11525 LAKE CITY WAY NE, SEATTLE, WA, 98125-5327, UNITED STATES",Active,False,False,False,
26TH AVENUE BUILDING LLC,"26TH AVENUE BUILDING, LLC",602 973 737,6692,"8806 ROOSEVELT WAY NE, SEATTLE, WA, 98115-3042, UNITED STATES",Active,False,False,False,
DB FIVE SEATTLE GROCERY LLC,"DB FIVE SEATTLE GROCERY, LLC",604 271 305,1199155,"3131 TURTLE CREEK BLVD FL 11, DALLAS, TX, 75219-5405, UNITED STATES",Active,False,False,False,
SCHARMACH SEATTLE LLC,"SCHARMACH SEATTLE, LLC",602 830 375,420006,"3901 20TH ST E, FIFE, WA, 98424, UNITED STATES",Active,False,False,False,
ORIGIN APARTMENT INVESTORS LLC,"ORIGIN APARTMENT INVESTORS, LLC",604 254 888,1198300,"1900 S NORFOLK ST STE 225, SAN MATEO, CA, 94403-1166, UNITED STATES",Active,False,False,False,
VILLA APPIA LLC,"VILLA APPIA, LLC",602 130 547,1081733,"12300 31ST AVE NE STE A, SEATTLE, WA, 98125-5555, UNITED STATES",Active,False,False,False,
PROMENADE LAKE CITY LLC,"PROMENADE LAKE CITY, LLC",603 269 329,387606,"219 E GARFIELD ST STE 600, SEATTLE, WA, 98102-3785, UNITED STATES",Active,False,False,False,
SOLARA SEATTLE APARTMENTS LLC,"SOLARA SEATTLE APARTMENTS, LLC",604 794 783,1486848,"660 NEWPORT CENTER DR STE 1300, NEWPORT BEACH, CA, 92660-6492, UNITED STATES",Withdrawn,True,False,False,
FSC LAKE CITY ASSOCIATES LLC,"FSC LAKE CITY ASSOCIATES, LLC",603 222 827,715092,"12500 -12520 LAKE CITY WAY, SEATTLE, WA, 98125-0000, UNITED STATES",Active,False,False,False,
DPE INVESTMENTS LLC,"DPE INVESTMENTS, LLC",602 114 682,659220,,,False,True,True,
ROOSEVELT PARK APARTMENTS LLC,ROOSEVELT PARK APARTMENTS LIMITED PARTNERSHIP,602 921 425,944112,,,False,True,True,
ROOSEVELT PARK APARTMENTS LLC,"ROOSEVELT PARK APARTMENTS, LLC",602 921 425,944112,"12537 15TH AVE NE STE 204, SEATTLE, WA, 98125, UNITED STATES",Active,False,True,True,
ROOSEVELT SQUARE APARTMENTS LLC,"ROOSEVELT SQUARE APARTMENTS, LLC",603 252 360,952448,"1800 WESTLAKE NORTH, SUITE 305, SEATTLE, WA, 98109, UNITED STATES",Active,False,False,False,
MULLALLY FAMILY LLC,MULLALLY FAMILY L.L.C.,602 421 895,1134854,"2825 EASTLAKE AVE E, SUITE 250, SEATTLE, WA, 98102-3013, UNITED STATES",Active,False,False,False,
MULLALLY & SON INVESTORS LLC,"MULLALLY & SON INVESTORS, L.L.C.",602 265 734,340479,"2825 EASTLAKE AVE E, SUITE 250, SEATTLE, WA, 98102-3013, UNITED STATES",Active,False,False,False,
PLAZA 15 LLC,PLAZA 15 L.L.C.,602 211 527,378941,"2825 EASTLAKE AVE E STE 250, SEATTLE, WA, 98102-3013, UNITED STATES",Active,False,False,False,
MIKE AND LISA KELLEY LLC,"MIKE AND LISA KELLEY, L.L.C.",602 479 550,333155,"1526 NE 143RD ST, SEATTLE, WA, 98125-3239, UNITED STATES",Active,False,False,False,
MILLS EVANSTON LLC,"MILLS EVANSTON, LLC",602 157 379,847828,"11002 35TH AVE NE, SEATTLE, WA, 98125-6800, UNITED STATES",Active,False,False,False,
12040 28TH AVENUE LLC,"12040 28TH AVENUE, LLC",603 509 282,2066,"6043 TAMPA AVE STE 101A, TARZANA, CA, 91356-1194, UNITED STATES",Active,False,False,False,
WILLOWS COURT LLC,"WILLOWS COURT, L.L.C.",602 046 142,331604,"219 E GARFIELD ST STE 600, SEATTLE, WA, 98102-3785, UNITED STATES",Active,False,False,False,
HAYRE PROPERTIES LLC,"HAYRE PROPERTIES, LLC",601 990 866,248293,"16116 BEACH DR NE, LK FOREST PK, WA, 98155-6708, UNITED STATES",Active,False,False,False,
INVESTMENTS LLC,"INVESTMENTS, LLC",604 173 779,759858,"98 BIRDSEYE VIEW, WALLA WALLA, WA, 99362-8003, UNITED STATES",Active,False,False,False,
PILAT LLC,"PILAT, LLC",602 227 679,936207,"12544 15TH AVE NE APT 101, SEATTLE, WA, 98125-4129, UNITED STATES",Active,False,False,False,
RH ROOSEVELT RIDGE LIMITED LIABILITY COMPANY,RH ROOSEVELT RIDGE LLC,602 558 775,398361,"325 118TH AVE SE, SUITE 209, BELLEVUE, WA, 98005-3539, UNITED STATES",Active,False,False,False,
MGRE 10522 LCW LLC,"MGRE 10522 LCW, LLC",603 290 247,820084,"10522 LAKE CITY WAY NE, SEATTLE, WA, 98125-7765, UNITED STATES",Active,False,False,False,
PINEHURST LLC,PINEHURST L.L.C.,602 172 356,400022,"2825 EASTLAKE AVE E, SUITE 250, SEATTLE, WA, 98102-3013, UNITED STATES",Active,False,False,False,
RIVIERA NORTHGATE APARTMENTS LLC,"RIVIERA NORTHGATE APARTMENTS, LLC",602 491 438,1145795,"12537 15TH AVE NE STE 204, SEATTLE, WA, 98125-3979, UNITED STATES",Active,False,False,False,
WHITE HEATHER APARTMENTS LLC,"WHITE HEATHER APARTMENTS, LLC",601 877 328,1024751,"1231 NW 121ST ST, SEATTLE, WA, 98177-4638, UNITED STATES",Active,False,False,False,
JK COMMERCIAL PROPERTIES LLC,"JK COMMERCIAL PROPERTIES, LLC",602 922 553,794707,"4220 22ND AVE W, SEATTLE, WA, 98199, UNITED STATES",Active,False,False,False,
PRM PROPERTY MANAGEMENT LLC,"PRM PROPERTY MANAGEMENT, L.L.C.",602 358 485,392802,"407 34TH AVE APT 1, SEATTLE, WA, 98122-6417, UNITED STATES",Delinquent,False,False,False,
CASA LADARO LLC,"CASA LADARO, LLC",602 578 613,598540,"117 E LOUISA ST # 185, SEATTLE, WA, 98102-3203, UNITED STATES",Active,False,False,False,
MAGNOLIA CRESTVIEW LLC,"MAGNOLIA CRESTVIEW, LLC",602 942 449,803377,"2710 W MANOR PL APT 103, SEATTLE, WA, 98199-2060, UNITED STATES",Active,False,False,False,
MAGNOLIA VISTA-MANOR LLC,"MAGNOLIA VISTA-MANOR, LLC",602 942 453,845222,"2710 W MANOR PL # 103, SEATTLE, WA, 98199, UNITED STATES",Active,False,False,False,
MANOR PLACE LLC,"MANOR PLACE, LLC",602 935 165,317216,"2410 W MANOR PL, SEATTLE, WA, 98199-2021, UNITED STATES",Active,False,False,False,
WWJB LLC,"WWJB, LLC",602 647 926,1091097,"12427 232ND TER NE, REDMOND, WA, 98053-5630, UNITED STATES",Active,False,False,False,
TEMPO APARTMENTS LLC,"TEMPO APARTMENTS, LLC",602 284 636,467147,"2015 W DRAVUS ST STE 103, SEATTLE, WA, 98199-4600, UNITED STATES",Active,False,False,False,
KDLODI LLC,"KDLODI, LLC",602 943 271,301296,"2024 NW BLUE RIDGE DR, SEATTLE, WA, 98177-5428, UNITED STATES",Active,False,False,False,
COMMODORE WAY LLC,"COMMODORE WAY, LLC",602 507 042,633061,"3026 44TH AVE W, SEATTLE, WA, 98199, UNITED STATES",Active,False,False,False,
SALMON BAY INVESTMENT GROUP LLC,"SALMON BAY INVESTMENT GROUP, LLC",603 191 831,409869,"2001 W GARFIELD ST, BLDG A-1, C107, TERMINAL 91, SEATTLE, WA, 98119, UNITED STATES",Active,False,False,False,
FRMC LLC,"FRMC, LLC",602 966 987,174300,"9737 HOLMAN RD NW, SEATTLE, WA, 98117-2042, UNITED STATES",Active,False,False,False,
DEAN QOZBP LLC,"DEAN QOZBP, LLC",604 456 876,1282593,"1833 PARKSIDE DR E, SEATTLE, WA, 98112-3722, UNITED STATES",Active,False,False,False,
METROPOLE HILLTOP LLC,"METROPOLE HILLTOP, LLC",604 784 211,1474602,"8451 SE 68TH ST STE 200, MERCER ISLAND, WA, 98040-5240, UNITED STATES",Active,False,False,False,
BELL FUND VII JACKSON STREET LLC,"BELL FUND VII JACKSON STREET, LLC",604 686 047,1414221,"300 N. GREENE ST, SUITE 1000, GREENSBORO, NC, 27401, UNITED STATES",Active,False,False,False,
DAY 31 LLC,"DAY 31, LLC",603 231 381,645773,"1367 31ST AVE S, SEATTLE, WA, 98144-3946, UNITED STATES",Active,False,False,False,
PATHFINDER SEATTLE HOLDINGS LLC,"PATHFINDER SEATTLE HOLDINGS, LLC",604 769 753,1468435,"4225 EXECUTIVE SQ STE 100, LA JOLLA, CA, 92037-1483, UNITED STATES",Active,False,False,False,
LESCHI HEIGHTS LLC,"LESCHI HEIGHTS, LLC",602 188 117,833504,"2900 S KING ST, APARTMENT B, SEATTLE, WA, 98144-2526, UNITED STATES",Active,False,False,False,
CENTURY HOUSE ASSOCIATES LLC,"CENTURY HOUSE ASSOCIATES, LIMITED LIABILITY COMPANY",602 274 013,603468,"4554 CALIFORNIA AVE SW, SEATTLE, WA, 98116-4111, UNITED STATES",Active,False,False,False,
WESTVIEW ON BEACON HILL LLP,"WESTVIEW ON BEACON HILL, LLP",602 581 677,520694,"401 2ND AVE S #200, SEATTLE, WA, 98104, UNITED STATES",Active,False,False,False,
2001 PLUM LLC,"2001 PLUM, L.L.C.",602 742 605,3792,"2001 PLUM ST, SEATTLE, WA, 98144, UNITED STATES",Active,False,False,False,
IFO & ASSOCIATES LLC,"IFO & ASSOCIATES, LLC",602 811 024,751302,"9416 MARTIN LUTHER KING JR WAY S, SEATTLE, WA, 98118-5418, UNITED STATES",Active,False,False,False,
1130 RAINIER PROPERTIES LLC,"1130 RAINIER PROPERTIES, LLC",604 913 264,1560500,"159 S JACKSON ST STE 300, SEATTLE, WA, 98104-4435, UNITED STATES",Active,False,False,False,
MADISONIAN MANAGER LLC,"MADISONIAN MANAGER, LLC",602 710 706,312818,"1421 34TH AVE, SUITE 300, SEATTLE, WA, 98122-3333, UNITED STATES",Active,False,False,False,
JORVE INVESTMENTS LLC,"JORVE INVESTMENTS, LLC",601 876 730,271495,"1564 SAN JUAN DR, FRIDAY HARBOR, WA, 98250-6987, UNITED STATES",Active,False,False,False,
WEST SEATTLE APARTMENTS & HOMES LLC,"WEST SEATTLE APARTMENTS & HOMES, LLC",603 234 438,1022391,"9345 FAUNTLEROY WAY SW, SEATTLE, WA, 98136, UNITED STATES",Active,False,False,False,
HALCYON APARTMENTS LLC,"HALCYON APARTMENTS, LLC",604 542 182,1395401,"25505 SE ISSAQUAH FALL CITY RD, ISSAQUAH, WA, 98029-5749, UNITED STATES",Active,False,False,False,
6312 CALIFORNIA AVENUE LLC,"6312 CALIFORNIA AVENUE, LLC",604 443 551,1277352,"6043 TAMPA AVE STE 101A, TARZANA, CA, 91356-1194, UNITED STATES",Active,False,False,False,
2520 AIRPORT WAY S LLC,"2520 AIRPORT WAY S, LLC",604 682 152,1409948,"2005 AIRPORT WAY S, SEATTLE, WA, 98134-1602, UNITED STATES",Active,False,False,False,
WSA PROPERTIES VI LLC,"WSA PROPERTIES VI, LLC",603 192 032,576510,"1 MARKET ST STE 2625, SAN FRANCISCO, CA, 94105-1417, UNITED STATES",Active,True,False,False,
ACES FOUR LLC,"ACES FOUR, LLC",602 742 675,19843,"14737 NE 87TH ST, REDMOND, WA, 98052-6500, UNITED STATES",Active,False,False,False,
ELEVATE PROPCO XII LLC,"ELEVATE PROPCO XII, LLC",604 751 952,1456401,"301 COMMERCE ST STE 3300, FORT WORTH, TX, 76102-4133, UNITED STATES",Active,True,False,False,
WSA PROPERTIES XI LLC,"WSA PROPERTIES XI, LLC",604 024 287,1163469,"1 MARKET ST STE 2625, SAN FRANCISCO, CA, 94105-1417, UNITED STATES",Active,True,False,False,
EAST MARGINAL INDUSTRIAL LLC,"EAST MARGINAL INDUSTRIAL, LLC",603 316 664,655154,"7 GIRALDA FARMS, MADISON, NJ, 07940-1051, UNITED STATES",Active,False,False,False,
DAKOTA ASSOCIATES LLC,"DAKOTA ASSOCIATES, LLC",604 374 528,1245913,"2030 DEXTER AVE N UNIT 400, SEATTLE, WA, 98109-2754, UNITED STATES",Active,False,False,False,
4800 DENVER LLC,"4800 DENVER, LLC",602 656 579,161307,"5005 3RD AVE S, SEATTLE, WA, 98134-2423, UNITED STATES",Active,False,False,False,
WSA PROPERTIES II LLC,"WSA PROPERTIES II, LLC",603 192 022,1057528,"1 MARKET ST STE 2625, SAN FRANCISCO, CA, 94105-1417, UNITED STATES",Active,True,False,False,
A2A LLC,"A2A, L.L.C.",603 090 222,11401,"2710 1ST AVE S STE 100, SEATTLE, WA, 98134-1831, UNITED STATES",Active,False,False,False,
BOTTLEWORKS III LLC,"BOTTLEWORKS III, LLC",602 735 096,592410,"3434 4TH AVE S, SEATTLE, WA, 98134-1905, UNITED STATES",Active,False,False,False,
TA REALTY VALUE-ADD FUND XIII REIT LLC,"TA REALTY VALUE-ADD FUND XIII REIT, LLC",604 945 388,1584732,"1 FEDERAL ST FL 17, BOSTON, MA, 02110-2003, UNITED STATES",Active,False,False,False,
2440 FIRST AVENUE SOUTH II LP,"2440 FIRST AVENUE SOUTH II, LP",604 737 625,1444597,"270 S HANFORD ST STE 100, SEATTLE, WA, 98134-1838, UNITED STATES",Active,False,False,False,
WAREHOUSE INNOVATIONS LLC,"WAREHOUSE INNOVATIONS, LLC",604 132 863,1052320,"3419 11TH AVE SW, SEATTLE, WA, 98134-1007, UNITED STATES",Active,False,False,False,
TUALATIN-LAKE OSWEGO LLC,"TUALATIN-LAKE OSWEGO, LLC",604 345 280,1241500,"1919 NW 19TH AVE, PORTLAND, OR, 97209-1735, UNITED STATES",Active,False,False,False,
6TH & HOLGATE BUILDING LLC,"6TH & HOLGATE BUILDING, LLC",602 415 152,213285,"1930 6TH AVE S, SEATTLE, WA, 98134-1620, UNITED STATES",Active,False,False,False,
WSA PROPERTIES LLC,"WSA PROPERTIES, LLC",603 161 556,1057529,"1 MARKET ST STE 2625, SAN FRANCISCO, CA, 94105-1417, UNITED STATES",Active,True,False,False,
TERRENO 1ST AVENUE SOUTH LLC,"TERRENO 1ST AVENUE SOUTH, LLC",604 227 204,1185716,"101 MONTGOMERY STREET, SUITE 200, SAN FRANCISCO, CA, 94104, UNITED STATES",Active,False,False,False,
OB SODO PROPERTIES V LLC,"OB SODO PROPERTIES V, LLC",603 164 209,355323,"101 116TH AVE SE, BELLEVUE, WA, 98004-6408, UNITED STATES",Active,True,False,False,
FNR 4XXX LLC,"FNR 4XXX, LLC",604 866 152,1534900,"600 UNIVERSITY ST, SUITE 2310, SEATTLE, WA, 98101-4112, UNITED STATES",Active,False,False,False,
VIC AND JACK LLC,"VIC AND JACK, LLC",602 124 836,1049258,"8451 SE 68TH ST STE 200, MERCER ISLAND, WA, 98040-5240, UNITED STATES",Active,False,False,False,
WES 2233 LLC,"WES 2233, LLC",603 411 881,328190,"2201 6TH AVE S, SEATTLE, WA, 98134-2060, UNITED STATES",Active,False,False,False,
SC SEATTLE RE LLC,"SC SEATTLE RE, LLC",604 332 359,1234750,"1611 SPRING GATE LN, LAS VEGAS, NV, 89134-6201, UNITED STATES",Active,False,False,False,
BASCOM MANDARIN SEATTLE LLC,"BASCOM MANDARIN SEATTLE, LLC",602 587 656,562621,"44 MONTGOMERY ST, STE 610, SAN FRANCISCO, CA, 94104-4608, UNITED STATES",Active,False,False,False,
SOUTH FOREST LLC,"SOUTH FOREST, LLC",602 346 734,279687,"2030 DEXTER AVE N UNIT 400, SEATTLE, WA, 98109-2754, UNITED STATES",Active,False,False,False,
RS KOHLS PROPERTIES LLC,"RS KOHLS PROPERTIES, LLC",602 477 109,262035,"1420 5TH AVE STE 3400, SEATTLE, WA, 98101-4010, UNITED STATES",Active,True,False,False,
SWIND 2424 8TH AVENUE POINT LLC,"SWIND 2424 8TH AVENUE POINT, LLC",604 811 850,1495363,"11150 SANTA MONICA BLVD STE 700, LOS ANGELES, CA, 90025-3331, UNITED STATES",Active,False,False,False,
TRIPLE B VENTURES LLC,"TRIPLE B VENTURES, LLC",604 523 492,1389329,"4103 2ND AVE S, SEATTLE, WA, 98134-2305, UNITED STATES",Active,False,False,False,
JMDH REAL ESTATE OF SEATTLE LLC,"JMDH REAL ESTATE OF SEATTLE, LLC",602 877 236,173793,"1710 WHITESTONE EXPY, WHITESTONE, NY, 11357-3054, UNITED STATES",Active,False,False,False,
SODO HOLGATE CENTER LLC,"SODO HOLGATE CENTER, LLC",603 415 539,991029,"1737 & 1751 AIRPORT WAY SOUTH, SEATTLE, WA, 98134, UNITED STATES",Active,False,False,False,
SIC RP LLC,"SIC RP, LLC",604 204 242,1171633,"11400 SE 8TH ST, SUITE 230, BELLEVUE, WA, 98004-6445, UNITED STATES",Active,False,False,False,
BOSTON HARBOR LLC,"BOSTON HARBOR, LLC",602 639 327,1100831,"6626 TACOMA MALL BLVD STE B, TACOMA, WA, 98409-9002, UNITED STATES",Active,False,False,False,
