,SearchTerm,BusinessName,UBINumber,BusinessId,Address,Status,address_match,ubi_match,id_match,IsMatch
0,YSD LLC ,"CHRIS PYSDEN CONSULTING, LLC",604 662 187,1396835,"15322 107TH PL NE, BOTHELL, WA, 98011-4851, UNITED STATES",Active,False,False,False,
1,YSD LLC ,CORE SECURITY SDI CORPORATION,602 151 824,621780,"8845 IRVINE CENTER DR., STE 200, IRVINE, CA, 92618, UNITED STATES",Active,False,False,False,
2,YSD LLC ,DIGITAL DIAMOND TECHNOLOGY SDN BHD CO.,605 005 622,1617377,"4505 PACIFIC HWY E STE C2, FIFE, WA, 98424-2638, UNITED STATES",Active,False,False,False,
3,YSD LLC ,DOC BAILEY SDH REAL ESTATE LLC,604 991 155,1611834,"9500 ROOSEVELT WAY NE STE 300, SEATTLE, WA, 98115-2253, UNITED STATES",Active,False,False,False,
4,YSD LLC ,"DRYSDALE DEVELOPMENT, LLC",603 155 417,1110613,"2253 FANCHER HEIGHTS BLVD, E WENATCHEE, WA, 98802-8552, UNITED STATES",Active,False,False,False,
5,YSD LLC ,FRED H. AND MARY S. DORE CHARITABLE FOUNDATION,602 605 735,1115495,"10653 NE SEABORN RD, BAINBRIDGE IS, WA, 98110-2167, UNITED STATES",Active,False,False,False,
6,YSD LLC ,IVORY S. DEAN LLC,604 992 309,1609212,"522 W RIVERSIDE AVE STE N, SPOKANE, WA, 99201-0580, UNITED STATES",Active,True,False,False,
7,YSD LLC ,KENYAN COMMUNITY SDA CHURCH,603 465 861,283638,"18008 15TH AVE NE APT 409, SHORELINE, WA, 98155-3832, UNITED STATES",Active,False,False,False,
8,YSD LLC ,"MYSDOS PROPERTIES, LLC",603 166 683,334229,"1111 GRIFFITH POINT RD, NORDLAND, WA, 98358-9503, UNITED STATES",Active,False,False,False,
9,YSD LLC ,SHORTY’S DAYCARE LLC,604 937 572,1578149,"4605 W LINCOLN AVE, YAKIMA, WA, 98908-2652, UNITED STATES",Active,False,False,False,
10,YSD LLC ,WINDYCITYSDR LLC,605 163 947,1649668,"522 W RIVERSIDE AVE STE N, SPOKANE, WA, 99201-0580, UNITED STATES",Active,True,False,False,
11,YSD LLC ,WYSDOM FIORAVANTI RESTORATIVE LANDSCAPE DESIGN INC,604 939 205,1572780,,Active,False,False,False,
12,YSD LLC ,"YSD, LLC",603 236 935,298126,"1845 72ND AVE SE, MERCER ISLAND, WA, 98040-2109, UNITED STATES",Active,False,False,False,
13,WESTSIDE SCHOOL,WESTSIDE SCHOOL,601 139 653,1162199,"10404 34TH AVE SW, SEATTLE, WA, 98146-1270, UNITED STATES",Active,False,False,False,
14,WESTSIDE SCHOOL,WESTSIDE COOPERATIVE PRESCHOOL,601 132 738,1087834,"202 DELPHI RD SW, OLYMPIA, WA, 98502-9462, UNITED STATES",Active,False,False,False,
15,WEST SEATTLE CAPITAL PARTNERS,"WEST SEATTLE CAPITAL PARTNERS, L.P.",601 299 781,558583,"416 101ST AVE SE OFC, BELLEVUE, WA, 98004-8155, UNITED STATES",Active,False,False,False,
16,WEST SEATTLE APARTMENTS & HOMES LLC,"WEST SEATTLE APARTMENTS & HOMES, LLC",603 234 438,1022391,"9345 FAUNTLEROY WAY SW, SEATTLE, WA, 98136, UNITED STATES",Active,False,False,False,
17,WEST 206 ALLIANCE INVESTMENTS LLC,WEST 206 ALLIANCE INVESTMENTS LLC,603 544 939,1086824,"10210 NE 8TH ST STE 200, BELLEVUE, WA, 98004-4218, UNITED STATES",Active,False,False,False,
18,WCSD 9601 35TH AVE SW LLC,WCSD 9601 35TH AVE SW LLC,603 455 615,1076296,"600 WILSHIRE BLVD, SUITE 200, LOS ANGELES, CA, 90017-3212, UNITED STATES",Active,False,False,False,
19,WAREHOUSE INNOVATIONS LLC ,"WAREHOUSE INNOVATIONS, LLC",604 132 863,1052320,"3419 11TH AVE SW, SEATTLE, WA, 98134-1007, UNITED STATES",Active,False,False,False,
20,W J CARLSON FAMILY LLC ,"W. J. CARLSON FAMILY, LLC",602 053 088,512504,"13905 180TH AVE NE, REDMOND, WA, 98052-1218, UNITED STATES",Active,False,False,False,
21,VISKO ENTERPRISES INC,"VISKO ENTERPRISES, INC.",601 299 145,1085035,"3830 NE 195TH ST, SEATTLE, WA, 98155-0000, UNITED STATES",Active,False,False,False,
22,VILLA ANDORA 1520 LLC ,"VILLA ANDORA 1520, LLC",604 926 618,1567194,"15726 25TH DR SE, MILL CREEK, WA, 98012-7866, UNITED STATES",Active,False,False,False,
23,US REIF WESTHAVEN APARTMENTS WA LLC,"U.S. REIF WESTHAVEN APARTMENTS WASHINGTON, LLC",603 377 786,521401,"1270 SOLDIERS FIELD RD, BOSTON, MA, 02135-1003, UNITED STATES",Active,False,False,False,
24,TWENTY-FOUR SAC SELF-STORAGE LP,TWENTY-FOUR SAC SELF-STORAGE GP CORPORATION,602 200 105,313634,"207 E CLARENDON AVE, PHOENIX, AZ, 85012-2072, UNITED STATES",Active,True,False,False,
25,TWENTY-FOUR SAC SELF-STORAGE LP,TWENTY-FOUR SAC SELF-STORAGE LIMITED PARTNERSHIP,602 199 578,1002154,"207 E CLARENDON AVE, PHOENIX, AZ, 85012-2072, UNITED STATES",Active,True,False,False,
26,TRINITY WEST SEATTLE,TRINITY WEST SEATTLE,603 451 811,1054987,"4120 SW 102ND ST, SEATTLE, WA, 98146-3660, UNITED STATES",Active,False,False,False,
27,TERRACE VIEW 3703 L L C,"TERRACE VIEW 3703, LLC",602 684 672,463868,"5025 CALIFORNIA AVE SW STE 105, SEATTLE, WA, 98136-1251, UNITED STATES",Active,False,False,False,
28,SVF ADMIRAL SAFEWAY SEATTLE LLC,"SVF ADMIRAL SAFEWAY SEATTLE, LLC",603 220 283,1001668,"C/O AMERICAN REALTY ADVISORS, 515 S. FLOWER ST, 49TH FLOOR, LOS ANGELES, CA, 90071, UNITED STATES",Active,False,False,False,
29,SRMAHULVEGA LLC,"SRMAHULVEGA, LLC",604 963 458,1595127,"111 N POST ST STE 200, SPOKANE, WA, 99201-4911, UNITED STATES",Active,False,False,False,
30,SPEAR INVESTMENTS LLC ,SPEAR INVESTMENTS LLC,602 129 424,985589,"7312 50TH AVE NE, SEATTLE, WA, 98115-6130, UNITED STATES",Active,False,False,False,
31,SPEAR INVESTMENTS LLC ,"SPEARHEAD INVESTMENTS, LLC",603 483 371,438457,"1124 W RIVERSIDE SUITE 200, SPOKANE, WA, 99201, UNITED STATES",Active,False,False,False,
32,SOUTHPARK LAND LLC,SOUTHPARK LAND LLC,603 534 552,944119,"5050 1ST AVE S #102, SEATTLE, WA, 98134, UNITED STATES",Active,False,False,False,
33,SOCKO LLC,SOCKO LLC,603 248 284,445854,"2753 124TH AVE SE, BELLEVUE, WA, 98005-4100, UNITED STATES",Active,False,False,False,
34,SNR 24 BRIDGE PARK OWNER LLC,SNR 24 BRIDGE PARK OWNER LLC,603 474 129,438251,"500 NORTH HURSTBOURNE PARKWAY, SUITE 200, LOUISVILLE, KY, KY, 40222, UNITED STATES",Active,False,False,False,
35,SEATTLE HOUSING AUTHORITY,THE RESIDENT ACTION COUNCIL OF THE SEATTLE HOUSING AUTHORITY,601 473 574,1023457,"2600 S WALKER, SEATTLE, WA, 98144-2402, UNITED STATES",Active,False,False,False,
36,SEATTLE CITY OF,SEATTLE CITY OF LITERATURE INC,603 398 978,961607,"716 N 80TH ST, SEATTLE, WA, 98103-4312, UNITED STATES",Active,False,False,False,
37,SEACLIFF WESTSIDE II LLC,"SEACLIFF WESTSIDE II, LLC",603 447 728,942513,"1000 S SEAWARD AVE, VENTURA, CA, 93001-3735, UNITED STATES",Active,False,False,False,
38,SEA-MAR COMMUNITY HEALTH CENTER ,SEA MAR COMMUNITY HEALTH CENTERS,600 537 278,960460,"1040 S HENDERSON ST, SEATTLE, WA, 98108-4720, UNITED STATES",Active,False,False,False,
39,SCHARHON FAMILY LLC,SCHARHON FAMILY LLC,603 577 262,924097,"9229 10TH AVE S, SEATTLE, WA, 98108, UNITED STATES",Active,False,False,False,
40,SCHARHON FAMILY LLC,SCHARHON FAMILY EASTLAKE LLC,604 752 768,1455821,"701 5TH AVE STE 6100, SEATTLE, WA, 98104-7043, UNITED STATES",Active,False,False,False,
41,SCHARHON FAMILY LLC,SCHARHON FAMILY FREMONT LLC,604 599 127,1351642,"9150 SE 54TH STREET, MERCER ISLAND, WA, 98040-5148, UNITED STATES",Active,False,False,False,
42,SCHARHON FAMILY LLC,SCHARHON FAMILY ISLAND LANAI LLC,604 735 082,1446302,"8404 SE 53RD PL, MERCER ISLAND, WA, 98040-4641, UNITED STATES",Active,False,False,False,
43,SAN JUAN APARTMENTS LLC,SAN JUAN APARTMENTS LLC,602 003 008,265139,"1938 43RD AVE E, SEATTLE, WA, 98112-3235, UNITED STATES",Active,False,False,False,
44,SAN JUAN APARTMENTS LLC,SAN JUAN COMMONS APARTMENTS LLC,603 437 769,952179,"856 COLE ST, ENUMCLAW, WA, 98022-2549, UNITED STATES",Active,False,False,False,
45,SALTY'S PROPERTIES II L L C,SALTY'S PROPERTIES II L.L.C.,601 770 153,1147466,"1936 HARBOR AVE SW, SEATTLE, WA, 98126-2031, UNITED STATES",Active,False,False,False,
46,SAFEWAY INC,BRANDSAFWAY INDUSTRIES LLC,601 759 168,77798,"2607 N GRANDVIEW BLVD, SUITE 130, WAUKESHA, WI, 53188-1690, UNITED STATES",Active,False,False,False,
47,SAFEWAY INC,BURIEN SAFEWAY LLC,604 006 309,60742,"1101 BOYLSTON AVE, SEATTLE, WA, 98101-2818, UNITED STATES",Active,False,False,False,
48,SAFEWAY INC,"OUR SAFEWAY STORE, LLC",603 552 124,385468,"816 SW 1ST AVE, PORTLAND, OR, 97204, UNITED STATES",Active,False,False,False,
49,SAFEWAY INC,SAFE-WAY TRANS LLC,603 458 329,920512,"229 145TH STREET CT E, TACOMA, WA, 98445-1343, UNITED STATES",Active,False,False,False,
50,SAFEWAY INC,"SAFEWAY GIFT CARDS, LLC",602 857 219,415367,"11555 DUBLIN CANYON RD, PLEASANTON, CA, 94588-2815, UNITED STATES",Active,True,False,False,
51,SAFEWAY INC,SAFEWAY INC.,600 643 518,438487,"11555 DUBLIN CANYON RD, PLEASANTON, CA, 94588-2815, UNITED STATES",Active,True,False,False,
52,SAFEWAY INC,SAFEWAY RESTORATION LLC,604 306 509,1217890,"5415 N DEL REY DR, OTIS ORCHARDS, WA, 99027, UNITED STATES",Active,False,False,False,
53,SAFEWAY INC,SAFEWAY SOLUTIONS INC,604 963 718,1590517,"13925 SE 88TH PL, NEWCASTLE, WA, 98059-3486, UNITED STATES",Active,False,False,False,
54,SAFEWAY INC,"SAFEWAY STORES 58, INC.",601 584 756,950286,"11555 DUBLIN CANYON RD, PLEASANTON, CA, 94588-2815, UNITED STATES",Active,True,False,False,
55,SAFEWAY INC,"SAFEWAY STORES 85, INC.",600 643 522,423411,"11555 DUBLIN CANYON RD, PLEASANTON, CA, 94588-2815, UNITED STATES",Active,True,False,False,
56,SAFEWAY INC,"SAFEWAY STORES 90, INC.",601 348 410,408785,"11555 DUBLIN CANYON RD, PLEASANTON, CA, 94588-2815, UNITED STATES",Active,True,False,False,
57,SAFEWAY INC,"SAFEWAY STORES 92, INC.",601 584 753,934064,"11555 DUBLIN CANYON RD, PLEASANTON, CA, 94588-2815, UNITED STATES",Active,True,False,False,
58,SAFEWAY INC,"SAFEWAY STORES 97, INC.",601 584 754,989179,"11555 DUBLIN CANYON RD, PLEASANTON, CA, 94588-2815, UNITED STATES",Active,True,False,False,
59,SAFEWAY INC,"SAFEWAY STORES 98, INC.",601 584 757,264161,"11555 DUBLIN CANYON RD, PLEASANTON, CA, 94588-2815, UNITED STATES",Active,True,False,False,
60,SAFEWAY INC,SAFEWAY TRANSPORTATION  LLC,605 031 823,1635348,"23118 126TH AVE SE, KENT, WA, 98031-3668, UNITED STATES",Active,False,False,False,
61,SABRA PARK WEST LLC,"SABRA PARK WEST, LLC",604 169 651,988232,"C/O SABRA HEALTH CARE REIT, INC., 18500 VON KARMAN AVENUE, SUITE 550, IRVINE, CA, 92612, UNITED STATES",Active,False,False,False,
62,S & S PARTNERS LLC,"2051 MADISON STREET PARTNERS, LLC",603 371 500,3561,"11601 WILSHIRE BLVD STE 2110, LOS ANGELES, CA, 90025-1784, UNITED STATES",Active,False,False,False,
63,S & S PARTNERS LLC,"2617 EAST L STREET PARTNERS, LLC",602 565 643,82824,"1117 BROADWAY PLAZA # 500, TACOMA, WA, 98402-3508, UNITED STATES",Active,False,False,False,
64,S & S PARTNERS LLC,"41ST STREET PARTNERS, L.P.",601 268 261,9232,"819 NORTH 49TH ST #400, SEATTLE, WA, 98103, UNITED STATES",Active,False,False,False,
65,S & S PARTNERS LLC,"603 SOUTH MARIPOSA PARTNERS, LLC",604 676 350,1407359,"9049 20TH AVE SW, SEATTLE, WA, 98106-2465, UNITED STATES",Active,False,False,False,
66,S & S PARTNERS LLC,"701 S JACKSON PARTNERS, LLC",604 698 715,1418246,"159 S JACKSON ST STE 300, SEATTLE, WA, 98104-4435, UNITED STATES",Active,False,False,False,
67,S & S PARTNERS LLC,A3 SMART HOME LP,602 934 720,1002696,"1277 TREAT BLVD., SUITE 1000, WALNUT CREEK, CA, 94597, UNITED STATES",Active,False,False,False,
68,S & S PARTNERS LLC,ACCESSIBLE SOLUTIONS & ACTIVE PARTNERSHIPS,604 838 735,1512631,"1455 NARCISSUS CT, KETTLE FALLS, WA, 99141-8645, UNITED STATES",Active,False,False,False,
69,S & S PARTNERS LLC,ACOUSTIC ECOLOGY SOUND + SENSORY DESIGN PARTNERS LLC,604 741 831,1448106,"4034 36TH AVENUE SOUTHWEST, SEATTLE, WA, 98126-2425, UNITED STATES",Active,False,False,False,
70,S & S PARTNERS LLC,"ACRISURE INSURANCE PARTNERS SERVICES OF NY, LLC",605 159 823,1650159,"100 OTTAWA AVE SW, GRAND RAPIDS, MI, 49503-5087, UNITED STATES",Active,True,False,False,
71,S & S PARTNERS LLC,"ACRISURE NORTHWEST PARTNERS INSURANCE SERVICES, LLC",605 006 467,1622057,"100 OTTAWA AVE SW, GRAND RAPIDS, MI, 49503-5087, UNITED STATES",Active,True,False,False,
72,S & S PARTNERS LLC,"ACRISURE WALLSTREET PARTNERS, LLC",604 361 792,1247515,"100 OTTAWA AVE SW, GRAND RAPIDS, MI, 49503-5087, UNITED STATES",Active,True,False,False,
73,S & S PARTNERS LLC,ADMINISTRATIVE BUSINESS PARTNERS LLC,604 796 045,1486746,"1225 NW 119TH ST, SEATTLE, WA, 98177-4630, UNITED STATES",Active,False,False,False,
74,RSA SOUND VIEW LLC ,RSA SOUND VIEW LLC,602 022 542,944942,"2825 EASTLAKE AVE E, 200, SEATTLE, WA, 98102-3062, UNITED STATES",Active,False,False,False,
75,ROBERT & SHIRLEY WILSON FAMILY L L C THE,THE ROBERT AND SHIRLEY WILSON FAMILY LLC,602 977 523,475583,"2457 SW 170TH ST, SEATTLE, WA, 98166, UNITED STATES",Active,False,False,False,
76,RIPPLE ROCK LLC,"NORTON INSURANCE AGENCY, LLC",604 566 906,1334006,"3225 MCLEOD DR STE 100, LAS VEGAS, NV, 89121-2257, UNITED STATES",Active,False,False,False,
77,REAM FAMILY LIMITED PARTNERSHIP,DREAM FAMILY HOUSE AFH  LLC,604 910 403,1556061,"4211 SW 315TH ST, FEDERAL WAY, WA, 98023-2132, UNITED STATES",Active,False,False,False,
78,REAM FAMILY LIMITED PARTNERSHIP,DREAM VALLEY ADULT FAMILY HOME 2 LLC,604 948 122,1580065,"3217 N MCKINNON RD, SPOKANE, WA, 99217-7803, UNITED STATES",Active,False,False,False,
79,REAM FAMILY LIMITED PARTNERSHIP,DREAM VALLEY ADULT FAMILY HOME LLC,604 444 224,1275339,"11423 E 10TH AVE, SPOKANE VLY, WA, 99206-2830, UNITED STATES",Active,False,False,False,
80,REAM FAMILY LIMITED PARTNERSHIP,DREAMHAVEN ADULT FAMILY HOME LLC,604 824 385,1506698,"2495 25TH AVE NE, ISSAQUAH, WA, 98029-2614, UNITED STATES",Active,False,False,False,
81,REAM FAMILY LIMITED PARTNERSHIP,DREAMLAND ADULT FAMILY HOME LLC,604 460 059,1284248,"PO BOX 257, OLYMPIA, WA, 98507-0257, UNITED STATES",Active,True,False,False,
82,REAM FAMILY LIMITED PARTNERSHIP,DREAMS ADULT FAMILY HOME LLC,604 103 148,668075,"1307 S 251ST CT, DES MOINES, WA, 98198-8583, UNITED STATES",Active,False,False,False,
83,REAM FAMILY LIMITED PARTNERSHIP,REAM ADULT FAMILY HOME - LLC,604 227 215,1185815,"PO BOX 257, OLYMPIA, WA, 98507-0257, UNITED STATES",Active,True,False,False,
84,REAM FAMILY LIMITED PARTNERSHIP,REAM FAMILY LLC,601 674 757,918843,"736 S CHICAGO ST, SEATTLE, WA, 98108, UNITED STATES",Active,False,False,False,
85,REAM FAMILY LIMITED PARTNERSHIP,SWEET DREAMS ADULT FAMILY HOME LLC,603 478 252,466957,"14914 179TH AVE SE, MONROE, WA, 98272-1111, UNITED STATES",Active,False,False,False,
86,QWEST CORPORATION,UNIQWEST LLC,603 156 413,511505,"117 S SCAMMEL ST, ABERDEEN, WA, 98520-6850, UNITED STATES",Active,True,True,True,
87,QWEST CORPORATION,"EQWEST, L.L.C.",602 349 971,174442,"14707 NE RAWSON MILL RD, BRUSH PRAIRIE, WA, 98606-5810, UNITED STATES",Active,False,False,False,
88,QWEST CORPORATION,HELIQWEST INTERNATIONAL INC.,601 737 583,220101,"11915 AIRPORT WAY, BROOMFIELD, CO, 80021-2547, UNITED STATES",Active,False,False,False,
89,QWEST CORPORATION,"LUMEN TECHNOLOGIES GOVERNMENT SOLUTIONS, INC.",601 167 045,393053,"100 CENTURYLINK DR, MONROE, LA, 71203-2041, UNITED STATES",Active,False,False,False,
90,QWEST CORPORATION,"QWEST BROADBAND SERVICES, INC.",601 966 948,895438,"100 CENTURYLINK DRIVE, MONROE, LA, 71203, UNITED STATES",Active,True,False,False,
91,QWEST CORPORATION,QWEST SERVICES CORPORATION,602 072 156,388928,"100 CENTURYLINK DRIVE, MONROE, LA, 71203, UNITED STATES",Active,True,False,False,
92,QWEST CORPORATION,"QWEST WIRELESS, L.L.C.",601 828 569,414904,"100 CENTURYLINK DRIVE, MONROE, LA, 71203, UNITED STATES",Active,True,False,False,
93,QWEST CORPORATION,REQWEST TOURS & TRANSPORTATION LLC,603 609 191,932262,"100 GALA AVE #275, CHELAN, WA, 98816, UNITED STATES",Active,False,False,False,
94,QWEST CORPORATION,UNIQWEST LLC,603 156 413,511505,"117 S SCAMMEL ST, ABERDEEN, WA, 98520-6850, UNITED STATES",Active,True,True,True,
95,QWEST CORP,"EQWEST, L.L.C.",602 349 971,174442,"14707 NE RAWSON MILL RD, BRUSH PRAIRIE, WA, 98606-5810, UNITED STATES",Active,False,False,False,
96,QWEST CORP,HELIQWEST INTERNATIONAL INC.,601 737 583,220101,"11915 AIRPORT WAY, BROOMFIELD, CO, 80021-2547, UNITED STATES",Active,False,False,False,
97,QWEST CORP,"LUMEN TECHNOLOGIES GOVERNMENT SOLUTIONS, INC.",601 167 045,393053,"100 CENTURYLINK DR, MONROE, LA, 71203-2041, UNITED STATES",Active,False,False,False,
98,QWEST CORP,"QWEST BROADBAND SERVICES, INC.",601 966 948,895438,"100 CENTURYLINK DRIVE, MONROE, LA, 71203, UNITED STATES",Active,True,False,False,
99,QWEST CORP,QWEST CORPORATION,601 295 793,932086,"100 CENTURYLINK DRIVE, MONROE, LA, 71203, UNITED STATES",Active,True,False,False,
100,QWEST CORP,QWEST SERVICES CORPORATION,602 072 156,388928,"100 CENTURYLINK DRIVE, MONROE, LA, 71203, UNITED STATES",Active,True,False,False,
101,QWEST CORP,"QWEST WIRELESS, L.L.C.",601 828 569,414904,"100 CENTURYLINK DRIVE, MONROE, LA, 71203, UNITED STATES",Active,True,False,False,
102,QWEST CORP,REQWEST TOURS & TRANSPORTATION LLC,603 609 191,932262,"100 GALA AVE #275, CHELAN, WA, 98816, UNITED STATES",Active,False,False,False,
103,QWEST CORP,UNIQWEST LLC,603 156 413,511505,"117 S SCAMMEL ST, ABERDEEN, WA, 98520-6850, UNITED STATES",Active,False,False,False,
104,PUBLIC STORAGE,STAR SELF STORAGE L.L.C.,604 015 306,985237,"3124 SW 167TH ST, SEATTLE, WA, 98166, UNITED STATES",Active,True,True,True,
105,PUBLIC STORAGE,"REPUBLIC STORAGE PRODUCTS, LLC",603 500 008,943048,"420 N MAIN ST, MONTGOMERY, IL, 60538-1367, UNITED STATES",Active,False,False,False,
106,PUBLIC STORAGE,"RODEO CITY CONDOS, LLC",602 587 544,49552,"70 CARBIDE CT, CLE ELUM, WA, 98922-3018, UNITED STATES",Active,False,False,False,
107,PUBLIC STORAGE,STAR SELF STORAGE L.L.C.,604 015 306,985237,"3124 SW 167TH ST, SEATTLE, WA, 98166, UNITED STATES",Active,True,True,True,
108,PORT OF SEATTLE,"AN IMPORTS OF SEATTLE, INC.",603 018 880,550308,"200 SW 1ST AVE, FT LAUDERDALE, FL, 33301, UNITED STATES",Active,False,False,False,
109,PORT OF SEATTLE,INDO-AMERICAN  SPORTS CLUB OF SEATTLE,604 788 866,1480407,"11804 SE 218TH PL, KENT, WA, 98031-9697, UNITED STATES",Active,False,False,False,
110,PORT OF SEATTLE,"PROPELLER CLUB OF THE UNITED STATES, PORT OF SEATTLE",604 755 313,1454550,"100 W HARRISON ST STE S560, SEATTLE, WA, 98119-4162, UNITED STATES",Active,False,False,False,
111,PORT OF SEATTLE,"THE NATIONAL MANAGEMENT ASSOCIATION, PORT OF SEATTLE CHAPTER",601 490 891,1020015,"2711 ALASKAN WAY, SEATTLE, WA, 98121-1107, UNITED STATES",Active,False,False,False,
112,PORT OF SEATTLE,THE TRANSPORTATION CLUB OF SEATTLE,601 132 929,477237,"15008 88TH ST E, PUYALLUP, WA, 98372-4470, UNITED STATES",Active,False,False,False,
113,PORT OF SEATTLE,VIETNAMESE COMMUNITY FOR MUTUAL SUPPORT OF SEATTLE - VAN THOTUONG TE HOI,603 446 832,503989,"5124 NE 4TH CT, RENTON, WA, 98059-4566, UNITED STATES",Active,False,False,False,
114,PORT OF SEATTLE,YOUNG PROFESSIONALS IN TRANSPORTATION OF SEATTLE,603 300 363,1082704,"709 BOYLSTON AVE E, APT 201, SEATTLE, WA, 98102-4682, UNITED STATES",Active,False,False,False,
115,POPE & YOUNG PROPERTIES LLC,"POPE & YOUNG PROPERTIES, LLC",602 681 686,384636,"6901 DELRIDGE WAY SW, SEATTLE, WA, 98106, UNITED STATES",Active,False,False,False,
116,PNP PROPERTIES LLC,PNP PROPERTIES L.L.C.,602 349 336,893453,"4809 LAKE WASHINGTON BLVD NE, KIRKLAND, WA, 98033, UNITED STATES",Active,False,False,False,
117,PNP PROPERTIES LLC,PNP PROPERTIES SEATTLE LLC,605 016 180,1629099,"2108 SW ANDOVER ST, SEATTLE, WA, 98106-1148, UNITED STATES",Active,False,False,False,
118,PARK HAMILTON INVESTORS 2019 LLC ,"PARK HAMILTON INVESTORS 2019, LLC",604 513 802,1309470,"117 E LOUISA ST STE 185, SEATTLE, WA, 98102-3203, UNITED STATES",Active,False,False,False,
119,ORE 6525 CALIFORNIA LLC ,ORE 6525 CALIFORNIA LLC,604 805 478,1493491,"6520 EARL AVE NW, SEATTLE, WA, 98117-5927, UNITED STATES",Active,False,False,False,
120,OLYMPIC VIEW APARTS I LLC,OLYMPIC VIEW APARTMENTS I LLC,601 233 009,865004,"7505 SE 28TH #001, MERCER ISLAND, WA, 98040, UNITED STATES",Active,False,False,False,
121,NOT FOUND,BILAD AL-RAFIDAIN NOTABLES AND CULTURED PEOPLE FOUNDATION CORP,605 022 481,1632759,"506 2ND AVE STE 1400, SEATTLE, WA, 98104-2329, UNITED STATES",Active,False,False,False,
122,NOT FOUND,CAREANGELS INT'L,603 559 980,88214,"15138 65TH AVE S APT 104, TUKWILA, WA, 98188-2513, UNITED STATES",Active,False,False,False,
123,NOT FOUND,NOT YET FOUNDATION,603 213 420,359229,"6021 173RD AVE SE, BELLEVUE, WA, 98006-6000, UNITED STATES",Active,False,False,False,
124,NOT FOUND,THE PIANO TECHNICIANS GUILD FOUNDATION,601 510 171,1022787,"4444 FOREST AVE, KANSAS CITY, KS, 66106-3750, UNITED STATES",Active,False,False,False,
125,NOT FOUND,ZENOTI FOUNDATION,604 596 177,1353250,"15395 SE 30TH PL STE 100, BELLEVUE, WA, 98007-6537, UNITED STATES",Active,False,False,False,
126,MMJV LLC ,"MMJV, LLC",604 647 540,1379193,"9830 SE 35TH PL, MERCER ISLAND, WA, 98040-3150, UNITED STATES",Active,False,False,False,
127,MILLER FAMILY INVESTMENTS LLC,"1998 MILLER FAMILY INVESTMENTS, L.L.C.",601 919 051,61314,"485 LAKAYUSE RD, MANSON, WA, 98831-9463, UNITED STATES",Active,False,False,False,
128,MILLER FAMILY INVESTMENTS LLC,"MILLER FAMILY INVESTMENTS, LLC",604 819 896,1504608,"26313 97TH AVE S, KENT, WA, 98030-6710, UNITED STATES",Active,False,False,False,
129,MILLER FAMILY INVESTMENTS LLC,MILLER FAMILY TIMBERLAND INVESTMENTS LLC,603 056 600,333566,"161 NW 56TH ST, SEATTLE, WA, 98107-2024, UNITED STATES",Active,False,False,False,
130,MEPT WESTWOOD VILLAGE LLC,BCORE WESTWOOD VILLAGE LLC,604 800 251,1486843,"10920 VIA FRONTERA STE 220, SAN DIEGO, CA, 92127-1734, UNITED STATES",Active,False,False,False,
131,LOUIE FAMILY L L C #2,LOUIE FAMILY LLC #2,602 293 883,304963,"11400 8TH AVE S, SEATTLE, WA, 98168-2104, UNITED STATES",Active,False,False,False,
132,LMNG LLC,"LMNG, LLC",602 236 425,817039,"7910 S HILBY ROAD, SPOKANE, WA, 99223, UNITED STATES",Active,False,False,False,
133,LIPSETT CO LLC,"LIPSETT COMPANY, L.L.C.",601 741 897,325620,"4319 171ST PL SE, BELLEVUE, WA, 98006-8910, UNITED STATES",Active,True,False,False,
134,LIPSETT CO LLC,"LIPSETT POWAY COMPANY, LLC",602 124 943,801821,"4319 171ST PL SE, BELLEVUE, WA, 98006-8910, UNITED STATES",Active,True,False,False,
135,LIPSETT CO LLC,"LIPSETT REALTY COMPANY II, LLC",602 254 104,833396,"4319 171ST PL SE, BELLEVUE, WA, 98006-8910, UNITED STATES",Active,True,False,False,
136,LIFE YANCY 653 LLC ,LIFE YANCY 653 LLC,604 520 247,1311578,"LIFE STORAGE 6467 MAIN ST, WILLIAMSVILLE, NY, 14221, UNITED STATES",Active,False,False,False,
137,LBA RV-COMPANY XXXIII LP,"LBA RV-COMPANY XXXIII, LP",604 689 508,1412175,"3347 MICHELSON DR STE 200, IRVINE, CA, 92612-0687, UNITED STATES",Active,True,False,False,
138,LBA RV-COMPANY XXXIII LP,"LBA RVI-COMPANY XXXIII, LLC",604 402 145,1258824,"3347 MICHELSON DR STE 200, IRVINE, CA, 92612-0687, UNITED STATES",Active,True,False,False,
139,KING COUNTY,"ACCENTCARE HOME HEALTH OF KING COUNTY, LLC",604 965 803,1592255,"17855 DALLAS PKWY STE 200, DALLAS, TX, 75287-6857, UNITED STATES",Active,False,False,False,
140,KING COUNTY,AMERICAN ASSOCIATION OF UNIVERSITY WOMEN/SOUTHEAST KING COUNTY BRANCH,601 811 470,540577,"18315 152ND CT SE, RENTON, WA, 98058-9632, UNITED STATES",Active,False,False,False,
141,KING COUNTY,"B.F. DAY P.T.S.A., KING COUNTY, 6.15.85",601 231 106,51868,"3921 LINDEN AVE N, SEATTLE, WA, 98103-7803, UNITED STATES",Active,False,False,False,
142,KING COUNTY,BESLOW KING COUNTY PROPERTIES LLC,602 124 902,572122,"7404 BEACON AVE S, SEATTLE, WA, 98118-3714, UNITED STATES",Active,False,False,False,
143,KING COUNTY,BEST KING COUNTY RE LLC,603 593 993,63859,"1515 TACOMA POINT DR E, LAKE TAPPS, WA, 98391-6457, UNITED STATES",Active,False,False,False,
144,KING COUNTY,BLACK LIVES MATTER SEATTLE KING COUNTY,604 219 695,1181190,"600 1ST AVE STE 102, SEATTLE, WA, 98104-2287, UNITED STATES",Active,False,False,False,
145,KING COUNTY,BOULEVARD PARK PRESBYTERIAN CHURCH OF KING COUNTY,601 153 110,72002,"1822 S 128TH ST, BURIEN, WA, 98168-2903, UNITED STATES",Active,False,False,False,
146,KING COUNTY,BOYS AND GIRLS CLUBS OF KING COUNTY,578 001 683,54721,"220 W MERCER ST, SUITE 410, SEATTLE, WA, 98119-3954, UNITED STATES",Active,False,False,False,
147,KING COUNTY,"BRIGHT BEGINNINGS OF KING COUNTY, LLC",603 221 003,71548,"6308 S. 298 TH PL, AUBURN, WA, 98001, UNITED STATES",Active,False,False,False,
148,JORVE INVESTMENTS LLC,"JORVE INVESTMENTS, LLC",601 876 730,271495,"1564 SAN JUAN DR, FRIDAY HARBOR, WA, 98250-6987, UNITED STATES",Active,False,False,False,
149,JAC 9243 10TH AVENUE S LLC,"JAC 9243 10TH AVENUE S, LLC",603 275 106,763209,"4742 42ND AVE SW # 156, SEATTLE, WA, 98116-4553, UNITED STATES",Active,False,False,False,
150,IV1 7700 2ND AVE S LLC ,IV1 7700 2ND AVE S LLC,604 845 777,1520941,"250 VESEY ST FL 15, NEW YORK, NY, 10281-1065, UNITED STATES",Active,False,False,False,
151,HUNTINGTON RETIREMENT HOMES,"HUNTINGTON RETIREMENT HOMES, INC.",601 117 483,745235,"2615 SW BARTON ST, SEATTLE, WA, 98126, UNITED STATES",Active,False,False,False,
152,HUDSON SQUARE APARTMENTS LLC,"HUDSON SQUARE APARTMENTS, LLC",602 698 010,749941,"2940 FAIRVIEW AVE E, SEATTLE, WA, 98102-3016, UNITED STATES",Active,False,False,False,
153,HOLDEN STREET FAMILY HOUSING LLC,HOLDEN STREET FAMILY HOUSING LLC,602 593 612,231823,"100 23RD AVE S, SEATTLE, WA, 98144, UNITED STATES",Active,False,False,False,
154,HOLDEN HOLDINGS LLC,"HOLDEN HOLDINGS, LLC",604 197 990,1168383,"345 118TH AVE SE, SUITE 200, BELLEVUE, WA, 98005-3587, UNITED STATES",Active,False,False,False,
155,HOLDEN COURT APARTMENTS LLC,"HOLDEN COURT APARTMENTS, LLC",603 171 069,759209,"7804 40TH AVE W, MUKILTEO, WA, 98275, UNITED STATES",Active,False,False,False,
156,HILL CREST WEST SEATTLE LLC ,"HILL CREST WEST SEATTLE, L.L.C.",602 258 029,230327,"219 E GARFIELD ST STE 600, SEATTLE, WA, 98102-3785, UNITED STATES",Active,False,False,False,
157,HARSCH INVESTMENT PROPERTIES LLC,"SCHNITZER PROPERTIES MANAGEMENT, LLC",602 133 511,745029,"13228 NE 20TH ST STE 300, BELLEVUE, WA, 98005-2049, UNITED STATES",Active,False,False,False,
158,HARSCH INVESTMENT PROPERTIES LLC,"SCHNITZER PROPERTIES-II, LLC",602 000 493,224629,"1121 SW SALMON ST, SUITE 500, PORTLAND, OR, 97205-2000, UNITED STATES",Active,False,False,False,
159,HARSCH INVESTMENT PROPERTIES II LLC ,"SCHNITZER PROPERTIES-II, LLC",602 000 493,224629,"1121 SW SALMON ST, SUITE 500, PORTLAND, OR, 97205-2000, UNITED STATES",Active,False,False,False,
160,HARBOR SQUARE APARTMENTS LLC,HARBOR SQUARE APARTMENTS LLC,604 007 101,144578,"4000 ISLAND BLVD, APARTMENT 2306, AVENTURA, FL, 33160-2533, UNITED STATES",Active,False,False,False,
161,HARBOR REAL ESTATE INVESTMENTS,"HARBOR REAL ESTATE INVESTMENTS, INC.",601 424 758,215326,"1131 SW KLICKITAT WAY, ATTN: CANDICE M. WOODS, SEATTLE, WA, 98134-1108, UNITED STATES",Active,False,False,False,
162,HAMM BUILDING LLC,HAMM BUILDING LLC,602 773 924,201555,"379 101ST AVE SE, BELLEVUE, WA, 98004-6130, UNITED STATES",Active,False,False,False,
163,HALCYON APARTMENTS LLC ,"HALCYON APARTMENTS, LLC",604 542 182,1395401,"25505 SE ISSAQUAH FALL CITY RD, ISSAQUAH, WA, 98029-5749, UNITED STATES",Active,False,False,False,
164,GEORGETOWN CREATIVE DESIGN LLC,GEORGETOWN CREATIVE DESIGN LLC,604 142 565,132211,"1847 CENTINELA AVE, SANTA MONICA, CA, 90404, UNITED STATES",Active,False,False,False,
165,GARDEN TERRACE INVESTORS 2008 L L C,"GARDEN TERRACE INVESTORS 2008, LLC",602 854 031,709824,"117 E LOUISA ST # 185, SEATTLE, WA, 98102-3203, UNITED STATES",Active,False,False,False,
166,FTW LLC ,"-LDL- SOFTWARE, INC.",601 763 820,1425,"5129 NE 4TH CT, RENTON, WA, 98059-4566, UNITED STATES",Active,False,False,False,
167,FTW LLC ,"18009 DRIFTWOOD, LLC",604 534 883,1323128,"16816 24TH STREET CT E, LAKE TAPPS, WA, 98391-9508, UNITED STATES",Active,False,False,False,
168,FTW LLC ,205 SOFTWARE LLC,604 536 699,1326449,"9602 NE 63RD ST, VANCOUVER, WA, 98662, UNITED STATES",Active,False,False,False,
169,FTW LLC ,"21ST CENTURY SOFTWARE TECHNOLOGIES, INC.",604 237 647,1191274,"940 W VALLEY RD STE 1604, WAYNE, PA, 19087-1853, UNITED STATES",Active,False,False,False,
170,FTW LLC ,279 DRIFTWOOD SHORES ROAD LLC,602 706 355,6774,"279 DRIFTWOOD SHORES RD, CAMANO ISLAND, WA, 98282-8486, UNITED STATES",Active,False,False,False,
171,FTW LLC ,29FTW LLC,604 677 846,1406903,"1837 S ROCKWOOD BLVD, SPOKANE, WA, 99203, UNITED STATES",Active,False,False,False,
172,FTW LLC ,3 RIVERS POWER AND SOFTWASHING LLC,605 118 273,1644371,"105 BROKEN ARROW RD, LONGVIEW, WA, 98632-6104, UNITED STATES",Active,False,False,False,
173,FTW LLC ,360 SOFTWASH LLC,605 017 390,1629438,"3401 TERRA LN UNIT B, MOUNT VERNON, WA, 98274-9141, UNITED STATES",Active,False,False,False,
174,FTW LLC ,360 SOFTWASH SERVICES LLC,605 033 729,1636274,"815 COLUMBIA ST, VANCOUVER, WA, 98660-3556, UNITED STATES",Active,False,False,False,
175,FTW LLC ,"3644 DRIFTWOOD, LLC",604 155 474,44007,"3644 DRIFTWOOD DR, CLINTON, WA, 98236, UNITED STATES",Active,False,False,False,
176,FTW LLC ,40 DRIFTWOOD SHORES LLC,604 319 772,1224063,"112 E MAPLE ST STE 101, BELLINGHAM, WA, 98225-4399, UNITED STATES",Active,False,False,False,
177,FTW LLC ,4041 SWIFTWATER LLC,604 802 715,1486465,"19115 NE 64TH WAY, REDMOND, WA, 98052-0548, UNITED STATES",Active,False,False,False,
178,FTW LLC ,4611 SWIFTWATER LLC,604 836 782,1515112,"2020 A ST SE STE 101, AUBURN, WA, 98002-6807, UNITED STATES",Active,False,False,False,
179,FTW LLC ,"4S - SILVERSWORD SOFTWARE AND SERVICES, LLC",604 541 190,1512525,"5520 RESEARCH PARK DR STE 100, CATONSVILLE, MD, 21228-4851, UNITED STATES",Active,False,False,False,
180,FTW LLC ,"4TH CORNER SOFTWARE, INC.",603 113 632,9121,"415 N STATE ST APT 407, BELLINGHAM, WA, 98225-5380, UNITED STATES",Active,False,False,False,
181,FTW LLC ,"7 GRAPES SOFTWARE, LLC.",602 901 990,11017,"480 150TH PL NE, BELLEVUE, WA, 98007-5043, UNITED STATES",Active,False,False,False,
182,FTW LLC ,7ACTIONS SOFTWARE DEVELOPMENT LLC,603 336 430,10876,"13902 SW POHL RD, VASHON, WA, 98070-8712, UNITED STATES",Active,False,False,False,
183,FM 2414 SW ANDOVER LLC ,FM 2414 SW ANDOVER LLC,604 752 375,1457267,"1191 2ND AVE STE 2000, SEATTLE, WA, 98101-3404, UNITED STATES",Active,False,False,False,
184,FITZ L L C,"2020 FITZPATRICK FAMILY, L.L.C.",604 650 971,1386591,"465 RAINIER BLVD N, ISSAQUAH, WA, 98027-2826, UNITED STATES",Active,True,False,False,
185,FITZ L L C,2020 FITZPATRICK INVESTMENTS LLC,604 667 066,1403105,"465 RAINIER BLVD N, ISSAQUAH, WA, 98027-2826, UNITED STATES",Active,True,False,False,
186,FITZ L L C,2020 FITZPATRICK PROPERTY LLC,604 674 416,1402585,"465 RAINIER BLVD N, ISSAQUAH, WA, 98027-2826, UNITED STATES",Active,True,False,False,
187,FITZ L L C,"4414 FITZ DR, LLC",604 762 532,1462068,"3225 MCLEOD DR STE 100, LAS VEGAS, NV, 89121-2257, UNITED STATES",Active,False,False,False,
188,FITZ L L C,AC FITZPATRICK PROPERTIES LLC,604 613 274,1360188,"12413 160TH ST E, PUYALLUP, WA, 98374-9256, UNITED STATES",Active,False,False,False,
189,FITZ L L C,"ANDY FITZGERALD CONSULTING, LLC",604 066 186,544399,"603 N 65TH ST, SEATTLE, WA, 98103, UNITED STATES",Active,False,False,False,
190,FITZ L L C,ANNE FITZGERALD LLC,603 468 753,35481,"3022 NW 66TH ST, SEATTLE, WA, 98117-6213, UNITED STATES",Active,False,False,False,
191,FITZ L L C,"ANNETTE T. FITZSIMMONS, P.S.",602 094 723,1096182,"4744 PANTHER LAKE RD W, BREMERTON, WA, 98312-8705, UNITED STATES",Active,False,False,False,
192,FITZ L L C,BENEFITS ZONE LLC,604 598 307,1349880,"105 CENTRAL WAY STE 205, KIRKLAND, WA, 98033-6162, UNITED STATES",Active,False,False,False,
193,FITZ L L C,BEVA FITZGERALD LLC,603 275 056,570257,"SUITE 705, 1055 W. BROADWAY, VANCOUVER, BC, V6H 1E2, CANADA",Active,False,False,False,
194,FITZ L L C,BRITZFITZ LLC,604 933 282,1574017,"2337 48TH AVE, LONGVIEW, WA, 98632-5091, UNITED STATES",Active,False,False,False,
195,FITZ L L C,CHRISTY FITZHUGH LLC,604 153 521,627470,"3820 E DALKE AVE, SPOKANE, WA, 99217, UNITED STATES",Active,False,False,False,
196,FITZ L L C,DANA FITZPATRICK REAL ESTATE LLC,604 530 042,1321397,"10058 NE LAFAYETTE AVE, BAINBRIDGE IS, WA, 98110-1152, UNITED STATES",Active,False,False,False,
197,FITZ L L C,"DEE FITZGERALD INSURANCE AGENCY, INC.",601 797 250,645520,"4273 SE MILE HILL DR, PORT ORCHARD, WA, 98366-3920, UNITED STATES",Active,False,False,False,
198,FITZ L L C,FELDMAN/FITZHUGH 617 LLC,603 250 158,175464,"1210 E CROCKETT ST, SEATTLE, WA, 98102-4138, UNITED STATES",Active,False,False,False,
199,FITZ L L C,FIT ZONE CLEANING LLC,604 184 629,1164531,"PO BOX 257, OLYMPIA, WA, 98507-0257, UNITED STATES",Active,False,False,False,
200,FAUNTLEROY COMMUNITY SERVICE AGENCY,FAUNTLEROY COMMUNITY SERVICE AGENCY,601 139 738,161840,"9131 CALIFORNIA AVE SW, SEATTLE, WA, 98136-2551, UNITED STATES",Active,False,False,False,
201,ERC SANTOS LLC ,ERC SANTOS LLC,603 319 154,191229,"11234 NE 95TH STREET, KIRKLAND, WA, 98033, UNITED STATES",Active,False,False,False,
202,EQR-SPRINGLINE LLC,EQR-SPRINGLINE LLC,604 123 438,190630,"TWO NORTH RIVERSIDE PLAZA, SUITE 400, CHICAGO, IL, 60606, UNITED STATES",Active,False,False,False,
203,DUFFY INVESTMENTS L L C,"DUFFY INVESTMENTS, LLC",602 269 540,672853,"4739 44TH AVE SW, SEATTLE, WA, 98116-4480, UNITED STATES",Active,False,False,False,
204,DUFFY INVESTMENTS L L C,"MCDUFFY INVESTMENTS, LLC",604 152 237,810956,"330 DAYTON ST STE 2, EDMONDS, WA, 98020-3582, UNITED STATES",Active,False,False,False,
205,DNXT LLC,DNXT I LLC,604 688 652,1412799,"17735 NE 65TH ST STE 120, REDMOND, WA, 98052-4924, UNITED STATES",Active,True,False,False,
206,DNXT LLC,DNXT II LLC,604 684 846,1412795,"17735 NE 65TH ST STE 120, REDMOND, WA, 98052-4924, UNITED STATES",Active,True,False,False,
207,DNXT LLC,DNXT III LLC,604 684 845,1412794,"17735 NE 65TH ST STE 120, REDMOND, WA, 98052-4924, UNITED STATES",Active,True,False,False,
208,DNXT LLC,"DNXT MARTINE, LLC",604 832 160,1509361,"17735 NE 65TH ST STE 120, REDMOND, WA, 98052-4924, UNITED STATES",Active,True,False,False,
209,DNXT LLC,"DNXT MERITAGE, LLC",604 834 817,1509359,"17735 NE 65TH ST STE 120, REDMOND, WA, 98052-4924, UNITED STATES",Active,True,False,False,
210,DNXT LLC,"DNXT MT SI, LLC",604 832 161,1509362,"17735 NE 65TH ST STE 120, REDMOND, WA, 98052-4924, UNITED STATES",Active,True,False,False,
211,DNXT LLC,"DNXT, LLC",604 219 279,1181278,"17735 NE 65TH ST STE 120, REDMOND, WA, 98052-4924, UNITED STATES",Active,True,False,False,
212,DEVELOPMENT SERVICES OF AMERICA INC,"DEVELOPMENT SERVICES OF AMERICA, INC.",602 743 337,642727,"16100 N 71ST ST STE 500, SCOTTSDALE, AZ, 85254-2125, UNITED STATES",Active,False,False,False,
213,DEVELOPMENT SERVICES OF AMERICA INC,RESEARCH AND DEVELOPMENT SERVICES OF AMERICA,602 998 551,921796,"260 5TH AVE, NEAH BAY, WA, 98357, UNITED STATES",Active,False,False,False,
214,DESC DELRIDGE SUPPORTIVE HOUSING LP,DESC DELRIDGE SUPPORTIVE HOUSING LIMITED PARTNERSHIP,603 158 073,650169,"5444 DELRIDGE WAY SW, SEATTLE, WA, 98106-1534, UNITED STATES",Active,False,False,False,
215,CROFT PLACE LLC ,CROFT PLACE LLC,604 485 565,1303418,"4408 DELRIDGE WAY SW, SEATTLE, WA, 98106-1347, UNITED STATES",Active,False,False,False,
216,CREF3 DETROIT OWNER LLC ,CREF3 DETROIT OWNER LLC,604 743 852,1452293,"1345 AVENUE OF THE AMERICAS, NEW YORK, NY, 10105, UNITED STATES",Active,False,False,False,
217,CRE 4321 GENESEE LLC ,CRE 4321 GENESEE LLC,604 311 140,1219701,"2930 WESTLAKE AVE N, STE100, SEATTLE, WA, 98109-1968, UNITED STATES",Active,False,False,False,
218,COHANIM 6040 CALI LLC ,COHANIM 6040 CALI LLC,604 338 982,1242419,"5233 UNIVERSITY WAY NE, SEATTLE, WA, 98105-3546, UNITED STATES",Active,False,False,False,
219,CITY OF SEATTLE,CITY OF SEATTLE MANAGEMENT ASSOCIATION,601 797 526,612655,"700 5TH AVE, SEATTLE, WA, 98104-5058, UNITED STATES",Active,False,False,False,
220,CITY OF SEATTLE,CITY UNIVERSITY OF SEATTLE,600 568 524,619204,"521 WALL ST, SEATTLE, WA, 98121-1851, UNITED STATES",Active,False,False,False,
221,CENTERPOINT PROPERTIES TRUST,"CENTERPOINT PROPERTIES TRUST DBA CENTERPOINT PROPERTIES, INC.",603 331 731,1103853,"1808 SWIFT DR, SUITE A, OAK BROOK, IL, 60523-1591, UNITED STATES",Active,False,False,False,
222,CBYW SEATTLE PROPCO LLC,CBYW SEATTLE PROPCO LLC,604 048 183,601850,"4500 DORR ST, TOLEDO, OH, 43615, UNITED STATES",Active,True,False,False,
223,CBYW SEATTLE PROPCO LLC,CBYW WEST SEATTLE PROPCO LLC,604 054 510,600046,"4500 DORR ST, TOLEDO, OH, 43615, UNITED STATES",Active,True,False,False,
224,BURKHEIMER FAMILY L L C,BURKHEIMER FAMILY LIMITED LIABILITY COMPANY,601 758 766,76979,"962 HUNTER RD, ELLENSBURG, WA, 98926-8074, UNITED STATES",Active,False,False,False,
225,BROADSTONE SKY LLC,"BROADSTONE SKY, LLC",603 395 732,602318,"C/O AEW, 2 SEAPORT LANE, 15TH FLOOR, BOSTON, MA, 02210, UNITED STATES",Active,False,False,False,
226,BRIDGES ANNEX LLC ,BRIDGE'S ANNEX LLC,604 301 843,1215791,"3326 160TH AVE SE STE 150, BELLEVUE, WA, 98008-6419, UNITED STATES",Active,False,False,False,
227,BOYER TOWING INC,"BOYER TOWING, INC.",600 418 678,54716,"7318 4TH AVE S, SEATTLE, WA, 98108-4101, UNITED STATES",Active,False,False,False,
228,BLAKE ASSOCIATES LLC,THE BLAKE ASSOCIATES LLC,603 240 027,995263,"17786 DES MOINES MEMORIAL DR, BURIEN, WA, 98148, UNITED STATES",Active,False,False,False,
229,BIG RIG LLC ,"BIG CREEK WATER RIGHT, L.L.C.",603 489 970,575146,"304 W 1ST ST, CLE ELUM, WA, 98922-1002, UNITED STATES",Active,False,False,False,
230,BIG RIG LLC ,BIG RIG LLC,604 494 263,1301295,"3326 160TH AVE SE STE 150, BELLEVUE, WA, 98008-6419, UNITED STATES",Active,False,False,False,
231,BIG RIG LLC ,BIG RIG PEDAL TOURS LLC,603 404 905,67309,"4411 CALIFORNIA AVE SW, SEATTLE, WA, 98116-4108, UNITED STATES",Active,False,False,False,
232,BIG RIG LLC ,BIG RIG TRUCKING LLC,603 208 199,572303,"6706 S BARTHOLOMEW RD, MEDICAL LAKE, WA, 99022-9515, UNITED STATES",Active,False,False,False,
233,BIG RIG LLC ,BIG RIGS INC DBA BIG RIGS INC NW,604 691 499,1428904,"532 TONYA CT SE, OLYMPIA, WA, 98513-6821, UNITED STATES",Active,False,False,False,
234,BIG RIG LLC ,BIG RIGS SERVICE LLC,603 528 184,57057,"3421 60TH PL NE, MARYSVILLE, WA, 98271, UNITED STATES",Active,False,False,False,
235,BIG RIG LLC ,"BIG RIGS TANKER SERVICE, INC.",601 757 718,562414,"14501 MILITARY RD E, PUYALLUP, WA, 98374-2456, UNITED STATES",Active,False,False,False,
236,BIG RIG LLC ,"BIG SKY DEVELOPMENT IRRIGATION COMPANY, LLC",603 518 301,562426,"9825 SANDIFUR PKWY, SUITE B1, PASCO, WA, 99301, UNITED STATES",Active,False,False,False,
237,BIG RIG LLC ,"BIG SKY DEVELOPMENT IRRIGATION POND, LLC",604 212 310,1176012,"5810 MIDLAND LN, UNIT 65, PASCO, WA, 99301-6099, UNITED STATES",Active,False,False,False,
238,BIG RIG LLC ,BIGG WRIGGS LLC,605 169 628,1652504,"2903 N 12TH ST, TACOMA, WA, 98406-6811, UNITED STATES",Active,False,False,False,
239,BIG RIG LLC ,BIGGE CRANE AND RIGGING CO.,409 005 424,57203,"10700 BIGGE ST, SAN LEANDRO, CA, 94577-1032, UNITED STATES",Active,False,False,False,
240,BARTON COURT ASSOCIATES LLC ,BARTON COURT ASSOCIATES LLC,602 064 372,569203,"1938 43RD AVE E, SEATTLE, WA, 98112-3235, UNITED STATES",Active,False,False,False,
241,AVALON WEST PARTNERS LLC,"AVALON WEST PARTNERS, LLC",603 459 868,46198,"19009 PARK COMMONS DR, BEND, OR, 97703-6790, UNITED STATES",Active,False,False,False,
242,ATALANTA 5631 CALIFORNIA AVE LLC,ATALANTA 5631 CALIFORNIA AVE LLC,604 046 346,552690,"115 E 87TH ST APT 6, APARTMENT 6 E, NEW YORK, NY, 10128-1136, UNITED STATES",Active,False,False,False,
243,ASC ADMIRAL WAY LLC,ASC ADMIRAL WAY LLC,603 318 687,41722,"415 118TH AVE SE, BELLEVUE, WA, 98005-3518, UNITED STATES",Active,False,False,False,
244,ASAR LLC,AL-BASAR LLC,604 903 516,1553243,"100 N HOWARD ST STE 4619, SPOKANE, WA, 99201-0508, UNITED STATES",Active,False,False,False,
245,ASAR LLC,ANASARA PRODUCTIONS INCORPORATED,603 461 540,550534,"100 N. HOWARD ST, SUITE 4449, SPOKANE, WA, 99201, UNITED STATES",Active,False,False,False,
246,ASAR LLC,ANNA SARA LLC,604 050 805,551664,"15203 SE NORTHSHORE DRIVE, VANCOUVER, WA, 98683, UNITED STATES",Active,False,False,False,
247,ASAR LLC,ARNASAR PICTURE LLC,604 837 185,1517365,"616 NORTHWEST 89TH STREET AP 616, SEATTLE, WA, 98117, UNITED STATES",Active,False,False,False,
248,ASAR LLC,ASA REAL ESTATE INVESTMENT LLC,603 550 480,41705,"4417 221ST ST SE, BOTHELL, WA, 98021, UNITED STATES",Active,False,False,False,
249,ASAR LLC,ASAR LIMITED LIABILITY COMPANY,602 231 454,41778,"111 SUNSET AVE N STE 200, EDMONDS, WA, 98020-3229, UNITED STATES",Active,False,False,False,
250,ASAR LLC,ASAR RA GREEN LIGHT ESSENCE LLC,604 962 493,1594306,"1712 E FOURTH PLAIN BLVD APT 22, VANCOUVER, WA, 98661-3781, UNITED STATES",Active,False,False,False,
251,ASAR LLC,"ASARA 38521, LLC",603 208 947,31036,"21200 OLHAVA WAY NW, POULSBO, WA, 98370-9457, UNITED STATES",Active,False,False,False,
252,ASAR LLC,ASARA ENTERPRISES INC,603 034 217,553720,"9907 197TH CT NE, REDMOND, WA, 98053-7404, UNITED STATES",Active,True,False,False,
253,ASAR LLC,ASARA VENTURES INC,602 389 646,535146,"9907 197TH CT NE, REDMOND, WA, 98053-7404, UNITED STATES",Active,True,False,False,
254,ASAR LLC,ASARFI LLC,604 642 238,1380037,"21905 41ST AVE SE, BOTHELL, WA, 98021, UNITED STATES",Active,False,False,False,
255,ALKI SHORES L L C,ALKI SHORES CONDOMINIUM ASSOCIATION,601 732 594,539874,"1661 HARBOR AVE SW STE 100, SEATTLE, WA, 98126-2084, UNITED STATES",Active,False,False,False,
256,ALKI SHORES L L C,"ALKI SHORES, LLC",602 279 761,535459,"200 1ST AVE W STE 520, STE 520, SEATTLE, WA, 98119-4298, UNITED STATES",Active,False,False,False,
257,ALKI PLACE APARTMENTS LLC,ALKI PLACE APARTMENTS LLC,602 957 422,29109,"379 101ST AVE SE, BELLEVUE, WA, 98004-6130, UNITED STATES",Active,False,False,False,
258,ALKI 37 LLC,"ALKI 37, LLC",602 351 385,536197,"ALKI PROPERTY MANAGEMTN LLC, 5407 BEACH DR SW, SEATTLE, WA, 98136, UNITED STATES",Active,False,False,False,
259,ALKI 37 LLC,ALKI MIDDLE SCHOOL PTSA 3.7.86,601 431 620,26741,"1800 NW BLISS RD, VANCOUVER, WA, 98685-1823, UNITED STATES",Active,False,False,False,
260,ADMIRAL FARM TO MARKET L L C,"ADMIRAL FARM TO MARKET, L.L.C.",602 162 384,16870,"96 MAIN ST, EASTSOUND, WA, 98245-9100, UNITED STATES",Active,False,False,False,
261,ADMIRAL APARTMENTS L L C,ADMIRAL APARTMENTS 1 LLC,604 403 234,1259531,"1200 WESTLAKE AVE N STE 310, SEATTLE, WA, 98109-3528, UNITED STATES",Active,False,False,False,
262,ADMIRAL APARTMENTS L L C,ADMIRAL APARTMENTS LLC,602 773 926,26674,"379 101ST AVE SE, BELLEVUE, WA, 98004-6130, UNITED STATES",Active,False,False,False,
263,ADMIRAL APARTMENTS L L C,"ADMIRAL CREST APARTMENTS, LLC",602 569 245,15034,"2329 10TH AVE E STE B, SEATTLE, WA, 98102, UNITED STATES",Active,False,False,False,
264,ADMIRAL APARTMENTS L L C,"ADMIRALTY APARTMENTS MANAGEMENT, LLC",604 644 357,1381882,"129 TAYLOR ST, PORT TOWNSEND, WA, 98368, UNITED STATES",Active,True,False,False,
265,ADMIRAL APARTMENTS L L C,"ADMIRALTY APARTMENTS TCLP, LLC",604 766 799,1465949,"3101 BEE CAVES RD STE 325, AUSTIN, TX, 78746-5524, UNITED STATES",Active,True,False,False,
266,ADMIRAL APARTMENTS L L C,"ADMIRALTY APARTMENTS TCSLP, LLC",604 766 797,1465944,"3101 BEE CAVES RD STE 325, AUSTIN, TX, 78746-5524, UNITED STATES",Active,True,False,False,
267,ADMIRAL APARTMENTS L L C,"ADMIRALTY APARTMENTS, LP",604 635 299,1381890,"129 TAYLOR ST, PORT TOWNSEND, WA, 98368, UNITED STATES",Active,True,False,False,
268,ADMIRAL APARTMENTS L L C,PARK ADMIRAL ASSOCIATION OF APARTMENT OWNERS,603 225 273,895139,"5025 CALIFORNIA AVE SW, SEATTLE, WA, 98136-1277, UNITED STATES",Active,False,False,False,
269,7901 DELRIDGE WAY OWNER WA LP ,"7901 DELRIDGE WAY OWNER WA, LP",604 239 525,1192378,"1270 SOLDIERS FIELD RD, BRIGHTON, MA, 02135-1003, UNITED STATES",Active,False,False,False,
270,6312 CALIFORNIA AVENUE LLC ,"6312 CALIFORNIA AVENUE, LLC",604 443 551,1277352,"6043 TAMPA AVE STE 101A, TARZANA, CA, 91356-1194, UNITED STATES",Active,False,False,False,
271,6023 SW STEVENS LLC ,6023 SW STEVENS LLC,604 929 343,1568489,"3720 CARILLON PT, KIRKLAND, WA, 98033-7455, UNITED STATES",Active,False,False,False,
272,4821 FAUNTLEROY LLC,"4821 FAUNTLEROY, LLC",603 234 691,344607,"4821 FAUNLEROY WAY SW, SEATTLE, WA, 98116, UNITED STATES",Active,False,False,False,
273,4801 FAUNTLEROY LLC,"4801 FAUNTLEROY, LLC",603 554 569,344604,"2633 EASTLAKE AVE E STE 307, SEATTLE, WA, 98102-3231, UNITED STATES",Active,False,False,False,
274,4730 CALIFORNIA LLC,"4730 CALIFORNIA II, LLC",603 457 523,61721,"6710 E CAMELBACK RD, SUITE 100, SCOTTSDALE, AZ, 85251-2031, UNITED STATES",Active,True,False,False,
275,4730 CALIFORNIA LLC,"4730 CALIFORNIA, LLC",603 272 348,5382,"6710 E CAMELBACK RD, SUITE 100, SCOTTSDALE, AZ, 85251-2031, UNITED STATES",Active,True,False,False,
276,3601 W MARGINAL WAY SW LIMITED PS,3601 W. MARGINAL WAY S.W. LIMITED PARTNERSHIP,602 547 866,5260,"270 S HANFORD ST STE 100, SEATTLE, WA, 98134, UNITED STATES",Active,False,False,False,
277,3515 SW OCEAN VIEW DRIVE L L C,3515 SW OCEAN VIEW DRIVE LLC,603 071 150,117538,"11441 ARROYO BEACH PLACE SW, SEATTLE, WA, 98146, UNITED STATES",Active,False,False,False,
278,20TH BLUE STONE LLC,20TH BLUE STONE LLC,603 501 900,37021,"9049 20TH AVE SW, SEATTLE, WA, 98106, UNITED STATES",Active,False,False,False,
